tag_id,name,category,count,aliases,is_core,is_attire
9999999,general,9,1589178,"[""general""]",False,False
9999998,sensitive,9,3994361,"[""sensitive""]",False,False
9999997,questionable,9,892496,"[""questionable""]",False,False
9999996,explicit,9,706509,"[""explicit""]",False,False
470575,1girl,0,6162235,"[""1girl"", ""sole_female"", ""1girls""]",False,False
212816,solo,0,5123169,"[""solo"", ""female_solo"", ""solo_female""]",False,False
13197,long_hair,0,4471971,"[""long_hair"", ""/lh"", ""longhair""]",True,False
8601,breasts,0,3534031,"[""breasts"", ""/b"", ""breats"", ""breast"", ""oppai"", ""tits"", ""boobs""]",True,False
469576,looking_at_viewer,0,3417465,"[""looking_at_viewer"", ""pov_eye_contact"", ""/pec"", ""/lav""]",False,False
3389,blush,0,3017838,"[""blush"", ""flushed"", ""flush"", ""blushing""]",False,False
1815,smile,0,2959743,"[""smile"", "":}"", "":)"", ""smiling""]",False,False
11906,open_mouth,0,2446659,"[""open_mouth"", ""mouth_open""]",False,False
15080,short_hair,0,2318066,"[""short_hair"", ""short-hair"", ""shorthair""]",True,False
10959,blue_eyes,0,1808633,"[""blue_eyes"", ""light_blue_eyes"", ""blueeyes""]",True,False
412368,simple_background,0,1885217,"[""simple_background"", ""/simplebg"", ""/sbg""]",False,False
12590,shirt,0,1889701,"[""shirt"", ""shirt_only"", ""shirts""]",False,True
403247,large_breasts,0,1622463,"[""large_breasts"", ""big_breasts"", ""/lb"", ""large_boobs"", ""large_breast"", ""large_tits""]",True,False
429,skirt,0,1598355,"[""skirt""]",False,True
87788,blonde_hair,0,1585003,"[""blonde_hair"", ""gold_hair"", ""/blondeh"", ""blond_hair"", ""yellow_hair"", ""blond"", ""blondehair"", ""blonde""]",True,False
566835,multiple_girls,0,1574004,"[""multiple_girls"", ""/ngirls""]",False,False
16867,brown_hair,0,1538510,"[""brown_hair"", ""chocolate_hair"", ""/brownh"", ""brown-hair"", ""brunette"", ""brownhair""]",True,False
13200,black_hair,0,1551408,"[""black_hair"", ""/blackh"", ""dark_hair"", ""black-hair"", ""blackhair""]",True,False
383159,long_sleeves,0,1623199,"[""long_sleeves"", ""long_sleeve"", ""/lsleeves""]",False,True
380350,hair_ornament,0,1460588,"[""hair_ornament"", ""/hornament"", ""hair_decs"", ""hair_accessories"", ""hair_ornaments"", ""hair_accessory""]",True,True
515193,white_background,0,1552929,"[""white_background"", ""/whitebg"", ""/wbg""]",False,False
540830,1boy,0,1452701,"[""1boy"", ""sole_male"", ""1boys""]",False,False
5735,gloves,0,1393992,"[""gloves"", ""glove""]",False,True
8526,red_eyes,0,1309911,"[""red_eyes"", ""red_eye"", ""redeyes""]",True,False
2241,dress,0,1336759,"[""dress""]",False,True
1882,thighhighs,0,1194599,"[""thighhighs"", ""naked_thighhighs"", ""nude_thighhighs"", ""thighhighs_only"", ""thighighs"", ""stockings"", ""stocking"", ""thigh_highs"", ""/t"", ""thighhigh"", ""thighhigs"", ""thighhgihs""]",False,True
2373,hat,0,1238009,"[""hat""]",True,True
375387,holding,0,1413538,"[""holding"", ""holding_object"", ""hold""]",False,False
4563,bow,0,1209177,"[""bow"", ""bows""]",True,False
9294,navel,0,1181065,"[""navel"", ""bellybutton"", ""belly_button""]",False,False
6126,animal_ears,0,1206851,"[""animal_ears"", ""kemonomimi""]",True,False
464575,ribbon,0,1113274,"[""ribbon"", ""ribbons""]",True,False
658573,hair_between_eyes,0,1202948,"[""hair_between_eyes"", ""bangs_between_eyes""]",True,False
572080,closed_mouth,0,1220449,"[""closed_mouth""]",False,False
1821,2girls,0,1050059,"[""2girls"", ""2_girls"", ""2girl""]",False,False
4607,cleavage,0,1028424,"[""cleavage"", ""overboob"", ""clevage""]",False,True
16613,jewelry,0,1098877,"[""jewelry"", ""jewellery"", ""jewelery""]",False,True
376054,bare_shoulders,0,1000734,"[""bare_shoulders"", ""bare_shoulder"", ""bareshoulders""]",False,True
417660,very_long_hair,0,982174,"[""very_long_hair"", ""hair_past_waist"", ""/vlh""]",True,False
12289,sitting,0,966125,"[""sitting"", ""sitting_down"", ""sit""]",False,False
1709,twintails,0,926128,"[""twintails"", ""/tt"", ""twintaiks"", ""twin_tails"", ""twintail""]",True,False
667868,medium_breasts,0,909422,"[""medium_breasts""]",True,False
16578,brown_eyes,0,863097,"[""brown_eyes"", ""light_brown_eyes"", ""browneyes""]",True,False
15675,standing,0,931400,"[""standing""]",False,False
8889,nipples,0,849206,"[""nipples"", ""nipple""]",False,True
10960,green_eyes,0,871640,"[""green_eyes"", ""green-eyes"", ""greeneyes""]",True,False
464906,underwear,0,808473,"[""underwear"", ""shitagi"", ""undergarments""]",False,True
10953,blue_hair,0,880574,"[""blue_hair"", ""/blueh"", ""bluehair""]",True,False
3843,jacket,0,973090,"[""jacket""]",False,True
16509,school_uniform,0,808690,"[""school_uniform"", ""school_girl"", ""school_uniforms"", ""schoolgirl"", ""seifuku"", ""/s""]",False,True
15654,purple_eyes,0,832771,"[""purple_eyes"", ""light_purple_eyes"", ""violet_eyes"", ""purpleeyes""]",True,False
466499,collarbone,0,809775,"[""collarbone"", ""clavicle"", ""collarbones"", ""clavicles""]",False,False
15674,tail,0,807646,"[""tail"", ""tails"", ""animal_tail"", ""animal_tails"", ""shippo""]",True,False
376766,white_shirt,0,882554,"[""white_shirt"", ""white_blouse""]",False,True
608813,full_body,0,842318,"[""full_body""]",False,False
547463,upper_body,0,799118,"[""upper_body"", ""bust""]",False,False
391,panties,0,659089,"[""panties"", ""panty"", ""/p"", ""pantie"", ""pantsu""]",False,True
465619,closed_eyes,0,730175,"[""closed_eyes"", ""eyes_closed""]",False,False
89189,yellow_eyes,0,714683,"[""yellow_eyes"", ""golden_eyes"", ""hazel_eyes"", ""amber_eyes"", ""hazeleyes"", ""gold_eyes"", ""yelloweyes""]",True,False
444,swimsuit,0,673436,"[""swimsuit"", ""bathing_suit"", ""swimsuits"", ""swim_suit"", ""mizugi""]",False,True
16581,white_hair,0,725458,"[""white_hair"", ""whitehair""]",True,False
11429,pink_hair,0,715785,"[""pink_hair"", ""/pinkh"", ""magenta_hair"", ""pinkhair""]",True,False
1681,monochrome,0,645780,"[""monochrome"", ""monochromatic"", ""monochorme"", ""/m"", ""monochome""]",False,False
16580,grey_hair,0,706358,"[""grey_hair"", ""gray_hair""]",True,False
3522,ahoge,0,668124,"[""ahoge""]",True,False
4334,braid,0,646486,"[""braid"", ""hair_braid"", ""braided_hair"", ""braids""]",True,False
464561,hair_ribbon,0,617778,"[""hair_ribbon"", ""ribbon_hair_ornament"", ""/hribbon"", ""ribbon_in_hair"", ""ribbons_in_hair"", ""hair_ribbons""]",True,True
16442,purple_hair,0,665971,"[""purple_hair"", ""lavender_hair"", ""/purpleh"", ""violet_hair"", ""purple-hair"", ""purplehair""]",True,False
1300281,male_focus,0,738211,"[""male_focus"", ""guys_only"", ""boys_only"", ""male"", ""man"", ""male_only"", ""men""]",False,False
2355,ponytail,0,713752,"[""ponytail"", ""long_ponytail"", ""pony_tail""]",True,False
8101,ass,0,605812,"[""ass"", ""butt_cheeks"", ""rearend"", ""buttocks"", ""butt"", ""oshiri""]",False,False
464559,flower,0,639071,"[""flower"", ""flowers""]",False,False
11449,weapon,0,610247,"[""weapon"", ""weapons""]",False,False
390728,multicolored_hair,0,719259,"[""multicolored_hair"", ""multicolor_hair""]",True,False
472154,short_sleeves,0,640149,"[""short_sleeves"", ""/ssleeves""]",False,True
484168,sidelocks,0,636870,"[""sidelocks"", ""payot"", ""forelocks""]",True,False
63,comic,0,552142,"[""comic"", ""manga"", ""comics""]",False,False
622137,hetero,0,559583,"[""hetero""]",False,False
2750,heart,0,600470,"[""heart"", ""hearts"", ""<3""]",False,False
3870,thighs,0,581683,"[""thighs"", ""thigh""]",False,False
384553,:d,0,565629,"["":d""]",False,False
374844,hair_bow,0,546603,"[""hair_bow"", ""hairbow"", ""hair_bows""]",True,True
2363,pantyhose,0,548011,"[""pantyhose"", ""tights"", ""panty_hose""]",False,True
13879,outdoors,0,554303,"[""outdoors"", ""outside"", ""outdoor""]",False,False
660909,cowboy_shot,0,577599,"[""cowboy_shot""]",False,False
13804,earrings,0,579737,"[""earrings"", ""grey_earrings"", ""black_earrings"", ""white_earrings"", ""yellow_earrings"", ""green_earrings"", ""aqua_earrings"", ""purple_earrings"", ""pink_earrings"", ""brown_earrings"", ""red_earrings"", ""blue_earrings"", ""ear_rings"", ""ear_ring"", ""earring""]",True,True
513837,greyscale,0,513036,"[""greyscale"", ""black_and_white"", ""b&w"", ""grayscale""]",False,False
6539,bikini,0,511379,"[""bikini""]",False,True
4569,sweat,0,538802,"[""sweat"", ""sweating""]",False,False
5403,red_hair,0,536087,"[""red_hair"", ""/redh"", ""redhead"", ""red_head"", ""redhair""]",True,False
2365,nude,0,507071,"[""nude"", ""naked""]",False,True
383282,pleated_skirt,0,512934,"[""pleated_skirt""]",False,True
465265,small_breasts,0,506758,"[""small_breasts""]",True,False
194013,frills,0,512464,"[""frills"", ""frilled"", ""ruffles"", ""frill"", ""frilly""]",False,True
2376,hairband,0,487002,"[""hairband"", ""hair_band""]",True,True
664375,parted_lips,0,509302,"[""parted_lips""]",False,False
4352,censored,0,468074,"[""censored"", ""censoring"", ""censor""]",False,False
5827,boots,0,467717,"[""boots"", ""naked_boots"", ""boot""]",False,True
375669,open_clothes,0,510919,"[""open_clothes"", ""open_clothing""]",False,True
301022,lying,0,457990,"[""lying"", ""lying_down"", ""laying_down"", ""laying""]",False,False
2785,horns,0,476749,"[""horns""]",True,False
6054,teeth,0,512516,"[""teeth"", ""bared_teeth""]",False,False
568656,multiple_boys,0,480587,"[""multiple_boys"", ""/nboys""]",False,False
2866,wings,0,446840,"[""wings"", ""wing""]",True,False
1575,food,0,455614,"[""food""]",False,False
384774,necktie,0,458516,"[""necktie"", ""neck_tie"", ""tie""]",False,True
461042,one_eye_closed,0,444140,"[""one_eye_closed"", ""wink""]",False,False
387884,detached_sleeves,0,436671,"[""detached_sleeves"", ""detached_sleeve"", ""naked_sleeves"", ""/dsleeves"", ""armsleeves""]",False,True
406,sky,0,446696,"[""sky"", ""sky_background""]",False,False
4190,penis,0,420171,"[""penis"", ""cocks"", ""dick"", ""dicks"", ""cock""]",False,False
3985,shorts,0,456816,"[""shorts"", ""short_pants""]",False,True
8388,green_hair,0,428998,"[""green_hair"", ""/greenh"", ""greenhair""]",True,False
1707,japanese_clothes,0,407083,"[""japanese_clothes"", ""traditional_japanese_clothes"", ""japanese_clothing"", ""wafuku""]",False,True
8672,shoes,0,427349,"[""shoes"", ""shoe""]",False,True
400314,sleeveless,0,440737,"[""sleeveless"", ""no_sleeves""]",False,True
474820,black_gloves,0,452960,"[""black_gloves"", ""black_glove""]",False,True
431446,alternate_costume,0,444666,"[""alternate_costume"", ""alternate_outfit"", ""/acos"", ""alternative_costume""]",False,False
478849,collared_shirt,0,468726,"[""collared_shirt"", ""collared_blouse""]",False,True
4025,choker,0,418494,"[""choker""]",False,True
11826,barefoot,0,379374,"[""barefoot"", ""barefeet"", ""bare_foot"", ""bare_feet""]",False,True
4378,pussy,0,373810,"[""pussy"", ""vulva"", ""vagina"", ""manko""]",False,False
1731,socks,0,399382,"[""socks"", ""naked_socks"", ""leghighs"", ""sock""]",False,True
6532,glasses,0,375926,"[""glasses"", ""meganeko"", ""megane"", ""meganekko""]",True,True
10863,tongue,0,390335,"[""tongue"", ""tongues""]",False,False
15522,pointy_ears,0,400472,"[""pointy_ears"", ""elven_ears"", ""elf_ears"", ""pointy_ear"", ""pointed_ears"", ""long_ears"", ""pointy-ears""]",True,False
931006,solo_focus,0,366211,"[""solo_focus""]",False,False
10926,pants,0,438921,"[""pants"", ""slacks"", ""long_pants"", ""trousers""]",False,True
435324,day,0,348549,"[""day""]",False,False
1407561,virtual_youtuber,0,411064,"[""virtual_youtuber"", ""vtuber""]",False,False
268819,serafuku,0,320415,"[""serafuku"", ""sailor_fuku"", ""/se""]",False,True
375171,indoors,0,374103,"[""indoors""]",False,False
581144,puffy_sleeves,0,360276,"[""puffy_sleeves"", ""/psleeves"", ""puffy_shoulders""]",False,True
657955,artist_name,0,391008,"[""artist_name""]",False,False
2646,hairclip,0,345231,"[""hairclip"", ""barrette"", ""hair_clips"", ""hair_clip"", ""hairclips""]",True,True
426781,medium_hair,0,395424,"[""medium_hair"", ""shoulder-length_hair""]",True,False
9864,belt,0,356513,"[""belt"", ""belts""]",False,True
1793,fang,0,330986,"[""fang""]",True,False
455880,black_thighhighs,0,365144,"[""black_thighhighs""]",False,True
539367,hand_up,0,364043,"[""hand_up"", ""raised_hand"", ""hand_raised"", ""one_hand_raised""]",False,False
10228,elbow_gloves,0,311666,"[""elbow_gloves"", ""opera_gloves"", ""long_gloves"", ""/eg""]",False,True
9843,midriff,0,306813,"[""midriff""]",False,True
410129,looking_back,0,286686,"[""looking_back"", ""looking_over_shoulder"", ""turning""]",False,False
464549,cloud,0,297982,"[""cloud"", ""clouds""]",False,False
474821,white_gloves,0,307723,"[""white_gloves"", ""white_glove""]",False,True
411263,signature,0,308449,"[""signature"", ""artist_signature"", ""signed"", ""autograph""]",False,False
11628,bowtie,0,313943,"[""bowtie"", ""neck_bow"", ""bow_tie""]",False,True
5948,hood,0,307588,"[""hood""]",False,True
401228,sword,0,281462,"[""sword"", ""swords""]",False,False
374628,black_skirt,0,309035,"[""black_skirt""]",False,True
71730,dark_skin,0,294848,"[""dark_skin"", ""dark_skinned_female"", ""dark_skin_female"", ""brown_skin"", ""darkskin""]",True,False
449194,2boys,0,313187,"[""2boys"", ""2boy""]",False,False
72,cat_ears,0,289516,"[""cat_ears"", ""catears"", ""/cat"", ""nekomimi""]",True,False
537684,blunt_bangs,0,301369,"[""blunt_bangs""]",True,False
400123,hair_flower,0,288226,"[""hair_flower"", ""flower_hair_ornament"", ""/hflower"", ""hair_flowers"", ""flower_in_hair"", ""hairflower""]",True,False
1515536,official_alternate_costume,0,343912,"[""official_alternate_costume"", ""official_alternate_outfit"", ""alternate_costume_(official)""]",False,False
502710,tongue_out,0,287793,"[""tongue_out""]",False,True
2357,sex,0,274607,"[""sex"", ""fuck"", ""fucking""]",False,False
16252,spread_legs,0,258919,"[""spread_legs"", ""spread_leg"", ""open_legs"", ""legs_spread""]",False,False
16750,pink_eyes,0,288749,"[""pink_eyes""]",True,False
389378,sailor_collar,0,283873,"[""sailor_collar""]",False,False
394970,wide_sleeves,0,263477,"[""wide_sleeves"", ""/wsleeves""]",False,True
9168,miniskirt,0,271024,"[""miniskirt"", ""short_skirt"", ""mini_skirt""]",False,True
467104,stomach,0,276662,"[""stomach""]",False,False
375020,fingerless_gloves,0,268441,"[""fingerless_gloves"", ""fingerless_glove""]",False,True
1842,cum,0,253443,"[""cum"", ""sperm"", ""semen"", ""cumshot""]",False,False
401481,on_back,0,259476,"[""on_back"", ""lying_on_back"", ""supine""]",False,False
6010,tears,0,239685,"[""tears"", ""tear""]",False,False
659098,black_footwear,0,299412,"[""black_footwear"", ""black_shoes"", ""black_boots""]",False,True
632214,grey_background,0,274654,"[""grey_background"", ""/graybg"", ""/greybg"", ""gray_background""]",False,False
399836,3girls,0,249537,"[""3girls"", ""3girl""]",False,False
5576,armpits,0,248465,"[""armpits"", ""showing_armpits"", ""armpit""]",False,True
1254363,twitter_username,0,278876,"[""twitter_username"", ""artist_twitter""]",False,False
445,kimono,0,249332,"[""kimono""]",False,True
14620,white_dress,0,278020,"[""white_dress""]",False,True
670071,holding_weapon,0,272749,"[""holding_weapon""]",False,True
375229,off_shoulder,0,247872,"[""off_shoulder"", ""off_shoulders"", ""off-shoulder""]",False,True
4068,necklace,0,255235,"[""necklace""]",False,True
491647,striped_clothes,0,241731,"[""striped_clothes"", ""striped_clothing""]",False,True
454933,hair_bun,0,253509,"[""hair_bun""]",True,False
102962,nail_polish,0,246623,"[""nail_polish"", ""colored_nails"", ""painted_nails"", ""nailpolish"", ""nail_varnish""]",False,True
234192,from_behind,0,238688,"[""from_behind"", ""viewed_from_behind""]",False,False
656624,star_(symbol),0,246322,"[""star_(symbol)""]",False,False
4019,mole,0,262124,"[""mole"", ""beauty_mark""]",True,False
641577,looking_at_another,0,276623,"[""looking_at_another""]",False,False
1573,water,0,226660,"[""water""]",False,False
399541,hair_over_one_eye,0,253734,"[""hair_over_one_eye"", ""eye_covering_bang"", ""hair_over_eye"", ""/hooe""]",True,False
4333,bag,0,232687,"[""bag"", ""bags""]",False,True
465583,rabbit_ears,0,235311,"[""rabbit_ears"", ""bunny_ears"", ""rabbit_ear"", ""bunny_ear"", ""/bun"", ""usamimi"", ""usagimimi""]",True,False
1747,chibi,0,250436,"[""chibi"", ""super_deformed""]",False,False
87676,orange_hair,0,245895,"[""orange_hair""]",True,False
6107,blurry,0,234436,"[""blurry"", ""blurred""]",False,False
384884,grin,0,240952,"[""grin"", ""grinning""]",False,False
125238,sweatdrop,0,234889,"[""sweatdrop"", ""sweat_drops"", ""sweatdrops"", ""sweat_drop""]",False,False
473983,clothes_lift,0,212711,"[""clothes_lift""]",False,True
39127,black_dress,0,243973,"[""black_dress""]",False,True
3198,scarf,0,216936,"[""scarf"", ""muffler""]",False,True
6346,cape,0,220525,"[""cape""]",False,True
375002,white_thighhighs,0,227612,"[""white_thighhighs""]",False,True
13199,black_eyes,0,237958,"[""black_eyes"", ""dark_eyes""]",True,False
413564,two-tone_hair,0,250175,"[""two-tone_hair"", ""two-tone-hair"", ""/tth"", ""two_tone_hair""]",True,False
590165,english_text,0,248793,"[""english_text"", ""english""]",False,False
440465,speech_bubble,0,281795,"[""speech_bubble"", ""word_bubble"", ""speech_balloon"", ""text_bubble""]",False,False
719985,streaked_hair,0,255885,"[""streaked_hair"", ""highlights""]",True,False
3796,bra,0,206889,"[""bra""]",False,True
261,yuri,0,225791,"[""yuri"", ""girl_love"", ""girls_love"", ""girl's_love"", ""shoujo-ai"", ""lesbian""]",False,False
4659,armor,0,216454,"[""armor"", ""armour""]",False,True
393959,huge_breasts,0,217200,"[""huge_breasts"", ""huge_breast"", ""/hb"", ""huge_boobs"", ""huge_tits""]",True,False
6176,vest,0,221549,"[""vest""]",False,True
379615,open_jacket,0,250146,"[""open_jacket"", ""open_track_jacket"", ""open_blazer""]",False,True
4010,halo,0,279896,"[""halo""]",True,False
511141,from_side,0,229205,"[""from_side"", ""viewed_from_side"", ""side_view"", ""side""]",False,False
273,apron,0,213709,"[""apron""]",False,True
682673,mosaic_censoring,0,205500,"[""mosaic_censoring"", ""pixel_censor"", ""mosaic_censor"", ""rough_censoring""]",False,False
2060,feet,0,206476,"[""feet"", ""foot""]",False,False
470807,red_bow,0,217687,"[""red_bow""]",True,True
475187,arm_up,0,215432,"[""arm_up"", ""one_arm_up"", ""arm_raised"", ""raised_arm""]",False,False
374791,white_panties,0,190755,"[""white_panties""]",False,True
6295,leotard,0,214144,"[""leotard""]",False,True
510962,character_name,0,209785,"[""character_name""]",False,False
5569,coat,0,236006,"[""coat""]",False,True
547860,black_jacket,0,244054,"[""black_jacket"", ""black_blazer""]",False,True
10484,vaginal,0,201132,"[""vaginal"", ""vaginal_sex"", ""vaginal_penetration""]",False,False
9882,high_heels,0,205490,"[""high_heels"", ""highheels"", ""heels""]",False,True
14599,:o,0,191859,"["":o"", "":0""]",False,False
4052,collar,0,195652,"[""collar""]",False,True
399827,arms_up,0,193048,"[""arms_up"", ""hands_above_head"", ""arms_above_head"", ""arms_raised"", ""raised_arms"", ""arms_above""]",False,False
3477,sweater,0,207412,"[""sweater"", ""sweatshirt""]",False,True
11904,bracelet,0,197660,"[""bracelet"", ""wristlet"", ""bracelets""]",False,True
490655,blue_sky,0,201147,"[""blue_sky""]",False,False
378032,flat_chest,0,179718,"[""flat_chest"", ""titty_buds"", ""flat_chested"", ""flatchest"", ""tsurupeta"", ""pettanko""]",False,False
52138,twin_braids,0,184316,"[""twin_braids"", ""double_braid"", ""twin_braid"", ""twinbraid"", ""twinbraids""]",True,False
560958,dated,0,192960,"[""dated""]",False,False
4152,uniform,0,28679,"[""uniform"", ""uniforms""]",False,False
381629,side_ponytail,0,181414,"[""side_ponytail"", ""side_tail"", ""sidetail""]",True,False
1486996,animal_ear_fluff,0,204772,"[""animal_ear_fluff""]",True,False
390401,red_ribbon,0,186953,"[""red_ribbon""]",True,True
395321,crop_top,0,200587,"[""crop_top""]",False,True
464553,cup,0,187357,"[""cup"", ""drinking_cup"", ""cups""]",False,False
89368,aqua_eyes,0,181834,"[""aqua_eyes"", ""cyan_eyes"", ""teal_eyes"", ""turquoise_eyes""]",True,False
633894,dark-skinned_female,0,183422,"[""dark-skinned_female"", ""dark_skinned_female""]",True,False
524961,black_shirt,0,221390,"[""black_shirt"", ""black_blouse""]",False,True
515329,covered_nipples,0,162588,"[""covered_nipples"", ""erect_nipples_under_clothes"", ""covered_erect_nipples"", ""erect_nipples"", ""erect_nipple"", ""perky_nipples"", ""erect_nipplees"", ""errect_nipples""]",False,False
684639,puffy_short_sleeves,0,181366,"[""puffy_short_sleeves"", ""short_puffy_sleeves""]",False,True
551772,parted_bangs,0,202416,"[""parted_bangs""]",True,False
822149,completely_nude,0,190429,"[""completely_nude"", ""completely_naked""]",False,True
428173,blue_skirt,0,180700,"[""blue_skirt""]",False,True
652604,two_side_up,0,179057,"[""two_side_up"", ""two_sides_up""]",True,False
427008,fingernails,0,184848,"[""fingernails"", ""finger_nails"", ""fingernail""]",False,True
457408,black_pantyhose,0,207214,"[""black_pantyhose""]",False,True
464586,tree,0,172200,"[""tree"", ""trees""]",False,False
481846,hands_up,0,186945,"[""hands_up"", ""hands_raised""]",False,False
579466,looking_to_the_side,0,185325,"[""looking_to_the_side"", ""looking_aside"", ""looking_to_side""]",False,False
1445905,v-shaped_eyebrows,0,182512,"[""v-shaped_eyebrows""]",True,False
89228,grey_eyes,0,188925,"[""grey_eyes"", ""silver_eyes"", ""gray_eyes""]",True,False
95405,orange_eyes,0,177875,"[""orange_eyes""]",True,False
4311,legs,0,154543,"[""legs"", ""leg""]",False,False
438623,neckerchief,0,179075,"[""neckerchief""]",False,True
479939,sleeves_past_wrists,0,167448,"[""sleeves_past_wrists"", ""sleeves_past_wrist""]",False,True
1931,sketch,0,154253,"[""sketch"", ""rough"", ""rough_sketch"", ""/sk""]",False,False
389404,cat_tail,0,160874,"[""cat_tail"", ""cat_tails""]",True,False
754325,groin,0,150196,"[""groin"", ""adonis_belt"", ""hip_lines"", ""mound_of_venus""]",False,False
537200,symbol-shaped_pupils,0,169734,"[""symbol-shaped_pupils"", ""symbol_shaped_pupils""]",True,False
416202,eyelashes,0,177539,"[""eyelashes"", ""eye_lashes""]",True,False
4867,wet,0,150898,"[""wet"", ""wet_skin"", ""wet_body"", ""soaked""]",False,False
539584,fur_trim,0,166379,"[""fur_trim"", ""fur_lining""]",False,True
451371,see-through,0,0,"[""see-through"", ""see_through""]",False,True
5501,lips,0,141439,"[""lips""]",True,False
412078,wrist_cuffs,0,155474,"[""wrist_cuffs"", ""detached_cuffs"", ""wristcuff"", ""wristcuffs"", ""wrist_cuff""]",False,True
709722,hand_on_own_hip,0,158552,"[""hand_on_own_hip"", ""hand_on_hip"", ""hand_on_waist""]",False,False
128,loli,0,151931,"[""loli"", ""lolicon"", ""rori""]",False,False
464572,pillow,0,147741,"[""pillow"", ""pink_pillow"", ""green_pillow"", ""white_pillow"", ""purple_pillow"", ""orange_pillow"", ""black_pillow"", ""yellow_pillow"", ""blue_pillow"", ""grey_pillow"", ""red_pillow"", ""pillows""]",False,False
431755,head_tilt,0,141552,"[""head_tilt""]",False,False
589,gun,0,147713,"[""gun"", ""firearm"", ""guns""]",False,False
59,maid,0,151369,"[""maid"", ""maid_dress"", ""maid_outfit"", ""maid_costume"", ""maids"", ""maid_uniform""]",False,True
382397,strapless,0,161075,"[""strapless""]",False,False
10644,zettai_ryouiki,0,136834,"[""zettai_ryouiki"", ""absolute_territory"", ""zettai_ryouki"", ""/zr""]",False,True
1594634,clothing_cutout,0,161900,"[""clothing_cutout""]",False,True
1390441,black_headwear,0,49005,"[""black_headwear"", ""black_hat""]",True,True
465277,plaid,0,11282,"[""plaid"", ""tartan""]",False,True
492223,bar_censor,0,155573,"[""bar_censor"", ""censor_bar"", ""censor_bars""]",False,False
10923,torn_clothes,0,148067,"[""torn_clothes"", ""ripped_clothing"", ""torn_clothing"", ""ripped_clothes"", ""tornclothes""]",False,True
1277433,mole_under_eye,0,163341,"[""mole_under_eye""]",True,True
2335,fox_ears,0,151967,"[""fox_ears"", ""/fox"", ""kitsunemimi""]",True,False
28200,toes,0,157627,"[""toes""]",False,False
513475,multiple_views,0,171240,"[""multiple_views""]",False,False
494251,one-piece_swimsuit,0,138413,"[""one-piece_swimsuit"", ""one_piece_swimsuit"", ""one-piece""]",False,True
464535,book,0,142234,"[""book"", ""books""]",False,False
379475,sash,0,144351,"[""sash""]",False,True
463173,maid_headdress,0,148068,"[""maid_headdress"", ""maid_cachusha"", ""maid_headband""]",True,True
407186,sleeveless_shirt,0,155689,"[""sleeveless_shirt"", ""sleeveless_blouse""]",False,True
394174,short_shorts,0,144406,"[""short_shorts"", ""minishorts"", ""booty_shorts"", ""hot_pants"", ""hotpants""]",False,True
475418,bare_arms,0,141787,"[""bare_arms""]",False,True
568880,sleeveless_dress,0,155467,"[""sleeveless_dress""]",False,True
1393877,feet_out_of_frame,0,156027,"[""feet_out_of_frame""]",False,False
12552,pubic_hair,0,139584,"[""pubic_hair"", ""hairy_pussy"", ""pubes"", ""pubichair""]",False,False
531371,gradient_background,0,144047,"[""gradient_background"", ""/gradientbg"", ""/gbg""]",False,False
449676,ascot,0,144497,"[""ascot"", ""jabot"", ""cravat""]",False,True
494744,shiny_skin,0,127667,"[""shiny_skin"", ""glistening_skin""]",True,False
2687,v,0,157059,"[""v"", ""v_sign"", ""peace_sign""]",False,False
1128907,pokemon_(creature),0,152194,"[""pokemon_(creature)""]",False,False
16718,black_panties,0,138106,"[""black_panties""]",False,True
358,cosplay,0,139978,"[""cosplay""]",False,True
464579,sparkle,0,154933,"[""sparkle"", ""sparkling"", ""sparkles""]",False,False
542846,no_humans,0,152333,"[""no_humans"", ""no_human""]",False,False
529256,fake_animal_ears,0,153298,"[""fake_animal_ears""]",True,False
465719,muscular,0,145624,"[""muscular"", ""muscle"", ""muscles""]",False,False
13132,petals,0,132549,"[""petals"", ""flower_petals"", ""petal""]",False,False
3314,kneehighs,0,130365,"[""kneehighs"", ""kneehigh_socks"", ""knee_socks"", ""kneesocks"", ""knee_highs""]",False,True
469714,bare_legs,0,138761,"[""bare_legs""]",False,True
2813,window,0,135636,"[""window""]",False,False
5032,uncensored,0,138469,"[""uncensored"", ""uncensoring"", ""descensored""]",False,False
443395,thigh_strap,0,147211,"[""thigh_strap"", ""thighband"", ""thigh_band"", ""thigh_straps""]",False,True
1247160,black_bow,0,143154,"[""black_bow""]",True,True
389813,single_braid,0,133322,"[""single_braid""]",True,False
1269639,covered_navel,0,137159,"[""covered_navel"", ""clothed_navel""]",False,False
202817,hoodie,0,136771,"[""hoodie""]",False,True
467863,neck_ribbon,0,143644,"[""neck_ribbon""]",True,True
474500,black_ribbon,0,137143,"[""black_ribbon""]",True,True
600177,detached_collar,0,134958,"[""detached_collar""]",False,False
391128,gradient_hair,0,142281,"[""gradient_hair""]",True,False
1875867,upper_teeth_only,0,160265,"[""upper_teeth_only"", ""upper_teeth""]",False,False
464584,tattoo,0,140126,"[""tattoo"", ""tatoo"", ""tattoos""]",False,False
375372,dutch_angle,0,121577,"[""dutch_angle""]",False,False
1382794,black_choker,0,160412,"[""black_choker""]",False,True
8641,dress_shirt,0,128891,"[""dress_shirt""]",False,True
395400,buttons,0,145570,"[""buttons"", ""button""]",False,True
468554,double_bun,0,130289,"[""double_bun"", ""double_hair_bun"", ""odango"", ""twin_buns"", ""twin_bun"", ""hair_buns"", ""double_buns"", ""buns""]",True,False
553142,blurry_background,0,135268,"[""blurry_background""]",False,False
7577,open_shirt,0,119128,"[""open_shirt"", ""open_blouse"", ""/os"", ""shirt_open"", ""openshirt""]",False,True
1736,profile,0,132788,"[""profile"", ""in_profile""]",False,False
6028,sideboob,0,120656,"[""sideboob"", ""sideboobs"", ""side_boobs"", ""side_boob""]",False,True
10447,kneeling,0,121131,"[""kneeling"", ""on_knees""]",False,False
9312,makeup,0,130676,"[""makeup"", ""make-up"", ""make_up""]",False,False
2508,blood,0,132169,"[""blood""]",False,False
6536,bell,0,122960,"[""bell"", ""bells""]",False,False
7820,military,0,102352,"[""military""]",False,False
5126,hug,0,124021,"[""hug"", ""embrace"", ""hugging""]",False,False
7926,saliva,0,116565,"[""saliva"", ""spit"", ""drool""]",False,False
565513,floating_hair,0,131597,"[""floating_hair"", ""hair_blowing"", ""space_hair""]",True,False
94007,aqua_hair,0,123516,"[""aqua_hair"", ""cyan_hair"", ""teal_hair"", ""turquoise_hair""]",True,False
1797,mask,0,129162,"[""mask"", ""masks""]",False,True
4108,pov,0,127984,"[""pov"", ""male_pov""]",False,False
1094664,colored_skin,0,137548,"[""colored_skin""]",True,False
444539,skindentation,0,117574,"[""skindentation""]",False,False
457597,swept_bangs,0,123302,"[""swept_bangs""]",True,False
2217,anus,0,119176,"[""anus"", ""butt_hole"", ""butthole"", ""ass_hole"", ""asshole""]",False,False
411323,capelet,0,122716,"[""capelet"", ""shoulder_cape"", ""mantle""]",False,True
9344,bodysuit,0,125291,"[""bodysuit"", ""body_suit""]",False,True
427348,leaning_forward,0,119045,"[""leaning_forward""]",False,False
458933,facial_hair,0,127747,"[""facial_hair""]",True,False
412555,4girls,0,113603,"[""4girls"", ""4girl""]",False,False
377140,blue_dress,0,124283,"[""blue_dress"", ""dark_blue_dress""]",False,True
3472,night,0,120524,"[""night""]",False,False
13176,shadow,0,122416,"[""shadow"", ""shadows""]",False,False
514890,black_pants,0,149082,"[""black_pants""]",False,True
13853,pussy_juice,0,111342,"[""pussy_juice"", ""wet_pussy"", ""vaginal_juices"", ""pussy_juice_drip"", ""pussyjuice""]",False,False
2585,bed,0,109218,"[""bed""]",False,False
675314,copyright_name,0,121648,"[""copyright_name"", ""copyright_title"", ""copyright_abbreviation"", ""title_name"", ""title_drop""]",False,False
390035,no_bra,0,103814,"[""no_bra""]",False,True
374620,black_bikini,0,116740,"[""black_bikini"", ""black_bikini_top"", ""black_bikini_bottom""]",False,True
5565,:3,0,121027,"["":3""]",False,False
3918,4koma,0,100966,"[""4koma"", ""4coma"", ""yonkoma""]",False,False
3449,heterochromia,0,118427,"[""heterochromia"", ""odd_eye""]",True,False
460262,depth_of_field,0,105308,"[""depth_of_field"", ""focus_blur"", ""/dof""]",False,False
420531,nose_blush,0,108598,"[""nose_blush""]",False,False
1345229,white_headwear,0,38268,"[""white_headwear"", ""white_hat""]",True,True
503552,red_skirt,0,114671,"[""red_skirt""]",False,True
442167,alternate_hairstyle,0,110763,"[""alternate_hairstyle"", ""alternative_hair_style"", ""alternate_hair_style"", ""/ahs"", ""alternative_hairstyle""]",False,False
546609,blue_bow,0,119993,"[""blue_bow""]",True,True
4009,turtleneck,0,122335,"[""turtleneck"", ""turtle_neck""]",False,True
5832,fruit,0,111487,"[""fruit"", ""fruits""]",False,False
51528,fox_tail,0,107665,"[""fox_tail""]",True,False
402217,^_^,0,113774,"[""^_^"", ""^^""]",False,False
580545,blue_background,0,125864,"[""blue_background"", ""/bluebg""]",False,False
511136,border,0,143373,"[""border"", ""windowboxed"", ""bordered"", ""windowbox""]",False,False
626,underboob,0,101884,"[""underboob"", ""underbreast"", ""under_boob""]",False,True
8714,watermark,0,129155,"[""watermark"", ""watermarked""]",False,False
10422,witch_hat,0,103439,"[""witch_hat"", ""witchhat"", ""witches_hat""]",True,True
465950,cum_in_pussy,0,104749,"[""cum_in_pussy"", ""nakadashi"", ""cum_inside""]",False,False
377844,siblings,0,112149,"[""siblings""]",False,False
436054,highleg,0,117914,"[""highleg""]",False,True
479563,low_twintails,0,116091,"[""low_twintails""]",True,False
387214,military_uniform,0,97735,"[""military_uniform""]",False,True
419938,expressionless,0,124049,"[""expressionless"", ""unexpressive"", ""neutral_expression"", ""emotionless""]",False,False
374938,frown,0,111538,"[""frown"", "":{"", ""frowning"", "":(""]",False,False
464534,bird,0,108890,"[""bird"", ""birds""]",False,False
1595,no_panties,0,97259,"[""no_panties"", ""nopan""]",False,True
490999,on_bed,0,114585,"[""on_bed""]",False,False
460802,rose,0,108452,"[""rose"", ""roses""]",False,False
653206,one_side_up,0,108020,"[""one_side_up""]",True,False
4075,cameltoe,0,99531,"[""cameltoe"", ""camel_toe""]",False,False
381555,headband,0,101940,"[""headband"", ""head_band""]",True,True
4320,glowing,0,104442,"[""glowing"", ""glow""]",False,False
612641,black_shorts,0,126960,"[""black_shorts""]",False,True
3988,scar,0,114297,"[""scar"", ""scars""]",False,False
391680,horse_ears,0,123504,"[""horse_ears""]",True,False
4528,bottomless,0,97737,"[""bottomless"", ""bottom_less""]",False,True
258190,beret,0,106350,"[""beret""]",True,True
11325,ocean,0,102933,"[""ocean"", ""sea""]",False,False
1231230,side-tie_bikini_bottom,0,97217,"[""side-tie_bikini_bottom"", ""side-tie_bikini"", ""side_tie_bikini""]",False,True
478565,bed_sheet,0,97658,"[""bed_sheet"", ""sheets"", ""bedsheets"", ""bedsheet"", ""bed_sheets"", ""sheet""]",False,False
375476,soles,0,107457,"[""soles"", ""sole""]",False,False
10701,animal,0,106540,"[""animal"", ""animals""]",False,False
1303252,brown_footwear,0,114120,"[""brown_footwear"", ""brown_shoes"", ""brown_boots""]",False,True
464808,holding_hands,0,104911,"[""holding_hands"", ""holding_another's_hand"", ""handholding"", ""hand_holding""]",False,False
421663,wavy_hair,0,107273,"[""wavy_hair""]",True,False
446950,fangs,0,108188,"[""fangs""]",True,False
546821,halterneck,0,104029,"[""halterneck"", ""halter_top"", ""haltertop"", ""halter""]",False,True
419309,thick_thighs,0,104837,"[""thick_thighs"", ""fat_thighs"", ""big_thighs"", ""thunder_thighs"", ""thighthick""]",False,False
4244,leaf,0,107985,"[""leaf"", ""leaves""]",False,False
464546,chain,0,106167,"[""chain"", ""chains""]",False,False
709734,playboy_bunny,0,106418,"[""playboy_bunny"", ""playboy_bunny_leotard"", ""bunnysuit"", ""bunny_suit"", ""bunnygirl""]",False,True
2279,headphones,0,100938,"[""headphones"", ""headphone""]",True,False
4831,piercing,0,112839,"[""piercing"", ""pierced"", ""piercings""]",False,True
394222,arm_support,0,96218,"[""arm_support""]",False,False
444002,from_above,0,101524,"[""from_above"", ""viewed_from_above"", ""aerial_view"", ""view_from_above""]",False,False
144876,embarrassed,0,100168,"[""embarrassed"", ""embarrassment"", ""embarrassing"", ""embarrased"", ""embarassed""]",False,False
580232,white_jacket,0,118887,"[""white_jacket""]",False,True
698161,holding_sword,0,112899,"[""holding_sword"", ""holding_rapier"", ""holding_katana""]",False,True
463397,white_socks,0,122517,"[""white_socks"", ""white_kneehighs""]",False,True
534835,hair_intakes,0,123040,"[""hair_intakes"", ""hair_vents""]",True,False
377124,back,0,94200,"[""back""]",False,False
499624,blush_stickers,0,106139,"[""blush_stickers"", ""blush_sticker""]",False,False
375404,chinese_clothes,0,110647,"[""chinese_clothes""]",False,True
426936,white_bikini,0,97361,"[""white_bikini"", ""white_bikini_top"", ""white_bikini_bottom""]",False,False
1328533,ass_visible_through_thighs,0,92452,"[""ass_visible_through_thighs"", ""gluteal_fold"", ""butt_fangs"", ""ass_fangs""]",False,False
3234,erection,0,100023,"[""erection"", ""erect_penis""]",False,False
2993,phone,0,102183,"[""phone"", ""telephone""]",False,False
463179,no_shoes,0,95432,"[""no_shoes""]",False,True
481508,facial_mark,0,101948,"[""facial_mark"", ""facial_marks"", ""facial_markings"", ""facial_marking""]",True,False
2904,chair,0,93771,"[""chair"", ""chairs""]",False,False
450107,thick_eyebrows,0,103985,"[""thick_eyebrows""]",True,False
418899,plaid_skirt,0,95430,"[""plaid_skirt"", ""tartan_skirt""]",False,True
387991,abs,0,97930,"[""abs"", ""six_pack""]",False,False
1915,umbrella,0,91196,"[""umbrella""]",False,False
415974,looking_down,0,99180,"[""looking_down""]",False,False
2091,bandages,0,96445,"[""bandages"", ""bandage""]",False,False
2799,beach,0,94052,"[""beach""]",False,False
395448,thigh_boots,0,91724,"[""thigh_boots"", ""thighhigh_boots"", ""thighboots""]",False,True
1288957,white_footwear,0,106049,"[""white_footwear"", ""white_shoes"", ""white_boots""]",False,True
820510,horse_girl,0,121223,"[""horse_girl"", ""pony_girl""]",True,False
688777,half-closed_eyes,0,97678,"[""half-closed_eyes"", ""eyes_half_closed""]",False,False
442865,headgear,0,83423,"[""headgear""]",True,True
3986,sandals,0,96753,"[""sandals"", ""sandal""]",False,True
447393,on_side,0,91279,"[""on_side"", ""lying_on_side""]",False,False
567316,6+girls,0,86179,"[""6+girls"", ""6+girl"", ""9girls"", ""8girls"", ""7girls"", ""6girl"", ""6girls""]",False,False
663669,female_pubic_hair,0,90040,"[""female_pubic_hair"", ""pubic_hair_(female)""]",False,True
1451588,muscular_male,0,102133,"[""muscular_male""]",True,True
476621,floral_print,0,92377,"[""floral_print"", ""flower_print"", ""floral_pattern""]",False,True
572731,heart-shaped_pupils,0,89628,"[""heart-shaped_pupils"", ""heart_shaped_pupils""]",True,False
445388,bob_cut,0,96102,"[""bob_cut"", ""okappa"", ""bobbed_hair""]",True,False
469652,garter_straps,0,86084,"[""garter_straps"", ""garter_strap""]",False,True
436576,short_dress,0,94682,"[""short_dress"", ""mini_dress"", ""minidress""]",False,True
8091,drill_hair,0,92298,"[""drill_hair"", ""doriru"", ""drillhair""]",True,False
541727,wariza,0,85332,"[""wariza"", ""w_legs"", ""w-legs"", ""w_sitting"", ""w-sitting""]",False,False
475775,arms_behind_back,0,89254,"[""arms_behind_back"", ""/abb"", ""hands_behind_back"", ""arms_behind""]",False,False
5524,sunglasses,0,97812,"[""sunglasses"", ""shades""]",True,True
3920,obi,0,85512,"[""obi""]",False,True
13227,happy,0,96083,"[""happy""]",False,False
634316,pectorals,0,95485,"[""pectorals"", ""pecs""]",False,False
389777,red_dress,0,95705,"[""red_dress""]",False,True
419387,testicles,0,91692,"[""testicles"", ""balls""]",False,False
8830,shirt_lift,0,83666,"[""shirt_lift"", ""tank_top_lift"", ""shirt_up"", ""top_lift"", ""lift_shirt"", ""/shl"", ""shirtlift""]",False,True
4207,eating,0,87676,"[""eating""]",False,False
572767,grabbing,0,3886,"[""grabbing"", ""grab""]",False,False
484666,transparent_background,0,89722,"[""transparent_background"", ""/transparentbg"", ""/tbg"", ""transparent_png"", ""transparent_gif""]",False,False
400120,traditional_media,0,89107,"[""traditional_media"", ""/trad"", ""handdrawn""]",False,False
584749,pink_background,0,97987,"[""pink_background"", ""/pinkbg""]",False,False
647551,flying_sweatdrops,0,90491,"[""flying_sweatdrops"", ""flying_sweatdrop""]",False,False
10231,mouth_hold,0,81554,"[""mouth_hold""]",False,False
460404,stuffed_toy,0,87414,"[""stuffed_toy"", ""plush"", ""plush_toy"", ""stuffed_doll""]",False,False
563478,dark-skinned_male,0,93948,"[""dark-skinned_male"", ""dark_skinned_male""]",True,False
589398,hood_down,0,96883,"[""hood_down""]",False,True
492544,frilled_dress,0,95918,"[""frilled_dress"", ""ruffled_dress"", ""frilly_dress""]",False,True
465810,squatting,0,88776,"[""squatting"", ""crouched"", ""crouching"", ""squat"", ""crouch""]",False,False
467856,clothes_pull,0,83241,"[""clothes_pull""]",False,False
477028,cleavage_cutout,0,87320,"[""cleavage_cutout"", ""boob_window"", ""heart_cleavage_cutout"", ""tit_window"", ""cleavage_window""]",False,True
520398,white_skirt,0,91270,"[""white_skirt""]",False,True
3209,table,0,87357,"[""table""]",False,False
397327,blue_shirt,0,103679,"[""blue_shirt"", ""blue_blouse""]",False,True
375176,crossed_arms,0,87419,"[""crossed_arms"", ""folded_arms"", ""arms_folded"", ""arms_crossed""]",False,False
1723,parody,0,79080,"[""parody""]",False,False
468534,light_brown_hair,0,51322,"[""light_brown_hair"", ""lightbrown_hair""]",True,False
403649,thigh_gap,0,78951,"[""thigh_gap""]",False,False
574407,wavy_mouth,0,81108,"[""wavy_mouth""]",False,False
420366,from_below,0,85039,"[""from_below"", ""viewed_from_below"", ""low_angle"", ""view_from_below""]",False,False
600250,hair_tubes,0,78056,"[""hair_tubes"", ""hair_tube""]",False,False
413672,leg_up,0,82949,"[""leg_up"", ""one_leg_raised""]",False,False
3949,ring,0,87846,"[""ring"", ""rings""]",False,True
1850,oral,0,83251,"[""oral""]",False,False
609507,holding_food,0,98084,"[""holding_food""]",False,True
466226,bound,0,80671,"[""bound""]",False,False
385639,wolf_ears,0,83343,"[""wolf_ears"", ""coyote_ears"", ""ookamimimi""]",True,False
619736,blue_jacket,0,99274,"[""blue_jacket"", ""blue_blazer""]",False,True
8072,black_socks,0,101303,"[""black_socks"", ""black_kneehighs""]",False,True
2726,moon,0,79065,"[""moon""]",False,False
580738,black_hairband,0,94359,"[""black_hairband""]",True,True
576310,white_flower,0,96171,"[""white_flower""]",False,True
2270,eyepatch,0,78423,"[""eyepatch"", ""eye_patch""]",True,False
488167,scrunchie,0,80363,"[""scrunchie"", ""scrunchy""]",True,False
8831,skirt_lift,0,75026,"[""skirt_lift"", ""lifting_skirt"", ""skirt_up"", ""lift_skirt"", ""lifted_skirt"", ""/skl"", ""skirtlift""]",False,True
356542,sunlight,0,80015,"[""sunlight"", ""sunshine""]",False,False
459291,standing_on_one_leg,0,84839,"[""standing_on_one_leg"", ""on_one_foot"", ""on_one_leg"", ""standing_on_one_foot""]",False,False
701697,white_bow,0,90916,"[""white_bow""]",True,True
2689,formal,0,0,"[""formal""]",False,True
3593,topless,0,74217,"[""topless"", ""topless_(female)"", ""top_less""]",False,True
2716,cat,0,83510,"[""cat"", ""cats"", ""neko""]",False,False
8068,demon_girl,0,83711,"[""demon_girl"", ""succubus"", ""demon_girls"", ""demongirl""]",True,False
465046,cat_girl,0,93939,"[""cat_girl"", ""catgirl""]",True,False
413179,trembling,0,79183,"[""trembling"", ""shivering"", ""shiver"", ""tremble""]",False,False
582201,mob_cap,0,76005,"[""mob_cap"", ""pillow_hat"", ""pillowhat""]",True,True
6128,cardigan,0,83325,"[""cardigan""]",False,True
1556,backpack,0,76567,"[""backpack"", ""rucksack"", ""back_pack"", ""ranset""]",False,False
425206,magical_girl,0,78402,"[""magical_girl"", ""magical_girls"", ""mahou_shoujo"", ""magic_girl""]",True,False
3239,cellphone,0,81001,"[""cellphone"", ""mobile_phone"", ""cell_phone"", ""keitai""]",False,False
2770,pantyshot,0,67706,"[""pantyshot"", ""panty_flash"", ""panty_shot"", ""panchira""]",False,True
900563,own_hands_together,0,81159,"[""own_hands_together"", ""hands_together""]",False,False
643561,eyes_visible_through_hair,0,76226,"[""eyes_visible_through_hair"", ""eye_through_hair""]",True,False
465525,crossed_legs,0,78620,"[""crossed_legs"", ""crossed_legs_(standing)"", ""crossed_legs_(lying)"", ""crossed_legs_(sitting)"", ""legs_crossed""]",False,False
419429,frilled_skirt,0,77644,"[""frilled_skirt"", ""ruffled_skirt"", ""frilly_skirt""]",False,True
6364,grass,0,78384,"[""grass""]",False,False
470790,demon_horns,0,87293,"[""demon_horns"", ""devil_horns""]",True,False
464903,crying,0,79394,"[""crying"", ""cry""]",False,False
404507,sharp_teeth,0,85325,"[""sharp_teeth"", ""spiked_teeth"", ""pointed_teeth"", ""pointy_teeth""]",False,False
7455,tank_top,0,81310,"[""tank_top"", ""tanktop""]",False,True
3875,sleeping,0,75530,"[""sleeping"", ""asleep"", ""sleep""]",False,False
1976,cover,0,70080,"[""cover"", ""front_cover""]",False,False
1801537,single_hair_bun,0,71156,"[""single_hair_bun"", ""hairbun"", ""bun""]",True,False
487205,cloudy_sky,0,77505,"[""cloudy_sky""]",False,False
6059,blazer,0,73675,"[""blazer""]",False,True
7952,suspenders,0,74111,"[""suspenders"", ""suspender""]",False,True
539837,high_ponytail,0,80565,"[""high_ponytail""]",True,False
3649,helmet,0,80865,"[""helmet""]",False,True
10229,suit,0,76241,"[""suit"", ""three-piece_suit""]",False,True
14452,feathers,0,77461,"[""feathers"", ""feather""]",False,False
487156,3boys,0,76286,"[""3boys"", ""3boy""]",False,False
461293,cum_on_body,0,96457,"[""cum_on_body"", ""cum_on_lower_body"", ""cum_on_upper_body"", ""semen_on_upper_body"", ""semen_on_lower_body"", ""semen_on_body"", ""cum_on_thigh"", ""cum_in_armpit"", ""cum_on_belly"", ""cum_on_back"", ""cum_on_hand"", ""cum_on_chest"", ""cum_on_armpits"", ""cum_on_armpit"", ""cum_on_arms"", ""cum_on_arm"", ""cum_on_ear"", ""cum_on_foot"", ""cum_on_thighs""]",False,False
10833,bottle,0,73758,"[""bottle"", ""bottles""]",False,False
379915,stuffed_animal,0,71547,"[""stuffed_animal"", ""plushy"", ""plushies"", ""stuffed_animals"", ""plushie"", ""nuigurumi""]",False,False
1337464,x_hair_ornament,0,76837,"[""x_hair_ornament""]",True,True
547073,underwear_only,0,66525,"[""underwear_only""]",False,True
9354,bdsm,0,67600,"[""bdsm""]",False,False
655303,fox_girl,0,81235,"[""fox_girl""]",True,False
464573,plant,0,75435,"[""plant"", ""plants""]",False,False
569748,black_background,0,84675,"[""black_background"", ""/blackbg""]",False,False
498000,blue_ribbon,0,77697,"[""blue_ribbon""]",True,True
507741,frilled_sleeves,0,78452,"[""frilled_sleeves"", ""ruffled_sleeves""]",False,True
1533172,grabbing_another's_breast,0,69183,"[""grabbing_another's_breast"", ""breast_grab"", ""grabbing_breasts"", ""breasts_grab"", ""boob_grab"", ""breast_grap""]",True,False
3474,portrait,0,85326,"[""portrait""]",False,False
9114,antenna_hair,0,79244,"[""antenna_hair"", ""double_ahoge"", ""antennae_hair""]",True,False
375459,looking_up,0,73465,"[""looking_up""]",False,False
575982,light_smile,0,76424,"[""light_smile"", ""slight_smile"", ""faint_smile""]",False,False
375764,bara,0,76269,"[""bara""]",False,False
221,school_swimsuit,0,63970,"[""school_swimsuit"", ""school_swimsuits"", ""sukimizu"", ""/ss"", ""sukumizu""]",False,True
462569,straddling,0,71002,"[""straddling"", ""straddle""]",False,False
4526,cross,0,74134,"[""cross""]",False,False
464588,hat_ribbon,0,66066,"[""hat_ribbon"", ""hatband"", ""hat_ribbons""]",True,True
4474,fire,0,73161,"[""fire"", ""flame"", ""flames""]",False,False
464539,bug,0,71171,"[""bug"", ""insect"", ""insects"", ""bugs""]",False,False
219401,denim,0,73093,"[""denim""]",False,True
4188,crown,0,70462,"[""crown""]",True,True
431235,knee_boots,0,66891,"[""knee_boots"", ""kneeboots"", ""kneehigh_boots""]",False,True
463115,pink_bow,0,77139,"[""pink_bow""]",True,False
466990,;d,0,68924,"["";d""]",False,False
492682,red_necktie,0,77143,"[""red_necktie""]",False,True
1297467,lifted_by_self,0,0,"[""lifted_by_self""]",False,False
516477,outstretched_arms,0,68910,"[""outstretched_arms"", ""arms_outstretched""]",False,False
8709,fellatio,0,69013,"[""fellatio"", ""sucking_cock"", ""sucking_penis"", ""sucking_dick"", ""felatio"", ""blow_job"", ""blowjob""]",False,False
429999,tiara,0,66041,"[""tiara""]",False,True
5831,katana,0,65791,"[""katana"", ""katanas""]",False,False
14814,couple,0,72739,"[""couple"", ""romance""]",False,False
510254,breasts_out,0,64926,"[""breasts_out"", ""breasts_outside"", ""breasts_out_of_clothes""]",False,True
1836990,aged_down,0,66610,"[""aged_down"", ""de-aged"", ""younger"", ""young""]",False,False
589376,red_flower,0,76544,"[""red_flower""]",False,True
432696,on_stomach,0,67227,"[""on_stomach"", ""on_front"", ""on_belly"", ""lying_on_stomach"", ""prone""]",False,False
1936,crossover,0,65764,"[""crossover""]",False,False
611487,juliet_sleeves,0,69434,"[""juliet_sleeves"", ""puffy_shoulder_long_sleeves"", ""puffy_shoulders_long_sleeves""]",False,True
3846,robot,0,67545,"[""robot""]",False,False
397117,curtains,0,67810,"[""curtains"", ""drapes"", ""curtain""]",False,False
489235,motion_lines,0,73357,"[""motion_lines""]",False,False
413908,spiked_hair,0,72411,"[""spiked_hair"", ""spikey_hair"", ""spiky_hair""]",True,False
10707,sisters,0,66027,"[""sisters""]",False,False
645320,sex_from_behind,0,68173,"[""sex_from_behind"", ""penetration_from_behind"", ""from_behind_position"", ""taken_from_behind""]",False,False
381279,girl_on_top,0,66252,"[""girl_on_top"", ""female_on_top""]",False,False
464574,polka_dot,0,63495,"[""polka_dot"", ""polka-dot"", ""polka_dots""]",False,True
16700,>_<,0,66643,"["">_<"", ""><""]",False,False
515769,black_nails,0,76760,"[""black_nails"", ""black_fingernails""]",False,False
464565,knife,0,66066,"[""knife"", ""knives""]",False,False
15737,bat_wings,0,61063,"[""bat_wings"", ""batwing""]",True,False
521712,ear_piercing,0,73233,"[""ear_piercing"", ""pierced_ear"", ""pierced_ears""]",True,False
517832,outstretched_arm,0,67126,"[""outstretched_arm"", ""arm_outstretched""]",False,False
82326,?,0,71493,"[""?"", ""question_mark""]",False,False
521420,slit_pupils,0,68437,"[""slit_pupils"", ""snake_eyes"", ""cat_eyes""]",True,False
487562,wing_collar,0,63608,"[""wing_collar""]",False,False
9714,bent_over,0,62811,"[""bent_over"", ""bending_over"", ""bend_over"", ""bent-over""]",False,False
403577,pointing,0,67100,"[""pointing""]",False,False
319,lingerie,0,57486,"[""lingerie""]",False,True
423613,animal_print,0,64410,"[""animal_print"", ""animalprint""]",False,True
401137,clenched_teeth,0,70231,"[""clenched_teeth"", ""gritting_teeth"", ""gritted_teeth""]",False,False
1275600,bright_pupils,0,86909,"[""bright_pupils""]",True,False
390594,red_shirt,0,73440,"[""red_shirt"", ""red_blouse""]",False,True
302,elf,0,72540,"[""elf"", ""elf_ears"", ""elven_ears""]",False,False
421662,5girls,0,60115,"[""5girls"", ""5girl""]",False,False
3592,undressing,0,58206,"[""undressing"", ""stripping"", ""strip"", ""undress""]",False,True
15764,striped_thighhighs,0,57590,"[""striped_thighhighs""]",False,True
1388799,blue_sailor_collar,0,64878,"[""blue_sailor_collar""]",False,True
395015,monster_girl,0,62208,"[""monster_girl"", ""monstergirl""]",True,False
469701,rabbit_tail,0,64321,"[""rabbit_tail"", ""bunny_tail""]",True,False
374782,sneakers,0,67023,"[""sneakers"", ""tennis_shoes""]",False,True
1314596,black_leotard,0,70623,"[""black_leotard""]",False,True
656169,hand_on_own_chest,0,63753,"[""hand_on_own_chest"", ""hand_on_chest"", ""hand_to_own_chest"", ""hand_to_chest""]",False,False
668761,white_border,0,90543,"[""white_border""]",False,True
379387,t-shirt,0,68858,"[""t-shirt"", ""t_shirt"", ""tshirt""]",False,True
516211,tassel,0,68948,"[""tassel"", ""tassle"", ""tassels""]",True,True
1008243,holding_gun,0,68683,"[""holding_gun""]",False,True
464713,head_wings,0,65942,"[""head_wings"", ""headwings""]",True,False
374979,all_fours,0,59823,"[""all_fours"", ""on_all_fours"", ""hands_and_knees"", ""all-fours""]",False,False
479729,gem,0,68094,"[""gem"", ""gemstones"", ""gemstone"", ""precious_stones"", ""precious_stone"", ""gems"", ""jewels"", ""jewel""]",False,False
1568,yaoi,0,73114,"[""yaoi"", ""gay"", ""shounen-ai"", ""boy_love"", ""boys_love"", ""boy's_love"", ""shonen-ai""]",False,False
683385,red_footwear,0,66325,"[""red_footwear"", ""red_shoes"", ""red_boots""]",False,True
631529,white_apron,0,72795,"[""white_apron""]",False,True
4232,tan,0,60385,"[""tan"", ""tanned_skin"", ""tanned"", ""suntan""]",False,True
537,bondage,0,57367,"[""bondage"", ""tied_up_(sexual)""]",False,False
1281370,red_bowtie,0,70310,"[""red_bowtie""]",False,True
15749,furry,0,78256,"[""furry"", ""anthro"", ""kemono""]",False,False
452195,hair_bobbles,0,56216,"[""hair_bobbles"", ""/hbobbles"", ""hair_bobble"", ""ball_braids""]",False,True
458482,short_twintails,0,63377,"[""short_twintails"", ""pigtails""]",True,False
401836,messy_hair,0,64317,"[""messy_hair"", ""bed_head"", ""morning_hair""]",True,False
4850,lipstick,0,57946,"[""lipstick""]",False,True
515302,green_skirt,0,62036,"[""green_skirt""]",False,True
2849,goggles,0,62679,"[""goggles""]",False,True
561547,shoulder_armor,0,68024,"[""shoulder_armor"", ""shoulder_armour""]",False,True
704500,holding_cup,0,70257,"[""holding_cup"", ""holding_goblet"", ""holding_drinking_glass"", ""holding_sakazuki"", ""holding_teacup"", ""holding_mug"", ""holding_glass""]",False,True
12464,brooch,0,59313,"[""brooch"", ""broach""]",False,True
464540,building,0,61812,"[""building"", ""buildings""]",False,False
389882,group_sex,0,59404,"[""group_sex"", ""fivesome"", ""foursome"", ""groupsex""]",False,False
2328,polearm,0,57703,"[""polearm""]",False,False
471601,black_bra,0,61900,"[""black_bra""]",False,True
458223,horse_tail,0,69367,"[""horse_tail""]",True,False
1019196,otoko_no_ko,0,57821,"[""otoko_no_ko"", ""otokonoko"", ""femboy"", ""trap""]",False,False
103483,fishnets,0,63590,"[""fishnets"", ""fishnet""]",False,True
4027,staff,0,59728,"[""staff""]",False,False
584911,shaded_face,0,59630,"[""shaded_face"", ""shaded_eyes"", ""shadow_over_eyes""]",False,False
1463605,1other,0,74330,"[""1other"", ""sole_other""]",False,False
526340,letterboxed,0,57700,"[""letterboxed"", ""letter_boxed"", ""letterbox""]",False,False
401601,loafers,0,60091,"[""loafers""]",False,True
410004,crescent,0,55003,"[""crescent"", ""crescent_moon_symbol""]",False,False
1710,towel,0,57541,"[""towel"", ""towels""]",False,True
478557,straight_hair,0,67393,"[""straight_hair""]",True,False
594766,star_(sky),0,59335,"[""star_(sky)"", ""stars_(sky)""]",False,False
405345,cherry_blossoms,0,56168,"[""cherry_blossoms"", ""cherry_trees"", ""cherry_tree"", ""cherry_blossom"", ""sakura_blossoms""]",False,False
415668,single_thighhigh,0,58759,"[""single_thighhigh"", ""thighhigh"", ""one_thighhigh""]",False,True
3046,kiss,0,63061,"[""kiss"", ""kissing""]",False,False
674623,feathered_wings,0,64546,"[""feathered_wings"", ""feather_wings""]",True,False
575322,clenched_hand,0,61430,"[""clenched_hand"", ""closed_fist"", ""clenched_fist"", ""fist""]",False,False
1865,bandaid,0,63772,"[""bandaid"", ""band_aids"", ""band-aid"", ""bandaids""]",False,False
166531,pink_dress,0,62735,"[""pink_dress""]",False,True
534982,^^^,0,53633,"[""^^^"", ""realization_crown"", ""/\\/\\/\\"", ""/\\"", ""/\\/\\""]",False,False
1295582,strapless_leotard,0,63333,"[""strapless_leotard""]",False,True
5746,box,0,57145,"[""box"", ""boxes""]",False,False
524399,hat_bow,0,58478,"[""hat_bow""]",True,True
4123,wind,0,54577,"[""wind"", ""windy""]",False,False
665452,facing_viewer,0,64583,"[""facing_viewer""]",False,False
611670,grey_shirt,0,67111,"[""grey_shirt"", ""grey_blouse"", ""gray_shirt""]",False,True
647129,black_necktie,0,66543,"[""black_necktie""]",False,True
471498,multiple_tails,0,52928,"[""multiple_tails"", ""animal_tails"", ""tails"", ""multi_tail"", ""multiple_tail"", ""multi_tails"", ""multitails"", ""multitail""]",True,False
448007,drooling,0,55705,"[""drooling""]",False,False
383830,no_pants,0,60843,"[""no_pants"", ""pantless"", ""skirtless"", ""no_skirt"", ""pantsless""]",False,True
547132,extra_ears,0,62274,"[""extra_ears"", ""double_ears""]",True,False
1441877,eyewear_on_head,0,64247,"[""eyewear_on_head"", ""sunglasses_on_head"", ""glasses_on_head""]",True,True
380831,demon_tail,0,60073,"[""demon_tail"", ""devil_tail""]",True,False
4275,steam,0,56259,"[""steam""]",False,False
358992,bike_shorts,0,51865,"[""bike_shorts"", ""biker_shorts"", ""spandex_shorts"", ""spats""]",False,True
593298,yellow_background,0,64701,"[""yellow_background"", ""/yellowbg""]",False,False
368,dog_ears,0,60856,"[""dog_ears"", ""african_wild_dog_ears"", ""dog_ear"", ""/dog"", ""inumimi""]",True,False
428523,hooded_jacket,0,62653,"[""hooded_jacket""]",False,True
378850,armband,0,56651,"[""armband"", ""armbands"", ""arm_band""]",False,True
464564,instrument,0,57847,"[""instrument"", ""instruments""]",False,False
2362,casual,0,50988,"[""casual""]",False,True
464542,butterfly,0,55460,"[""butterfly"", ""butterflies""]",False,False
465870,surprised,0,54495,"[""surprised"", ""startled"", ""surprise"", ""shocked"", ""shock""]",False,False
166133,night_sky,0,57335,"[""night_sky""]",False,False
7558,panty_pull,0,49211,"[""panty_pull"", ""panty_down"", ""panties_down"", ""/pp"", ""panties_pull"", ""pantypull"", ""pantsu_pull"", ""pantsupull""]",False,True
390662,foreshortening,0,54475,"[""foreshortening""]",False,False
405311,sex_toy,0,53134,"[""sex_toy"", ""sex_toys""]",False,False
446647,pale_skin,0,54300,"[""pale_skin"", ""paleskin"", ""pale""]",True,False
12667,child,0,56514,"[""child"", ""kids"", ""children""]",False,False
314230,breast_press,0,51629,"[""breast_press""]",False,False
427968,revealing_clothes,0,55535,"[""revealing_clothes"", ""slutty_clothing""]",False,True
3417,anal,0,53421,"[""anal"", ""anal_penetration"", ""anal_sex""]",False,False
1416353,red_headwear,0,21003,"[""red_headwear"", ""red_hat""]",True,True
403060,gauntlets,0,52779,"[""gauntlets"", ""gauntlet""]",False,False
477288,white_ribbon,0,59490,"[""white_ribbon""]",True,True
4241,rope,0,53118,"[""rope"", ""ropes""]",False,False
395533,sheath,0,52959,"[""sheath""]",False,False
465152,china_dress,0,58203,"[""china_dress"", ""chinese_dress"", ""chinadress"", ""qipao"", ""cheongsam""]",False,True
1227044,ribbon_trim,0,55363,"[""ribbon_trim""]",False,True
93927,pink_panties,0,49296,"[""pink_panties""]",False,True
566918,adapted_costume,0,52945,"[""adapted_costume"", ""adapted_outfit"", ""/adcos""]",False,False
467811,knees_up,0,57167,"[""knees_up""]",False,False
670636,multicolored_clothes,0,5633,"[""multicolored_clothes"", ""multicolored_clothing""]",False,True
447919,cover_page,0,49431,"[""cover_page"", ""book_cover""]",False,False
2252,candy,0,54758,"[""candy"", ""candies""]",False,False
466654,wristband,0,55741,"[""wristband"", ""wristbands"", ""wrist_bands"", ""wrist_band""]",False,True
389705,between_breasts,0,50369,"[""between_breasts""]",True,False
593296,red_background,0,62254,"[""red_background"", ""/redbg""]",False,False
5855,couch,0,54438,"[""couch"", ""settee"", ""sofa""]",False,False
3540,hakama,0,51471,"[""hakama""]",False,True
11879,blouse,0,46138,"[""blouse""]",False,True
376491,wet_clothes,0,49524,"[""wet_clothes"", ""wet_clothing"", ""wetclothes""]",False,False
464568,musical_note,0,53898,"[""musical_note"", ""music_notes"", ""music_note"", ""musical_notes""]",False,False
1532466,colored_inner_hair,0,81432,"[""colored_inner_hair""]",True,False
602295,hair_over_shoulder,0,55174,"[""hair_over_shoulder""]",True,False
4555,ejaculation,0,51550,"[""ejaculation"", ""ejaculation_between_breasts""]",False,False
395223,scenery,0,53667,"[""scenery"", ""scenic""]",False,False
1501540,skin_fang,0,62366,"[""skin_fang"", ""flesh_fang""]",True,False
684620,puffy_long_sleeves,0,61676,"[""puffy_long_sleeves"", ""bishop_sleeves"", ""long_puffy_sleeves""]",False,True
468477,arms_behind_head,0,52452,"[""arms_behind_head"", ""hands_behind_head""]",False,False
15672,veil,0,58562,"[""veil""]",False,True
5648,nature,0,50592,"[""nature""]",False,False
10847,breath,0,50360,"[""breath""]",False,False
601824,male_pubic_hair,0,49444,"[""male_pubic_hair"", ""pubic_hair_(male)""]",False,True
488864,red_jacket,0,61140,"[""red_jacket"", ""red_blazer""]",False,True
376002,genderswap,0,47418,"[""genderswap"", ""genderbend"", ""rule_63"", ""crossgender"", ""sex_change""]",False,False
1302826,mole_under_mouth,0,53241,"[""mole_under_mouth""]",True,True
401968,red_nails,0,59498,"[""red_nails"", ""red_fingernails""]",False,False
556011,lace_trim,0,52836,"[""lace_trim""]",False,True
2020445,covering_privates,0,46961,"[""covering_privates"", ""covering""]",False,True
389814,side_braid,0,54200,"[""side_braid""]",True,False
385882,third_eye,0,47403,"[""third_eye"", ""3rd_eye""]",True,False
566116,scar_on_face,0,56981,"[""scar_on_face"", ""facial_scar""]",True,True
533054,waist_apron,0,50854,"[""waist_apron"", ""half_apron""]",False,True
645083,smartphone,0,55313,"[""smartphone"", ""smart_phone""]",False,False
4000,microphone,0,52585,"[""microphone"", ""mic""]",False,False
2119,facial,0,47053,"[""facial"", ""cum_on_face""]",False,False
628293,skirt_set,0,47697,"[""skirt_set""]",False,True
404,christmas,0,47242,"[""christmas"", ""xmas"", ""crhistmas""]",False,False
643253,web_address,0,49764,"[""web_address"", ""url""]",False,False
1629722,large_pectorals,0,50510,"[""large_pectorals""]",False,True
819964,pink_flower,0,60692,"[""pink_flower""]",False,True
1316316,pelvic_curtain,0,52883,"[""pelvic_curtain"", ""waist_veil"", ""pussy_veil"", ""crotch_veil""]",False,True
1388933,light_blush,0,71062,"[""light_blush""]",False,False
466984,...,0,53340,"[""..."", ""ellipsis""]",False,False
538298,strapless_dress,0,53620,"[""strapless_dress"", ""shoulderless_dress""]",False,True
566461,anger_vein,0,53603,"[""anger_vein"", ""anger_mark""]",False,False
146061,baseball_cap,0,51885,"[""baseball_cap""]",True,True
15260,beard,0,51755,"[""beard""]",True,False
457883,string_bikini,0,48712,"[""string_bikini""]",False,True
524897,interlocked_fingers,0,49341,"[""interlocked_fingers"", ""intertwined_fingers"", ""interlaced_fingers""]",False,False
4543,striped_panties,0,42823,"[""striped_panties"", ""stripped_panties"", ""shimapan""]",False,True
635112,light_particles,0,55627,"[""light_particles"", ""dust_particles""]",False,False
1491014,blue_headwear,0,19064,"[""blue_headwear"", ""blue_hat""]",True,True
11410,claws,0,55019,"[""claws"", ""claw""]",False,False
659059,breasts_apart,0,46583,"[""breasts_apart""]",False,False
417741,bridal_gauntlets,0,50252,"[""bridal_gauntlets"", ""bridal_gauntlet""]",False,True
320292,cloak,0,51085,"[""cloak""]",False,True
2056,toenails,0,52821,"[""toenails"", ""toenail""]",False,False
448202,peaked_cap,0,46679,"[""peaked_cap""]",True,True
635786,index_finger_raised,0,51589,"[""index_finger_raised"", ""finger_raised"", ""raised_finger""]",False,False
467585,highleg_leotard,0,55963,"[""highleg_leotard""]",False,True
1388801,red_neckerchief,0,51854,"[""red_neckerchief""]",False,True
389108,glowing_eyes,0,47052,"[""glowing_eyes""]",True,False
560247,white_pupils,0,67758,"[""white_pupils""]",True,False
717927,short_hair_with_long_locks,0,47951,"[""short_hair_with_long_locks""]",False,False
390596,purple_dress,0,50713,"[""purple_dress""]",False,True
6526,side-tie_panties,0,42161,"[""side-tie_panties"", ""side_tie_panties"", ""himopan""]",False,True
1441885,semi-rimless_eyewear,0,47488,"[""semi-rimless_eyewear"", ""semi-rimless_glasses"", ""half-rim_glasses"", ""half_rim_glasses"", ""semi_rimless_glasses""]",True,True
586765,low_ponytail,0,53364,"[""low_ponytail""]",True,False
403173,white_pantyhose,0,54479,"[""white_pantyhose""]",False,True
421107,convenient_censoring,0,42345,"[""convenient_censoring"", ""convenient_censorship""]",False,False
469125,jingle_bell,0,46194,"[""jingle_bell"", ""cat_bell"", ""jingle_bells"", ""jinglebells"", ""jinglebell""]",False,False
554980,motor_vehicle,0,46825,"[""motor_vehicle""]",False,False
723773,hand_fan,0,45245,"[""hand_fan"", ""fan_(handheld)"", ""fan"", ""fans""]",False,False
685432,two-tone_background,0,46384,"[""two-tone_background"", ""/two-tonebg""]",False,False
616524,grey_skirt,0,52669,"[""grey_skirt"", ""gray_skirt""]",False,True
456255,front-tie_top,0,42498,"[""front-tie_top"", ""front_tie_top""]",False,True
426598,bow_panties,0,42954,"[""bow_panties"", ""ribbon_panties"", ""panty_bow""]",False,True
561,mecha,0,43909,"[""mecha"", ""mech""]",False,False
448477,buckle,0,49410,"[""buckle"", ""buckles""]",False,True
1288118,hair_flaps,0,44085,"[""hair_flaps""]",False,False
383851,twin_drills,0,49334,"[""twin_drills"", ""twindrills""]",True,False
670638,clothes_writing,0,45144,"[""clothes_writing"", ""text_on_clothes"", ""clothing_writing""]",False,False
533356,areola_slip,0,47813,"[""areola_slip"", ""areolae_slip""]",False,True
410734,carrying,0,46806,"[""carrying"", ""carry""]",False,False
668635,pom_pom_(clothes),0,49251,"[""pom_pom_(clothes)"", ""pom_pom_(clothing)""]",False,True
648130,clothing_aside,0,45017,"[""clothing_aside"", ""clothes_aside""]",False,True
149598,androgynous,0,46790,"[""androgynous"", ""androgyny""]",False,False
470798,pink_nails,0,49222,"[""pink_nails"", ""pink_fingernails""]",False,False
392990,micro_bikini,0,44368,"[""micro_bikini"", ""microbikini""]",False,True
3508,angry,0,45317,"[""angry"", ""anger"", ""mad""]",False,False
10902,close-up,0,47584,"[""close-up"", ""close_up"", ""closeup""]",False,False
563256,yellow_bow,0,48282,"[""yellow_bow""]",True,True
529213,maid_apron,0,50513,"[""maid_apron""]",False,True
3284,forehead,0,46368,"[""forehead""]",False,False
1455296,sleeves_past_fingers,0,49688,"[""sleeves_past_fingers"", ""moe_sleeves""]",False,True
673911,hood_up,0,52003,"[""hood_up""]",False,True
407678,wolf_tail,0,43814,"[""wolf_tail"", ""coyote_tail""]",True,False
8198,meme,0,54935,"[""meme""]",False,False
400041,cum_on_breasts,0,41458,"[""cum_on_breasts"", ""semen_on_breasts"", ""cum_between_breasts"", ""cum_on_tits""]",False,False
4172,corset,0,45777,"[""corset""]",False,True
1452299,neck_bell,0,47645,"[""neck_bell"", ""neckbell"", ""bell_choker"", ""bell_collar"", ""collar_bell"", ""bellcollar""]",False,False
497607,blue_nails,0,49743,"[""blue_nails"", ""blue_fingernails""]",False,False
389553,skin_tight,0,41121,"[""skin_tight"", ""skintightsuit"", ""skintight""]",False,True
656165,hand_on_own_face,0,49057,"[""hand_on_own_face"", ""hand_to_own_face"", ""hand_on_face"", ""hand_to_face""]",False,False
581,paizuri,0,42537,"[""paizuri"", ""titjob"", ""titfuck"", ""tit_fuck""]",False,False
382270,rifle,0,42295,"[""rifle"", ""rifles""]",False,False
658106,o-ring,0,48306,"[""o-ring"", ""o_ring""]",False,False
14946,eyeshadow,0,49637,"[""eyeshadow"", ""eye_shadow""]",True,False
2329,tentacles,0,42073,"[""tentacles"", ""tentacle""]",False,False
1386163,patreon_username,0,45792,"[""patreon_username""]",False,False
531068,hakama_skirt,0,39197,"[""hakama_skirt""]",False,True
546229,black_belt,0,60747,"[""black_belt""]",False,True
2755,lace,0,39898,"[""lace""]",False,True
1251593,holding_phone,0,52888,"[""holding_phone"", ""holding_cellphone""]",False,True
510802,french_braid,0,28172,"[""french_braid""]",True,False
664258,no_headwear,0,39337,"[""no_headwear"", ""no_helmet"", ""no_bandana"", ""no_hat"", ""hat-less"", ""hatless""]",True,True
448225,tokin_hat,0,38149,"[""tokin_hat"", ""tokin""]",True,True
584958,spoken_heart,0,47862,"[""spoken_heart""]",False,False
376528,:<,0,41833,"["":<""]",False,False
688711,white_sleeves,0,52897,"[""white_sleeves""]",False,True
491367,cropped_jacket,0,51278,"[""cropped_jacket"", ""bolero""]",False,True
390257,eye_contact,0,47424,"[""eye_contact""]",False,False
378743,curvy,0,46020,"[""curvy"", ""voluptuous"", ""curvaceous""]",False,False
626528,cropped_legs,0,49897,"[""cropped_legs"", ""cropped_feet""]",False,False
486327,faceless,0,46045,"[""faceless"", ""no_face""]",False,False
9474,licking,0,42725,"[""licking"", ""licks"", ""lick""]",False,False
1411175,bikini_top_only,0,38221,"[""bikini_top_only"", ""bikini_top""]",False,True
486611,brown_gloves,0,46005,"[""brown_gloves""]",False,True
1283885,crossed_bangs,0,60368,"[""crossed_bangs""]",True,False
394151,plate,0,46270,"[""plate"", ""dish"", ""plates""]",False,False
397411,restrained,0,44529,"[""restrained""]",False,False
2102,snow,0,41712,"[""snow""]",False,False
713987,outside_border,0,56335,"[""outside_border"", ""cropped_background"", ""outside_of_border"", ""out_of_border""]",False,False
435433,red_gloves,0,45470,"[""red_gloves""]",False,True
374845,mary_janes,0,41551,"[""mary_janes""]",False,True
422340,full_moon,0,41464,"[""full_moon"", ""fullmoon""]",False,True
376594,spikes,0,44522,"[""spikes"", ""spike""]",False,False
671227,tearing_up,0,46066,"[""tearing_up""]",False,False
536573,colored_sclera,0,47766,"[""colored_sclera""]",False,False
376923,black_wings,0,46089,"[""black_wings"", ""black_wing"", ""dark_wings""]",True,False
574271,science_fiction,0,43366,"[""science_fiction"", ""sci_fi"", ""futuristic"", ""scifi"", ""sci-fi""]",False,False
491144,blue_bikini,0,42673,"[""blue_bikini"", ""blue_bikini_top"", ""blue_bikini_bottom""]",False,True
658950,holding_book,0,46785,"[""holding_book""]",False,True
15689,:p,0,41123,"["":p"", "":b""]",False,False
379489,side_slit,0,43412,"[""side_slit"", ""leg_slit""]",False,True
4530,gift,0,41270,"[""gift"", ""presents"", ""present"", ""gifts""]",False,False
2907,desk,0,41894,"[""desk"", ""desks""]",False,False
494869,black_coat,0,55259,"[""black_coat""]",False,True
2447,camisole,0,44949,"[""camisole""]",False,True
633528,alternate_breast_size,0,48988,"[""alternate_breast_size""]",False,False
429369,finger_to_mouth,0,40029,"[""finger_to_mouth"", ""finger_on_mouth"", ""finger_on_lips"", ""finger_to_lips""]",False,False
5474,ball,0,41141,"[""ball""]",False,False
77257,strap_slip,0,39589,"[""strap_slip""]",False,True
375519,armlet,0,42534,"[""armlet"", ""armlets"", ""arm_bracelets""]",False,True
615165,green_bow,0,42127,"[""green_bow""]",True,True
549225,single_horn,0,38421,"[""single_horn"", ""horn""]",True,False
11813,lens_flare,0,39490,"[""lens_flare"", ""lensflare""]",False,False
491112,cowgirl_position,0,41381,"[""cowgirl_position"", ""cowgirl_(position)""]",False,False
406964,floating,0,42977,"[""floating""]",False,False
664922,dragon_horns,0,46131,"[""dragon_horns""]",True,False
459933,drinking_glass,0,41572,"[""drinking_glass""]",True,False
571690,hair_scrunchie,0,40687,"[""hair_scrunchie""]",True,True
549356,arm_at_side,0,44301,"[""arm_at_side""]",False,False
491758,sleeves_rolled_up,0,41657,"[""sleeves_rolled_up"", ""sleeves_folded_up"", ""folded_sleeves"", ""sleeves_rolled"", ""rolled_sleeves"", ""rolled-up_sleeves"", ""rolled_up_sleeves""]",False,True
396969,seiza,0,38739,"[""seiza"", ""sitting_on_knees""]",False,False
1364406,genderswap_(mtf),0,36265,"[""genderswap_(mtf)""]",False,False
684644,gold_trim,0,47511,"[""gold_trim""]",False,True
375723,puffy_nipples,0,36214,"[""puffy_nipples"", ""puffy_areolae"", ""puffy_nipple""]",False,False
1303583,blue_necktie,0,48381,"[""blue_necktie""]",False,True
455456,santa_hat,0,38514,"[""santa_hat"", ""christmas_hat"", ""stocking_cap""]",True,True
438458,clenched_hands,0,42326,"[""clenched_hands"", ""closed_fists"", ""clenched_fists"", ""fists""]",False,False
418395,after_sex,0,38611,"[""after_sex"", ""aftersex""]",False,False
1388800,black_sailor_collar,0,42717,"[""black_sailor_collar""]",False,True
376117,wide_hips,0,40072,"[""wide_hips"", ""big_hips"", ""large_hips""]",False,False
520397,pink_skirt,0,42771,"[""pink_skirt""]",False,True
479374,single_glove,0,42076,"[""single_glove"", ""one_glove""]",False,True
520991,pink_ribbon,0,44010,"[""pink_ribbon""]",True,True
442816,veins,0,42461,"[""veins"", ""veiny"", ""vein""]",False,False
3943,smoke,0,42684,"[""smoke""]",False,False
462808,tareme,0,38842,"[""tareme""]",False,False
1396724,white_sailor_collar,0,53300,"[""white_sailor_collar""]",False,True
467493,handgun,0,39299,"[""handgun"", ""pistol"", ""hand_gun""]",False,False
435555,heavy_breathing,0,38810,"[""heavy_breathing"", ""panting""]",False,False
462583,between_legs,0,38085,"[""between_legs""]",False,False
521477,half_updo,0,39987,"[""half_updo"", ""half_down_half_up""]",True,False
9311,zipper,0,41710,"[""zipper"", ""zippers""]",False,True
654772,knee_up,0,41992,"[""knee_up""]",False,False
646879,brown_background,0,44044,"[""brown_background"", ""/brownbg""]",False,False
523327,starry_sky,0,38660,"[""starry_sky""]",False,False
577,masturbation,0,37486,"[""masturbation"", ""masturbating"", ""masturbate"", ""onani""]",False,False
1242758,blue_flower,0,45065,"[""blue_flower""]",False,True
1656,handjob,0,37959,"[""handjob"", ""tekoki"", ""hand_job""]",False,False
4536,tsurime,0,42265,"[""tsurime""]",False,False
375606,open_coat,0,45857,"[""open_coat""]",False,True
15261,freckles,0,42162,"[""freckles""]",True,False
617356,blue_shorts,0,44402,"[""blue_shorts""]",False,True
388067,demon_wings,0,43257,"[""demon_wings"", ""devil_wings""]",True,False
384552,wading,0,37970,"[""wading"", ""standing_in_liquid"", ""walking_in_liquid""]",False,False
470314,pencil_skirt,0,40151,"[""pencil_skirt""]",False,True
149799,happy_birthday,0,42843,"[""happy_birthday""]",False,False
609,fish,0,37932,"[""fish""]",False,False
593297,green_background,0,44273,"[""green_background"", ""dark_green_background"", ""light_green_background"", ""/greenbg""]",False,False
514515,pink_shirt,0,44109,"[""pink_shirt"", ""pink_blouse""]",False,True
393879,alcohol,0,38101,"[""alcohol""]",False,False
374915,clothed_sex,0,37856,"[""clothed_sex""]",False,False
10905,pendant,0,37027,"[""pendant""]",False,False
665184,ribbed_sweater,0,37556,"[""ribbed_sweater""]",False,True
1592077,topless_male,0,41299,"[""topless_male"", ""shirtless""]",True,True
379725,dual_persona,0,41107,"[""dual_persona""]",False,False
651957,clothed_female_nude_male,0,39337,"[""clothed_female_nude_male"", ""nmcf"", ""/nmcf"", ""nude_male_clothed_female"", ""clothed_female_naked_male"", ""cfnm"", ""/cfnm""]",False,True
545992,high_heel_boots,0,39907,"[""high_heel_boots"", ""heel_boots""]",False,True
457726,track_jacket,0,39853,"[""track_jacket""]",False,False
483919,single_earring,0,45540,"[""single_earring"", ""one_earring""]",True,False
397215,outline,0,49641,"[""outline"", ""outlined"", ""outlines""]",False,False
579793,frilled_apron,0,42492,"[""frilled_apron""]",False,True
494669,spot_color,0,41647,"[""spot_color"", ""spot_colors""]",False,False
643274,partially_submerged,0,35893,"[""partially_submerged""]",False,False
392024,tray,0,37618,"[""tray"", ""platter"", ""serving_tray""]",False,False
689532,low-tied_long_hair,0,43298,"[""low-tied_long_hair"", ""long_hair_tied_low""]",True,False
615735,asymmetrical_legwear,0,38629,"[""asymmetrical_legwear""]",False,True
475004,swim_ring,0,36910,"[""swim_ring""]",False,False
432529,sweater_vest,0,42607,"[""sweater_vest""]",False,True
643898,purple_background,0,43072,"[""purple_background"", ""/purplebg""]",False,False
535373,cross-laced_footwear,0,37697,"[""cross-laced_footwear"", ""cross_laced_footwear""]",False,True
511594,arm_behind_back,0,38767,"[""arm_behind_back"", ""hand_behind_back""]",False,False
11527,reflection,0,39457,"[""reflection""]",False,False
4261,forest,0,36852,"[""forest"", ""woods""]",False,False
402062,!,0,39362,"[""!"", ""exclamation_mark""]",False,False
389402,upskirt,0,33663,"[""upskirt""]",False,True
380540,legs_up,0,36045,"[""legs_up""]",False,False
390681,headset,0,37354,"[""headset""]",False,False
1271922,black_vest,0,44824,"[""black_vest""]",False,True
483898,frilled_bikini,0,37718,"[""frilled_bikini"", ""frilled_bikini_bottom""]",False,True
14442,walking,0,38931,"[""walking""]",False,False
1916,cake,0,39414,"[""cake""]",False,False
391297,white_skin,0,43546,"[""white_skin""]",True,False
10279,hair_rings,0,43005,"[""hair_rings"", ""hair_ring"", ""hair_loop"", ""hair_loops""]",True,False
6441,beads,0,41058,"[""beads""]",False,False
508016,pocket,0,42239,"[""pocket"", ""pockets""]",False,True
396680,personification,0,36993,"[""personification"", ""anthropomorphism"", ""gijinka""]",False,False
1636487,one-hour_drawing_challenge,0,35512,"[""one-hour_drawing_challenge"", ""wandoro"", ""1draw""]",False,False
1631677,mature_male,0,37999,"[""mature_male"", ""dilf""]",True,False
497007,backlighting,0,34785,"[""backlighting"", ""backlit"", ""bright_background""]",False,False
4596,halloween,0,35635,"[""halloween""]",False,False
2065694,vertical-striped_clothes,0,40092,"[""vertical-striped_clothes"", ""vertical-striped_clothing""]",False,False
168390,bulge,0,35591,"[""bulge""]",False,False
375441,dress_lift,0,33641,"[""dress_lift""]",False,True
166757,green_dress,0,38625,"[""green_dress""]",False,True
2006735,unworn_headwear,0,33793,"[""unworn_headwear"", ""headwear_removed"", ""headwear_off""]",True,True
1258262,frilled_shirt_collar,0,40230,"[""frilled_shirt_collar""]",False,True
617615,legs_apart,0,34789,"[""legs_apart""]",False,False
494241,long_fingernails,0,36292,"[""long_fingernails"", ""long_nails_(fingers)""]",False,True
403286,toned,0,39782,"[""toned""]",False,False
554098,mole_on_breast,0,38084,"[""mole_on_breast""]",True,False
2863,broom,0,33036,"[""broom"", ""broomstick""]",False,False
1373029,black-framed_eyewear,0,37958,"[""black-framed_eyewear"", ""black-framed_glasses""]",True,True
529447,arm_behind_head,0,36515,"[""arm_behind_head"", ""hand_behind_head""]",False,False
474995,brown_pantyhose,0,43508,"[""brown_pantyhose""]",False,True
4925,thong,0,34235,"[""thong"", ""thong_panties""]",False,True
1569,condom,0,34645,"[""condom"", ""condoms""]",False,False
460324,red_bikini,0,34607,"[""red_bikini"", ""red_bikini_top"", ""red_bikini_bottom""]",False,True
475720,short_ponytail,0,35398,"[""short_ponytail""]",True,False
602223,out_of_frame,0,34257,"[""out_of_frame""]",False,False
1247162,purple_bow,0,39512,"[""purple_bow""]",True,True
391713,long_skirt,0,36863,"[""long_skirt""]",False,True
1119509,high-waist_skirt,0,39182,"[""high-waist_skirt""]",False,True
1441883,round_eyewear,0,44997,"[""round_eyewear"", ""circular_eyewear"", ""round_glasses""]",True,True
572906,crying_with_eyes_open,0,37387,"[""crying_with_eyes_open""]",False,True
1651,rain,0,35654,"[""rain"", ""raining""]",False,False
1293269,blue_footwear,0,39398,"[""blue_footwear"", ""blue_shoes"", ""blue_boots""]",False,True
465382,crossdressing,0,35540,"[""crossdressing"", ""transvestite"", ""crossplay"", ""crossdress""]",False,False
384087,angel_wings,0,38565,"[""angel_wings""]",True,False
463127,white_bra,0,34197,"[""white_bra""]",False,True
6175,cuffs,0,34256,"[""cuffs"", ""cuff""]",False,False
8243,flying,0,33524,"[""flying""]",False,False
7450,gym_uniform,0,33817,"[""gym_uniform"", ""gym_clothes""]",False,True
3354,cumdrip,0,32658,"[""cumdrip"", ""cum_drip""]",False,False
610272,purple_skirt,0,36311,"[""purple_skirt""]",False,True
502548,yellow_shirt,0,40904,"[""yellow_shirt"", ""yellow_blouse""]",False,True
1349206,cropped_torso,0,45240,"[""cropped_torso""]",False,False
460907,one_eye_covered,0,41392,"[""one_eye_covered"", ""covered_eye""]",False,False
583299,goggles_on_head,0,36231,"[""goggles_on_head"", ""goggle_on_head""]",True,True
464538,bubble,0,34398,"[""bubble"", ""bubbles""]",False,False
1320204,black_bowtie,0,40282,"[""black_bowtie""]",False,True
1278062,hand_in_own_hair,0,35145,"[""hand_in_own_hair"", ""hand_in_hair"", ""hand_on_hair""]",False,False
494842,braided_ponytail,0,32286,"[""braided_ponytail""]",True,True
417888,age_difference,0,36343,"[""age_difference"", ""older_on_younger""]",False,False
1373022,red-framed_eyewear,0,33457,"[""red-framed_eyewear"", ""red-framed_glasses"", ""red-rimmed_glasses"", ""red_framed_glasses""]",True,True
1851,fingering,0,33394,"[""fingering"", ""fingers_in_pussy""]",False,False
427674,epaulettes,0,33459,"[""epaulettes""]",False,True
394305,curly_hair,0,35359,"[""curly_hair"", ""curls""]",True,False
375986,empty_eyes,0,34401,"[""empty_eyes"", ""dead_eyes""]",False,False
1258089,ribbon-trimmed_sleeves,0,33274,"[""ribbon-trimmed_sleeves""]",False,True
660814,dot_nose,0,51960,"[""dot_nose""]",False,False
453340,santa_costume,0,36474,"[""santa_costume"", ""santa_suit"", ""santa_outfit"", ""santa""]",False,True
389,futanari,0,34846,"[""futanari"", ""futa"", ""dickgirl""]",False,False
4648,teacup,0,33153,"[""teacup"", ""teacups"", ""tea_cup""]",False,False
531403,kemonomimi_mode,0,36810,"[""kemonomimi_mode""]",False,False
483081,high_collar,0,41897,"[""high_collar""]",False,False
469517,doujin_cover,0,30984,"[""doujin_cover""]",False,False
469668,raised_eyebrows,0,35486,"[""raised_eyebrows""]",True,False
620577,brown_jacket,0,38589,"[""brown_jacket"", ""brown_blazer""]",False,True
465145,tanlines,0,32184,"[""tanlines"", ""tanline"", ""tan_line"", ""tan_lines""]",False,True
1810,rape,0,31561,"[""rape""]",False,False
572753,6+boys,0,32672,"[""6+boys"", ""6+boy"", ""6boy"", ""6boys""]",False,False
416676,denim_shorts,0,34283,"[""denim_shorts"", ""jean_shorts"", ""daisydukes"", ""daisy_dukes""]",False,True
1292999,spoken_ellipsis,0,35969,"[""spoken_ellipsis""]",False,False
613885,brown_skirt,0,35234,"[""brown_skirt""]",False,True
10402,bowl,0,33137,"[""bowl"", ""bowls""]",False,False
610698,hat_ornament,0,32714,"[""hat_ornament""]",True,True
375883,dragon_girl,0,40824,"[""dragon_girl""]",True,False
1670660,animal_hands,0,34449,"[""animal_hands"", ""paws"", ""animal_paws"", ""paw""]",False,False
670088,hand_on_another's_head,0,35158,"[""hand_on_another's_head""]",False,False
592555,panties_under_pantyhose,0,29739,"[""panties_under_pantyhose"", ""panties_under_pantiehose"", ""panties_behind_pantyhose"", ""panties_below_pantyhose"", ""panties_underneath_pantyhose""]",False,True
2169,innertube,0,31252,"[""innertube"", ""inner_tube""]",False,False
458932,sideburns,0,31392,"[""sideburns""]",False,False
2378,buruma,0,31052,"[""buruma"", ""bum_huggers"", ""bun_huggers"", ""running_briefs""]",False,True
479955,4boys,0,33789,"[""4boys"", ""4boy""]",False,False
11285,@_@,0,36361,"[""@_@"", ""swirly_eyes"", ""spiral_eyes"", ""al_bhed_eyes""]",False,False
669624,contrapposto,0,30507,"[""contrapposto""]",False,False
472197,white_pants,0,42282,"[""white_pants""]",False,True
374849,school_bag,0,32534,"[""school_bag"", ""schoolbag""]",False,False
492380,jitome,0,35419,"[""jitome"", ""flat_gaze""]",False,False
634781,nontraditional_miko,0,29261,"[""nontraditional_miko""]",False,True
442316,pouch,0,36677,"[""pouch"", ""pouches""]",False,True
728008,thighband_pantyhose,0,29649,"[""thighband_pantyhose""]",False,True
412202,:q,0,32463,"["":q"", "":9""]",False,False
559163,emphasis_lines,0,33579,"[""emphasis_lines""]",False,False
5875,doggystyle,0,31154,"[""doggystyle"", ""doggy_style""]",False,False
1233478,black_serafuku,0,31507,"[""black_serafuku""]",False,True
10031,faceless_male,0,34167,"[""faceless_male"", ""mister_x""]",True,False
2336,cigarette,0,34742,"[""cigarette"", ""cigarete"", ""cigarrete"", ""cigarrette"", ""cigarettes""]",False,False
460502,dual_wielding,0,31435,"[""dual_wielding"", ""dual_wield"", ""double_wield""]",False,False
382111,breast_hold,0,22750,"[""breast_hold"", ""holding_breasts""]",False,False
494245,red_scarf,0,34126,"[""red_scarf""]",False,True
570718,fur_collar,0,30503,"[""fur_collar""]",False,False
461492,green_jacket,0,40508,"[""green_jacket""]",False,True
1585391,abyssal_ship,0,26687,"[""abyssal_ship"", ""shinkaisei-kan""]",False,False
479146,sailor_dress,0,36504,"[""sailor_dress""]",False,True
538475,asymmetrical_hair,0,30765,"[""asymmetrical_hair""]",True,False
658682,knees_together_feet_apart,0,32131,"[""knees_together_feet_apart"", ""knees_touching""]",False,False
15200,robe,0,38531,"[""robe"", ""robes""]",False,True
10543,spread_pussy,0,30927,"[""spread_pussy"", ""spread_vagina"", ""pussy_spread"", ""open_pussy"", ""spreadpussy""]",False,False
7581,garter_belt,0,29626,"[""garter_belt"", ""/gar"", ""garterbelt""]",False,True
1045681,white_shorts,0,35928,"[""white_shorts""]",False,True
471755,machinery,0,28445,"[""machinery""]",False,False
394759,hand_in_pocket,0,35506,"[""hand_in_pocket""]",False,False
9872,pauldrons,0,34355,"[""pauldrons"", ""spaulders"", ""pauldron""]",False,False
10376,naughty_face,0,29429,"[""naughty_face"", ""naughty_smile""]",False,False
442474,competition_swimsuit,0,31333,"[""competition_swimsuit""]",False,True
380572,dog_tail,0,33188,"[""dog_tail"", ""african_wild_dog_tail""]",True,False
377078,cum_in_mouth,0,30369,"[""cum_in_mouth"", ""oral_cumshot"", ""cumshot_in_mouth"", ""semen_in_mouth""]",False,False
652293,legs_together,0,30495,"[""legs_together"", ""knees_together"", ""knees_together_feet_together""]",False,False
718476,mini_person,0,31563,"[""mini_person""]",False,False
401289,yellow_ribbon,0,34353,"[""yellow_ribbon""]",True,True
452086,lolita_fashion,0,31416,"[""lolita_fashion"", ""lolita""]",False,True
493843,head_rest,0,32413,"[""head_rest"", ""chin_rest""]",False,False
6439,running,0,32076,"[""running"", ""run""]",False,False
1448325,hands_on_own_hips,0,31626,"[""hands_on_own_hips"", ""hands_on_hips"", ""hands_on_waist"", ""akimbo""]",False,False
15770,top_hat,0,33976,"[""top_hat"", ""magician_hat"", ""tophat""]",True,True
466881,sun_hat,0,30825,"[""sun_hat"", ""sunhat""]",True,True
16554,plump,0,32523,"[""plump"", ""chubby"", ""muchi""]",False,False
1681088,furry_female,0,36893,"[""furry_female"", ""female_furry""]",True,False
1314750,white_hairband,0,36007,"[""white_hairband""]",True,True
513625,asymmetrical_bangs,0,33039,"[""asymmetrical_bangs"", ""asymmetric_bangs""]",True,False
18013,ass_grab,0,8802,"[""ass_grab"", ""squeezing_ass"", ""grabbing_ass""]",False,False
1822,threesome,0,30518,"[""threesome"", ""3p""]",False,False
11882,watch,0,31027,"[""watch""]",False,True
462209,thought_bubble,0,35051,"[""thought_bubble"", ""thought_balloon""]",False,False
645579,fake_tail,0,35027,"[""fake_tail"", ""fake_animal_tail""]",True,False
502047,blood_on_face,0,38136,"[""blood_on_face"", ""bloody_face""]",True,True
2489,sunset,0,29914,"[""sunset""]",False,False
1835738,blue_one-piece_swimsuit,0,30939,"[""blue_one-piece_swimsuit"", ""blue_swimsuit""]",False,True
1811,twins,0,32108,"[""twins""]",False,False
588674,furrowed_brow,0,39150,"[""furrowed_brow"", ""furrowed_eyebrows""]",False,False
472407,turtleneck_sweater,0,37230,"[""turtleneck_sweater""]",False,True
464566,monster,0,31845,"[""monster"", ""monsters""]",False,False
4039,dog,0,31314,"[""dog"", ""dogs""]",False,False
677856,star_hair_ornament,0,34537,"[""star_hair_ornament""]",True,True
872616,white_kimono,0,35240,"[""white_kimono"", ""white_yukata""]",False,True
374921,sports_bra,0,32955,"[""sports_bra""]",False,True
1441886,under-rim_eyewear,0,29080,"[""under-rim_eyewear"", ""under-rim_glasses"", ""under_rim_glasses""]",True,True
578153,drinking_straw,0,31587,"[""drinking_straw"", ""straw_(drinking)""]",False,False
477439,white_wings,0,36847,"[""white_wings""]",True,False
617355,grey_jacket,0,39081,"[""grey_jacket"", ""silver_jacket"", ""gray_jacket""]",False,True
580379,aged_up,0,28778,"[""aged_up"", ""older"", ""adult""]",False,False
7585,new_year,0,27167,"[""new_year"", ""new_years"", ""newyear""]",False,False
537668,poke_ball,0,29240,"[""poke_ball"", ""monster_ball"", ""pokeballs"", ""poke_balls"", ""pokeball""]",False,False
1369802,blurry_foreground,0,30732,"[""blurry_foreground""]",False,True
572346,wide-eyed,0,33636,"[""wide-eyed"", ""shocked_eyes"", ""wide_eyed"", ""wide_eyes"", ""eyes_wide""]",False,False
464578,skull,0,27911,"[""skull"", ""skulls""]",False,False
106450,shield,0,29010,"[""shield"", ""shields""]",False,False
427050,shiny_clothes,0,26815,"[""shiny_clothes""]",False,True
1517199,mature_female,0,35123,"[""mature_female"", ""mature_woman"", ""mature"", ""milf""]",True,False
472916,female_masturbation,0,27768,"[""female_masturbation"", ""masturbation_(female)""]",False,False
516350,white_coat,0,39744,"[""white_coat""]",False,True
380289,missionary,0,30341,"[""missionary"", ""missionary_position""]",False,False
417883,striped_shirt,0,33744,"[""striped_shirt"", ""striped_blouse""]",False,True
1874884,breasts_squeezed_together,0,27351,"[""breasts_squeezed_together"", ""breast_squeeze"", ""breasts_squeeze"", ""breastsqueeze""]",False,False
509884,impossible_clothes,0,27856,"[""impossible_clothes"", ""impossible_clothing""]",False,True
2967,jeans,0,31193,"[""jeans"", ""blue_jeans""]",False,True
1226391,yellow_flower,0,35477,"[""yellow_flower""]",False,True
465871,rabbit,0,28913,"[""rabbit"", ""bunny"", ""rabbits""]",False,False
2467,ghost,0,29449,"[""ghost"", ""ghosts""]",False,False
398889,circlet,0,29721,"[""circlet""]",False,True
446472,red_rose,0,31482,"[""red_rose""]",False,False
508272,belt_buckle,0,34509,"[""belt_buckle""]",False,True
9831,teddy_bear,0,28317,"[""teddy_bear"", ""stuffed_bear"", ""teddybear""]",False,False
15916,hair_down,0,29985,"[""hair_down"", ""hairdown""]",False,False
1515358,blue_theme,0,28344,"[""blue_theme""]",False,False
10538,ice,0,27670,"[""ice""]",False,False
456688,multicolored_eyes,0,32246,"[""multicolored_eyes""]",True,False
667171,holding_umbrella,0,32667,"[""holding_umbrella"", ""holding_parasol""]",False,True
534168,v_arms,0,27039,"[""v_arms"", ""v-arms""]",False,False
381092,paper,0,31098,"[""paper""]",False,False
452445,+_+,0,29717,"[""+_+"", ""starry_eyes"", ""star_eyes""]",False,False
394992,shoulder_bag,0,32059,"[""shoulder_bag""]",False,False
594664,green_shirt,0,35479,"[""green_shirt"", ""green_blouse""]",False,True
417866,serious,0,29426,"[""serious"", ""stern""]",False,False
538768,height_difference,0,31235,"[""height_difference""]",False,False
1644111,official_alternate_hairstyle,0,42618,"[""official_alternate_hairstyle"", ""alternate_hairstyle_(official)""]",False,False
1256698,partially_fingerless_gloves,0,29776,"[""partially_fingerless_gloves"", ""partly_fingerless_gloves""]",False,True
435262,stubble,0,32374,"[""stubble""]",False,False
4145,spear,0,25243,"[""spear"", ""spears""]",False,False
462546,hand_between_legs,0,27473,"[""hand_between_legs"", ""hands_between_legs""]",False,False
8565,sarashi,0,27128,"[""sarashi"", ""bandage_bra"", ""bandagebra""]",False,True
544306,colored_eyelashes,0,33634,"[""colored_eyelashes"", ""orange_eyelashes"", ""silver_eyelashes"", ""white_eyelashes"", ""red_eyelashes"", ""purple_eyelashes"", ""pink_eyelashes"", ""multicolored_eyelashes"", ""grey_eyelashes"", ""green_eyelashes"", ""blue_eyelashes"", ""blonde_eyelashes"", ""aqua_eyelashes"", ""coloured_eyelashes""]",True,False
648056,paw_pose,0,27786,"[""paw_pose"", ""dog_pose"", ""cat_pose""]",False,False
399655,striped_bikini,0,26828,"[""striped_bikini""]",False,True
467285,crystal,0,26914,"[""crystal"", ""crystals""]",False,False
454379,=_=,0,27279,"[""=_=""]",False,False
472727,wooden_floor,0,28952,"[""wooden_floor"", ""hardwood_floor""]",False,False
15571,shawl,0,27675,"[""shawl""]",False,True
701042,bandaged_arm,0,31418,"[""bandaged_arm"", ""bandaged_arms""]",False,True
464562,injury,0,28724,"[""injury"", ""wounds"", ""wounded"", ""injured"", ""injuries""]",False,False
379945,hairpin,0,31452,"[""hairpin"", ""hairpins"", ""hair_pin""]",False,True
660726,rabbit_girl,0,32648,"[""rabbit_girl""]",True,False
11135,rock,0,27978,"[""rock"", ""rocks""]",False,False
4033,lantern,0,28612,"[""lantern"", ""lanterns""]",False,False
467008,hoop_earrings,0,30576,"[""hoop_earrings"", ""hoop_earring""]",True,True
477354,sheathed,0,27564,"[""sheathed""]",False,True
1226390,purple_flower,0,33280,"[""purple_flower""]",False,True
252271,mug,0,29151,"[""mug""]",False,False
394368,bouncing_breasts,0,27799,"[""bouncing_breasts""]",True,False
2006740,unworn_hat,0,25629,"[""unworn_hat"", ""hat_removed"", ""hat_off""]",True,True
466335,object_insertion,0,26402,"[""object_insertion"", ""insertion""]",False,False
2268,popsicle,0,27373,"[""popsicle"", ""icelolly""]",False,False
1312862,blue_bowtie,0,32874,"[""blue_bowtie""]",False,True
3603,lollipop,0,28796,"[""lollipop"", ""lollipops"", ""lolipop""]",False,False
398273,long_legs,0,23651,"[""long_legs""]",False,False
493026,tentacle_hair,0,32510,"[""tentacle_hair""]",True,False
1814875,eyebrows_hidden_by_hair,0,26969,"[""eyebrows_hidden_by_hair"", ""eyebrows_behind_hair""]",True,False
405124,smirk,0,27652,"[""smirk""]",False,False
1559,minigirl,0,26231,"[""minigirl"", ""mini_girl""]",False,False
1339995,green_headwear,0,11866,"[""green_headwear"", ""green_hat""]",True,True
453244,wolf_girl,0,31210,"[""wolf_girl""]",True,False
3478,mirror,0,28537,"[""mirror"", ""mirrors""]",False,False
399,yukata,0,25662,"[""yukata""]",False,True
451370,upside-down,0,26673,"[""upside-down"", ""upside_down"", ""upsidedown""]",False,False
561624,water_drop,0,27105,"[""water_drop"", ""droplets"", ""droplet"", ""water_droplets"", ""water_drops"", ""raindrop"", ""rain_drops"", ""raindrops"", ""rain_drop""]",False,False
643027,light_blue_hair,0,32815,"[""light_blue_hair""]",True,False
464536,bouquet,0,28847,"[""bouquet"", ""bouquets""]",False,False
534968,mini_hat,0,27780,"[""mini_hat"", ""minihat"", ""tiny_hat""]",True,True
643257,white_leotard,0,29656,"[""white_leotard""]",False,True
414971,purple_shirt,0,32458,"[""purple_shirt"", ""purple_blouse""]",False,True
506510,military_hat,0,26148,"[""military_hat"", ""military_cap""]",True,True
400587,reaching,0,30944,"[""reaching"", ""reach""]",False,False
475744,breastplate,0,28722,"[""breastplate"", ""chest_plate"", ""chestplate"", ""breast_plate""]",False,False
400,pajamas,0,28201,"[""pajamas"", ""pyjama"", ""pyjamas"", ""pajama""]",False,True
1516547,brown_headwear,0,10377,"[""brown_headwear"", ""brown_hat""]",True,True
461117,snowing,0,27437,"[""snowing"", ""falling_snow""]",False,False
1343866,black_sleeves,0,36691,"[""black_sleeves""]",False,True
562882,blue_pants,0,34978,"[""blue_pants""]",False,True
520850,bespectacled,0,24960,"[""bespectacled""]",False,True
600222,light_rays,0,26445,"[""light_rays""]",False,False
427398,butt_crack,0,24485,"[""butt_crack"", ""posterior_cleavage"", ""ass_crack"", ""buttcrack""]",False,False
434996,o_o,0,24225,"[""o_o"", ""o.o""]",False,False
457114,dragon_tail,0,30307,"[""dragon_tail""]",True,False
1335533,holding_staff,0,31604,"[""holding_staff""]",False,True
717047,page_number,0,24028,"[""page_number""]",False,False
3661,oni,0,28272,"[""oni""]",False,False
548722,enmaided,0,27685,"[""enmaided""]",False,False
559022,shirt_tucked_in,0,31932,"[""shirt_tucked_in"", ""tucked_in_shirt""]",False,True
712723,striped_bow,0,28059,"[""striped_bow""]",True,True
553015,open_book,0,27808,"[""open_book""]",False,False
690177,tress_ribbon,0,23193,"[""tress_ribbon""]",True,True
507245,glint,0,27232,"[""glint""]",False,False
1081309,mouth_mask,0,30027,"[""mouth_mask"", ""face_mask""]",False,True
387213,handbag,0,26627,"[""handbag"", ""hand_bag"", ""purse""]",False,False
1351963,ass_focus,0,29855,"[""ass_focus"", ""pov_ass""]",False,False
16721,blue_panties,0,24894,"[""blue_panties""]",False,True
610013,pink_lips,0,29857,"[""pink_lips"", ""pink_lipstick""]",True,False
7532,stairs,0,26867,"[""stairs"", ""stairway"", ""staircase"", ""stair"", ""steps""]",False,False
423620,:t,0,26991,"["":t""]",False,False
662799,animal_hood,0,25382,"[""animal_hood""]",False,True
566923,hugging_object,0,25472,"[""hugging_object"", ""object_hug""]",False,False
1359441,collared_dress,0,30717,"[""collared_dress""]",False,True
382969,bow_(weapon),0,24620,"[""bow_(weapon)"", ""bow_and_arrow""]",False,False
458728,waving,0,27423,"[""waving"", ""wave""]",False,False
687736,short_eyebrows,0,28729,"[""short_eyebrows""]",True,False
4357,chocolate,0,24705,"[""chocolate""]",False,False
163224,fins,0,32238,"[""fins"", ""fin""]",False,False
1252945,scar_across_eye,0,28021,"[""scar_across_eye"", ""eye_scar""]",True,True
645753,orange_background,0,30168,"[""orange_background"", ""/orangebg""]",False,False
8807,city,0,26121,"[""city""]",False,False
594859,backless_outfit,0,26068,"[""backless_outfit"", ""backless"", ""open_back""]",False,True
1405752,meme_attire,0,25883,"[""meme_attire""]",False,False
447403,jumping,0,25289,"[""jumping"", ""jump""]",False,False
4909,chopsticks,0,25746,"[""chopsticks"", ""chopstick""]",False,False
513807,hug_from_behind,0,26881,"[""hug_from_behind"", ""back_hug""]",False,False
452112,tabard,0,24065,"[""tabard""]",False,True
16139,mustache,0,30140,"[""mustache"", ""moustache""]",True,False
478262,double_v,0,28431,"[""double_v"", ""double_peace""]",False,False
498828,adjusting_clothes,0,25793,"[""adjusting_clothes""]",False,True
7426,sign,0,26277,"[""sign"", ""signs""]",False,False
487236,long_dress,0,30622,"[""long_dress""]",False,True
397690,motion_blur,0,25611,"[""motion_blur""]",False,False
509379,on_floor,0,26809,"[""on_floor"", ""sitting_on_floor""]",False,False
6207,sportswear,0,25527,"[""sportswear"", ""sports_uniform""]",False,False
1802,leash,0,26762,"[""leash""]",False,False
377888,torn_pantyhose,0,29913,"[""torn_pantyhose""]",False,True
473529,;),0,24594,"["";)""]",False,False
560,card,0,27567,"[""card"", ""cards""]",False,False
7783,pout,0,26519,"[""pout"", ""pouting""]",False,False
376460,fishnet_pantyhose,0,27066,"[""fishnet_pantyhose""]",False,True
428330,brother_and_sister,0,28271,"[""brother_and_sister""]",False,False
5705,ofuda,0,24131,"[""ofuda"", ""paper_talisman""]",False,False
1255562,folded_ponytail,0,22514,"[""folded_ponytail""]",True,False
421492,veiny_penis,0,26810,"[""veiny_penis""]",False,False
464567,mountain,0,24637,"[""mountain"", ""mountains""]",False,False
519572,toenail_polish,0,27448,"[""toenail_polish""]",False,True
553367,turret,0,1195,"[""turret"", ""turrets""]",False,False
1249693,borrowed_character,0,25667,"[""borrowed_character""]",False,False
465048,dog_girl,0,29695,"[""dog_girl""]",True,False
456193,outstretched_hand,0,24699,"[""outstretched_hand"", ""hands_outstretched"", ""hand_outstretched"", ""outstretched_hands""]",False,False
1262298,off-shoulder_dress,0,27663,"[""off-shoulder_dress""]",False,True
469042,2koma,0,29346,"[""2koma""]",False,False
1681089,furry_male,0,34884,"[""furry_male"", ""male_furry""]",True,False
464544,can,0,27155,"[""can"", ""cans""]",False,False
433182,!?,0,26418,"[""!?"", ""!!?"", ""?!!"", ""!?!"", ""interrobang"", ""?!""]",False,False
15224,sand,0,25346,"[""sand""]",False,False
549355,arms_at_sides,0,27179,"[""arms_at_sides""]",False,False
462124,large_penis,0,27556,"[""large_penis"", ""big_penis""]",False,False
11858,forehead_mark,0,26744,"[""forehead_mark""]",False,False
570942,front-tie_bikini_top,0,24609,"[""front-tie_bikini_top"", ""front-tie_bikini""]",False,True
392585,contemporary,0,24720,"[""contemporary"", ""modern_clothing""]",False,False
378561,blue_skin,0,26409,"[""blue_skin""]",True,False
8705,ice_cream,0,25551,"[""ice_cream"", ""ice-creams"", ""ice-cream"", ""icecreams"", ""ice_creams"", ""icecream""]",False,False
2809,spoon,0,25759,"[""spoon"", ""spoons""]",False,False
2312,valentine,0,22279,"[""valentine"", ""valentines_day"", ""valentine's_day"", ""valentien"", ""valentines""]",False,False
1358345,pink_footwear,0,27226,"[""pink_footwear"", ""pink_shoes"", ""pink_boots""]",False,True
2074,vibrator,0,23352,"[""vibrator"", ""vibrators""]",False,False
464582,strawberry,0,25560,"[""strawberry"", ""strawberries""]",False,False
488169,cleft_of_venus,0,32635,"[""cleft_of_venus""]",False,False
681331,heart_hair_ornament,0,26788,"[""heart_hair_ornament""]",True,True
380423,goatee,0,24802,"[""goatee""]",False,False
553797,sharp_fingernails,0,25956,"[""sharp_fingernails"", ""pointy_fingernails""]",False,True
465469,lab_coat,0,26796,"[""lab_coat"", ""labcoat""]",False,True
379632,panties_aside,0,23762,"[""panties_aside"", ""panty_aside""]",False,True
1611666,dakimakura_(medium),0,23420,"[""dakimakura_(medium)"", ""dakimakura""]",False,False
1671,underwater,0,23343,"[""underwater"", ""under_water""]",False,False
508726,cum_overflow,0,25070,"[""cum_overflow"", ""overflow""]",False,True
1447826,notice_lines,0,31503,"[""notice_lines"", ""realization_lines""]",False,False
1835743,black_one-piece_swimsuit,0,23886,"[""black_one-piece_swimsuit"", ""black_swimsuit""]",False,True
3429,drink,0,25576,"[""drink"", ""beverage"", ""drinks""]",False,False
8418,fence,0,24217,"[""fence""]",False,False
622688,muscular_female,0,25628,"[""muscular_female""]",True,False
978099,nipple_stimulation,0,24778,"[""nipple_stimulation""]",False,False
7486,fighting_stance,0,24071,"[""fighting_stance"", ""battle_stance""]",False,False
456370,hands_in_pockets,0,25381,"[""hands_in_pockets""]",False,False
550131,large_areolae,0,23991,"[""large_areolae"", ""big_areola"", ""big_areolae"", ""large_areola""]",False,False
1363594,red_hairband,0,25814,"[""red_hairband""]",True,True
401340,nose,0,22900,"[""nose""]",False,False
446622,hime_cut,0,23415,"[""hime_cut"", ""princess_cut"", ""himecut""]",True,False
2205,mouse_ears,0,25277,"[""mouse_ears"", ""rat_ears"", ""nezumimi""]",True,False
478640,hair_bell,0,23835,"[""hair_bell"", ""bell_hair_ornament"", ""hairbells"", ""hair_bells"", ""hairbell""]",False,False
442898,skirt_hold,0,23864,"[""skirt_hold"", ""dress_hold""]",False,True
1757,music,0,25206,"[""music""]",False,False
9434,wedding_dress,0,23158,"[""wedding_dress"", ""weddingdress""]",False,True
643286,full-face_blush,0,23622,"[""full-face_blush"", ""full_face_blush""]",False,False
1349592,blue_kimono,0,25934,"[""blue_kimono"", ""blue_yukata""]",False,True
667849,bandaid_on_face,0,26263,"[""bandaid_on_face""]",True,False
397045,railing,0,25044,"[""railing""]",False,False
13027,fork,0,24966,"[""fork""]",False,False
375144,nurse_cap,0,24311,"[""nurse_cap"", ""nurse_hat""]",True,True
411759,cum_on_hair,0,22255,"[""cum_on_hair"", ""semen_on_hair"", ""cum_in_hair""]",False,False
494337,purple_ribbon,0,24894,"[""purple_ribbon""]",True,True
526693,holding_clothes,0,0,"[""holding_clothes""]",False,True
16609,bloomers,0,22776,"[""bloomers""]",False,True
535691,butterfly_hair_ornament,0,24967,"[""butterfly_hair_ornament""]",True,True
3313,dragon,0,27267,"[""dragon""]",False,False
646549,red_cape,0,27207,"[""red_cape""]",False,True
594404,hat_flower,0,25156,"[""hat_flower""]",False,True
471090,hair_tie,0,23243,"[""hair_tie"", ""hair_ties"", ""hairtie""]",False,False
464569,palm_tree,0,23630,"[""palm_tree"", ""palm_trees""]",False,False
609887,blue_gloves,0,25976,"[""blue_gloves""]",False,True
409364,covering_breasts,0,21545,"[""covering_breasts"", ""handbra"", ""breasts_covering"", ""breast_cover"", ""breast_covering""]",False,True
448882,|_|,0,21980,"[""|_|"", ""||_||""]",False,False
1569656,arrow_(symbol),0,25854,"[""arrow_(symbol)"", ""directional_arrows"", ""directional_arrow""]",False,False
541903,purple_nails,0,26279,"[""purple_nails"", ""lavender_nails"", ""purple_fingernails""]",False,False
1582,miko,0,21212,"[""miko"", ""shrine_maiden""]",False,True
376102,realistic,0,23439,"[""realistic""]",False,False
550405,holding_flower,0,26942,"[""holding_flower""]",False,False
460911,tiles,0,25660,"[""tiles"", ""tile""]",False,False
1648,oekaki,0,25160,"[""oekaki""]",False,False
10440,door,0,23066,"[""door"", ""doors""]",False,False
4318,pasties,0,24597,"[""pasties""]",False,True
548703,sitting_on_person,0,24171,"[""sitting_on_person"", ""sitting_on""]",False,False
384441,alternate_color,0,24195,"[""alternate_color"", ""alternate_colors"", ""/acol"", ""/ac"", ""alternative_color""]",False,False
7508,straw_hat,0,24121,"[""straw_hat""]",True,True
527256,green_ribbon,0,24361,"[""green_ribbon""]",True,True
13207,bandana,0,23805,"[""bandana"", ""bandanna""]",False,True
1505129,chinese_text,0,29538,"[""chinese_text"", ""chinese""]",False,False
1304046,black_bodysuit,0,30054,"[""black_bodysuit""]",False,True
390589,branch,0,24269,"[""branch"", ""tree_branch"", ""branches""]",False,False
1372733,blue_leotard,0,23846,"[""blue_leotard""]",False,True
667463,visor_cap,0,24506,"[""visor_cap""]",True,True
394528,winter_uniform,0,36633,"[""winter_uniform""]",False,True
1755,dildo,0,22586,"[""dildo""]",False,False
659868,covering_own_mouth,0,23669,"[""covering_own_mouth"", ""hands_over_own_mouth"", ""covering_mouth"", ""hands_over_mouth"", ""hiding_mouth""]",False,True
1243463,orange_bow,0,22369,"[""orange_bow""]",True,True
498413,jacket_on_shoulders,0,24073,"[""jacket_on_shoulders"", ""jacket_over_shoulders"", ""coat_over_shoulders""]",False,False
486,doll,0,22085,"[""doll"", ""dolls""]",False,False
5621,smoking,0,24200,"[""smoking""]",False,False
547289,drawstring,0,24898,"[""drawstring"", ""drawstrings""]",False,True
1354790,yellow_ascot,0,24697,"[""yellow_ascot"", ""yellow_jabot""]",False,True
1053124,sideways_glance,0,27769,"[""sideways_glance"", ""side_glance""]",False,False
621064,red_vest,0,23710,"[""red_vest""]",False,True
1307840,stud_earrings,0,27160,"[""stud_earrings"", ""ear_studs"", ""ear_stud""]",True,True
656161,hand_on_own_cheek,0,25280,"[""hand_on_own_cheek"", ""hand_on_cheek"", ""hand_to_cheek""]",False,False
2367,blindfold,0,22288,"[""blindfold"", ""blindfolded""]",False,True
5953,snake,0,23499,"[""snake"", ""snakes""]",False,False
1328010,fur-trimmed_jacket,0,27340,"[""fur-trimmed_jacket"", ""fur-lined_jacket""]",False,True
1315939,brown_belt,0,28896,"[""brown_belt""]",False,True
530083,kneepits,0,23192,"[""kneepits"", ""knee_pit"", ""kneepit""]",False,False
2562,camera,0,23095,"[""camera""]",False,False
1256471,off-shoulder_shirt,0,24050,"[""off-shoulder_shirt""]",False,True
444411,licking_lips,0,22432,"[""licking_lips"", ""lip_licking""]",True,True
614988,pink_jacket,0,28654,"[""pink_jacket""]",False,True
15987,logo,0,49941,"[""logo""]",False,False
1329246,center_frills,0,24529,"[""center_frills""]",False,True
457574,horizon,0,22457,"[""horizon""]",False,False
1327458,steaming_body,0,26381,"[""steaming_body""]",False,False
1332478,shrug_(clothing),0,25073,"[""shrug_(clothing)"", ""naked_shrug""]",False,True
397574,panties_around_one_leg,0,21271,"[""panties_around_one_leg"", ""panties_around_leg"", ""/paol""]",False,True
543958,bags_under_eyes,0,27882,"[""bags_under_eyes"", ""dark_circles"", ""eyebags"", ""eye_circles""]",True,False
583983,black_cape,0,25390,"[""black_cape""]",False,True
456585,pink_bra,0,20918,"[""pink_bra""]",False,True
15126,interracial,0,24292,"[""interracial""]",False,False
552306,criss-cross_halter,0,24488,"[""criss-cross_halter"", ""criss_cross_halter""]",False,True
2614,shota,0,21918,"[""shota""]",False,False
472943,black_sclera,0,24322,"[""black_sclera""]",False,False
165438,anklet,0,21995,"[""anklet"", ""ankle_bracelets"", ""ankle_bracelet"", ""leg_bracelet"", ""anklets""]",False,True
580906,low_wings,0,25989,"[""low_wings"", ""waist_wings"", ""hip_wings"", ""lower_back_wings""]",True,False
465444,antennae,0,21402,"[""antennae"", ""antenna""]",False,False
464583,sunflower,0,21969,"[""sunflower"", ""sunflowers""]",False,False
670983,hand_on_another's_shoulder,0,26403,"[""hand_on_another's_shoulder""]",False,False
10549,clitoris,0,20229,"[""clitoris"", ""clit""]",False,False
421198,center_opening,0,21431,"[""center_opening"", ""absolute_cleavage""]",False,True
379820,aircraft,0,20552,"[""aircraft""]",False,False
375266,top-down_bottom-up,0,21223,"[""top-down_bottom-up"", ""face_down_ass_up"", ""face-down_ass-up"", ""ass-up_head-down"", ""top-down-bottom-up"", ""top_down_bottom_up"", ""/tdbu""]",False,False
1301111,white_sweater,0,24893,"[""white_sweater""]",False,True
499629,headpiece,0,21234,"[""headpiece""]",False,True
531754,long_bangs,0,30557,"[""long_bangs""]",True,False
5160,gag,0,21897,"[""gag""]",False,False
471181,eyeliner,0,27546,"[""eyeliner""]",True,False
461529,apple,0,22741,"[""apple"", ""apples""]",False,False
578430,floral_background,0,23527,"[""floral_background"", ""/floralbg"", ""flower_background""]",False,False
1602539,vision_(genshin_impact),0,23065,"[""vision_(genshin_impact)""]",False,False
1256690,suspender_skirt,0,21998,"[""suspender_skirt"", ""jumper_skirt""]",False,True
680569,foot_focus,0,25457,"[""foot_focus"", ""feet_focus"", ""pov_feet""]",False,False
420598,highleg_panties,0,21896,"[""highleg_panties""]",False,True
393578,beanie,0,24056,"[""beanie"", ""toque"", ""tuque""]",False,True
560167,character_doll,0,24116,"[""character_doll""]",False,False
643824,grabbing_from_behind,0,22126,"[""grabbing_from_behind""]",False,True
481511,red_lips,0,25793,"[""red_lips"", ""red_lipstick""]",True,False
470562,spaghetti_strap,0,23743,"[""spaghetti_strap"", ""spaghetti_straps""]",False,True
526218,bandeau,0,20797,"[""bandeau""]",False,True
572684,white_scarf,0,23435,"[""white_scarf""]",False,True
407647,adjusting_hair,0,21313,"[""adjusting_hair""]",False,False
387050,sun,0,21582,"[""sun""]",False,False
460323,pink_bikini,0,21527,"[""pink_bikini"", ""pink_bikini_top"", ""pink_bikini_bottom""]",False,True
9260,blanket,0,21504,"[""blanket""]",False,True
455932,size_difference,0,22426,"[""size_difference""]",False,False
524661,folding_fan,0,20879,"[""folding_fan""]",False,False
594129,head_out_of_frame,0,21222,"[""head_out_of_frame"", ""cropped_head"", ""eyes_out_of_frame""]",False,False
518422,covered_mouth,0,22187,"[""covered_mouth"", ""hidden_mouth"", ""mouth_covered""]",False,False
1077303,underbust,0,21303,"[""underbust""]",False,True
1241714,korean_text,0,26495,"[""korean_text"", ""korean""]",False,False
8891,zoom_layer,0,23402,"[""zoom_layer"", ""zoomlayer""]",False,False
392031,groping,0,89205,"[""groping"", ""fondle"", ""fondling"", ""grope""]",False,False
705211,fake_horns,0,25401,"[""fake_horns""]",True,False
505450,gift_box,0,21620,"[""gift_box""]",False,False
460642,spread_arms,0,21245,"[""spread_arms"", ""arms_spread""]",False,False
5228,wand,0,21168,"[""wand"", ""magic_wand""]",False,False
1622419,straight-on,0,30763,"[""straight-on"", ""head-on""]",False,False
668671,holding_knife,0,25717,"[""holding_knife""]",False,True
454489,no_nose,0,24306,"[""no_nose""]",False,False
1387418,back_bow,0,24835,"[""back_bow""]",True,True
720637,chromatic_aberration,0,25315,"[""chromatic_aberration""]",False,False
482679,facing_away,0,23141,"[""facing_away""]",False,False
1447595,foot_out_of_frame,0,26275,"[""foot_out_of_frame""]",False,False
605892,pov_hands,0,24786,"[""pov_hands"", ""hand_pov""]",False,True
1310938,white_one-piece_swimsuit,0,21968,"[""white_one-piece_swimsuit"", ""white_swimsuit""]",False,True
640898,alternate_hair_length,0,21338,"[""alternate_hair_length"", ""/ahl"", ""alternative_hair_length""]",False,False
1328421,crown_braid,0,23933,"[""crown_braid""]",True,False
444095,tail_ornament,0,21965,"[""tail_ornament""]",True,False
541716,yokozuwari,0,20363,"[""yokozuwari""]",False,False
450779,emblem,0,19739,"[""emblem""]",False,False
742715,adjusting_eyewear,0,21838,"[""adjusting_eyewear"", ""adjusting_sunglasses"", ""adjusting_glasses""]",False,True
1569657,arrow_(projectile),0,19918,"[""arrow_(projectile)"", ""arrows""]",False,False
432198,arched_back,0,19509,"[""arched_back""]",False,False
695937,white_outline,0,29660,"[""white_outline""]",False,True
297980,hanging_breasts,0,21058,"[""hanging_breasts"", ""hanging_boob"", ""hangingboob""]",True,False
560473,partially_visible_vulva,0,20770,"[""partially_visible_vulva""]",False,True
843399,double-breasted,0,25660,"[""double-breasted""]",False,True
520839,sound_effects,0,26022,"[""sound_effects"", ""sfx"", ""onomatopoeia""]",False,False
442577,ahegao,0,20608,"[""ahegao""]",False,False
474819,brown_thighhighs,0,25488,"[""brown_thighhighs""]",False,True
1352777,eighth_note,0,19249,"[""eighth_note"", ""quaver""]",False,False
4816,gakuran,0,20505,"[""gakuran""]",False,True
16738,geta,0,19107,"[""geta""]",False,True
383337,sailor_hat,0,18869,"[""sailor_hat"", ""sailor_cap""]",True,True
10801,android,0,22455,"[""android"", ""gynoid""]",False,False
15395,clock,0,20688,"[""clock"", ""clocks""]",False,False
246,nun,0,24773,"[""nun""]",False,True
1332796,round_teeth,0,18426,"[""round_teeth""]",False,False
451767,food_on_face,0,21148,"[""food_on_face"", ""food_on_cheek""]",False,True
1389122,black_collar,0,26555,"[""black_collar""]",False,True
8104,angel,0,21340,"[""angel"", ""angel_costume"", ""archangel"", ""angels"", ""tenshi""]",False,False
1260354,text_focus,0,17664,"[""text_focus"", ""text""]",False,False
409425,bookshelf,0,20482,"[""bookshelf"", ""bookcase"", ""bookshelves""]",False,False
6032,tabi,0,19533,"[""tabi""]",False,True
397380,name_tag,0,19919,"[""name_tag"", ""nametag""]",False,False
1263229,hand_on_headwear,0,19935,"[""hand_on_headwear"", ""hand_on_hat""]",False,True
457877,leaning_back,0,20093,"[""leaning_back""]",False,False
297241,smug,0,22991,"[""smug""]",False,False
1113504,hair_behind_ear,0,25810,"[""hair_behind_ear""]",True,False
818365,selfie,0,21574,"[""selfie"", ""self_shot""]",False,False
448279,cabbie_hat,0,20419,"[""cabbie_hat""]",True,True
542666,flipped_hair,0,23487,"[""flipped_hair"", ""soto-hane""]",True,False
1801550,single_side_bun,0,25845,"[""single_side_bun"", ""side_bun""]",True,True
578,lactation,0,19516,"[""lactation"", ""lactating"", ""milk_breasts"", ""milking""]",False,False
2898,basket,0,19910,"[""basket""]",False,False
451332,bun_cover,0,19013,"[""bun_cover"", ""bun_covers""]",False,False
524779,microskirt,0,20244,"[""microskirt""]",False,True
390064,gagged,0,19450,"[""gagged""]",False,False
1372775,pinafore_dress,0,22494,"[""pinafore_dress"", ""jumper""]",False,True
676924,anchor_symbol,0,18040,"[""anchor_symbol""]",False,False
1781,car,0,21239,"[""car"", ""cars""]",False,False
1764,guitar,0,21027,"[""guitar""]",False,False
448621,arm_warmers,0,19817,"[""arm_warmers"", ""armwarmers""]",False,True
4974,gangbang,0,18900,"[""gangbang"", ""gang_sex"", ""gangsex"", ""gangrape"", ""gang_rape"", ""gang_bang""]",False,False
4308,pen,0,20913,"[""pen""]",False,False
693118,absurdly_long_hair,0,21788,"[""absurdly_long_hair"", ""hair_past_feet"", ""extremely_long_hair""]",True,False
381163,petticoat,0,18817,"[""petticoat""]",False,True
662424,frog_hair_ornament,0,18082,"[""frog_hair_ornament""]",True,True
1335363,arm_tattoo,0,25031,"[""arm_tattoo""]",False,False
305065,saliva_trail,0,20380,"[""saliva_trail"", ""saliva_string""]",False,False
440780,sailor_shirt,0,21684,"[""sailor_shirt""]",False,True
331704,bodystocking,0,20139,"[""bodystocking"", ""bodystocking_under_clothes""]",False,True
399930,highleg_swimsuit,0,1023,"[""highleg_swimsuit""]",False,True
603647,frilled_shirt,0,23226,"[""frilled_shirt"", ""frilled_blouse""]",False,True
411783,potted_plant,0,22112,"[""potted_plant"", ""potted_plants""]",False,False
420,onsen,0,19150,"[""onsen"", ""hot_springs"", ""hot_spring"", ""hotspring""]",False,False
1635846,tracen_school_uniform,0,22830,"[""tracen_school_uniform""]",False,False
522051,on_head,0,19914,"[""on_head""]",True,False
558436,silent_comic,0,20202,"[""silent_comic""]",False,False
9586,habit,0,17912,"[""habit""]",False,False
453768,fairy_wings,0,18860,"[""fairy_wings""]",True,False
610524,star-shaped_pupils,0,21238,"[""star-shaped_pupils""]",True,False
149791,drinking,0,19774,"[""drinking"", ""sipping""]",False,False
1618371,body_fur,0,23055,"[""body_fur""]",False,True
1862786,reaching_towards_viewer,0,22695,"[""reaching_towards_viewer"", ""reaching_out""]",False,True
653480,yellow_jacket,0,22775,"[""yellow_jacket""]",False,True
501706,card_(medium),0,21111,"[""card_(medium)""]",False,False
529493,jack-o'-lantern,0,18454,"[""jack-o'-lantern"", ""jack_o'_lantern"", ""jack-o-lantern"", ""jack_o_lantern""]",False,False
407056,unbuttoned,0,17810,"[""unbuttoned""]",False,True
479176,bird_wings,0,18657,"[""bird_wings""]",True,True
375285,winter_clothes,0,19683,"[""winter_clothes""]",False,True
9044,leg_lift,0,17533,"[""leg_lift"", ""leg_raised"", ""leg_raise"", ""raised_leg""]",False,False
495530,bikini_under_clothes,0,19357,"[""bikini_under_clothes""]",False,True
481383,wristwatch,0,20227,"[""wristwatch"", ""wrist_watch""]",False,True
392133,heart_censor,0,18637,"[""heart_censor"", ""censor_heart""]",False,False
2276,pool,0,19102,"[""pool"", ""swimming_pool""]",False,False
403785,lowleg,0,17216,"[""lowleg""]",False,False
379970,bound_wrists,0,20458,"[""bound_wrists"", ""hands_tied"", ""wrists_bound"", ""tied_wrists"", ""tied_hands"", ""hands_bound"", ""bound_hands""]",False,False
584250,summer_uniform,0,25073,"[""summer_uniform""]",False,True
484924,heart_hands,0,23100,"[""heart_hands""]",False,False
9351,gothic_lolita,0,17985,"[""gothic_lolita"", ""gosurori"", ""gothloli""]",False,True
3714,cannon,0,16975,"[""cannon"", ""cannons""]",False,False
670635,cross-laced_clothes,0,21306,"[""cross-laced_clothes"", ""cross-laced_clothing""]",False,True
390591,nipple_slip,0,18056,"[""nipple_slip"", ""nip_slip"", ""nippleslip"", ""nipslip""]",False,True
414765,hair_over_eyes,0,21411,"[""hair_over_eyes"", ""hair_covering_eyes""]",True,False
413878,electricity,0,19808,"[""electricity""]",False,False
455615,cow_print,0,19041,"[""cow_print"", ""cowprint""]",False,True
8822,eyeball,0,17784,"[""eyeball"", ""eyeballs""]",False,False
5252,cow_ears,0,18430,"[""cow_ears"", ""ushimimi""]",True,False
617956,brown_shirt,0,23924,"[""brown_shirt"", ""brown_blouse""]",False,True
1258734,looking_ahead,0,32250,"[""looking_ahead""]",False,False
3468,classroom,0,19002,"[""classroom"", ""class_room""]",False,False
5626,antlers,0,21170,"[""antlers""]",False,False
537093,lace-up_boots,0,18700,"[""lace-up_boots"", ""laced_boots"", ""lace_up_boots""]",False,True
2181,cheerleader,0,18724,"[""cheerleader"", ""cheergirl""]",False,True
16704,glass,0,19107,"[""glass""]",True,False
484456,back-to-back,0,18013,"[""back-to-back"", ""back_to_back""]",False,False
571873,checkered_clothes,0,19403,"[""checkered_clothes"", ""checkered_clothing""]",False,True
1571375,poke_ball_(basic),0,18279,"[""poke_ball_(basic)"", ""poke_ball_(generic)""]",False,True
669725,holding_bag,0,23889,"[""holding_bag"", ""holding_purse"", ""holding_backpack""]",False,True
1303251,grey_pants,0,24652,"[""grey_pants"", ""gray_pants""]",False,True
1374209,food-themed_hair_ornament,0,20440,"[""food-themed_hair_ornament"", ""food_hair_ornament"", ""food_themed_hair_ornament""]",True,False
468449,brown_dress,0,24976,"[""brown_dress""]",False,True
11030,silhouette,0,17800,"[""silhouette""]",False,False
133767,swimsuit_under_clothes,0,17132,"[""swimsuit_under_clothes"", ""/suc""]",False,True
406034,arm_grab,0,15284,"[""arm_grab"", ""grabbing_arm"", ""arm_hold""]",False,False
639717,taut_clothes,0,16961,"[""taut_clothes"", ""taut_clothing""]",False,True
408040,hitodama,0,16684,"[""hitodama"", ""fox_fire"", ""soul_flame"", ""spirit_flame""]",False,False
2586,witch,0,18402,"[""witch"", ""sorceress"", ""witch_costume""]",False,False
588702,vambraces,0,18168,"[""vambraces"", ""vambrace""]",False,False
5214,overalls,0,21826,"[""overalls""]",False,True
1262171,holding_bottle,0,21172,"[""holding_bottle""]",False,True
476771,bush,0,19757,"[""bush"", ""shrubbery"", ""bushes""]",False,False
684289,spoken_question_mark,0,20553,"[""spoken_question_mark""]",False,False
1667541,pom_pom_(cheerleading),0,18632,"[""pom_pom_(cheerleading)"", ""pom_poms"", ""pom-pons"", ""pom-pon"", ""pompons"", ""pompon"", ""pom-poms"", ""pom-pom"", ""pompom"", ""pompoms""]",False,True
1410771,artist_logo,0,22737,"[""artist_logo""]",False,False
1516549,pink_headwear,0,5924,"[""pink_headwear"", ""pink_hat""]",True,True
1285325,wrist_scrunchie,0,19905,"[""wrist_scrunchie"", ""scrunchie_on_wrist""]",True,True
509,pocky,0,17078,"[""pocky"", ""pepero""]",False,False
1314823,black_sweater,0,22646,"[""black_sweater""]",False,True
11270,mittens,0,17059,"[""mittens"", ""mitts""]",False,True
1322401,black_horns,0,29177,"[""black_horns""]",True,False
469224,blue_thighhighs,0,18305,"[""blue_thighhighs""]",False,True
661340,holding_poke_ball,0,17842,"[""holding_poke_ball"", ""holding_pokeball""]",False,True
42918,scales,0,19822,"[""scales""]",False,False
493832,military_vehicle,0,18186,"[""military_vehicle""]",False,True
607626,hair_stick,0,18352,"[""hair_stick"", ""hair_sticks""]",False,True
450337,ankle_boots,0,18171,"[""ankle_boots""]",False,True
84427,reading,0,17961,"[""reading""]",False,False
1601823,retro_artstyle,0,18570,"[""retro_artstyle"", ""oldschool""]",False,False
1276712,layered_sleeves,0,26090,"[""layered_sleeves""]",False,True
613947,toeless_legwear,0,18927,"[""toeless_legwear"", ""toeless_socks""]",False,True
526607,print_bikini,0,22232,"[""print_bikini""]",False,False
493887,food_in_mouth,0,19901,"[""food_in_mouth""]",False,False
375026,headdress,0,16303,"[""headdress""]",True,True
535186,breast_pocket,0,20239,"[""breast_pocket"", ""chest_pocket"", ""shirt_pocket""]",False,False
458819,talking,0,17684,"[""talking""]",False,False
1509969,hip_focus,0,15375,"[""hip_focus"", ""hips""]",False,False
445092,wince,0,15313,"[""wince"", ""cringe""]",False,False
1297465,pulled_by_self,0,0,"[""pulled_by_self""]",False,False
8318,nipple_tweak,0,17525,"[""nipple_tweak"", ""nipple_pinch""]",False,False
4572,candle,0,18873,"[""candle"", ""candles""]",False,False
1574,magic,0,17837,"[""magic""]",False,False
391568,assault_rifle,0,17712,"[""assault_rifle""]",False,False
377998,petite,0,19467,"[""petite""]",False,False
1257079,print_kimono,0,20528,"[""print_kimono"", ""print_yukata""]",False,False
1447858,feather_hair_ornament,0,19065,"[""feather_hair_ornament"", ""hair_feathers"", ""feather_in_hair"", ""hair_feather""]",True,True
232297,gohei,0,16401,"[""gohei""]",False,False
1501454,tinted_eyewear,0,25103,"[""tinted_eyewear"", ""colored_lenses""]",True,True
665407,hand_to_own_mouth,0,17298,"[""hand_to_own_mouth"", ""hand_on_lips"", ""hand_to_lip"", ""hand_to_mouth"", ""hands_to_own_mouth"", ""hands_to_mouth""]",False,False
435550,headpat,0,17901,"[""headpat"", ""patting_head"", ""head_pat""]",False,False
574501,ringed_eyes,0,21267,"[""ringed_eyes""]",True,False
393028,controller,0,18159,"[""controller""]",False,False
414957,confetti,0,20440,"[""confetti""]",False,False
576287,blood_on_clothes,0,22902,"[""blood_on_clothes"", ""bloody_clothes"", ""blood-stained_clothes""]",False,True
423612,wedding_ring,0,16690,"[""wedding_ring"", ""wedding_band""]",False,True
477517,chinese_zodiac,0,17815,"[""chinese_zodiac""]",False,False
416906,bangle,0,17418,"[""bangle"", ""bangles""]",False,True
464543,cable,0,19545,"[""cable"", ""electrical_wire"", ""cords"", ""cord"", ""cables"", ""electric_cable""]",False,False
1297657,zipper_pull_tab,0,20335,"[""zipper_pull_tab""]",False,False
517935,purple_bikini,0,17384,"[""purple_bikini"", ""purple_bikini_top"", ""purple_bikini_bottom""]",False,True
378454,wind_lift,0,16032,"[""wind_lift"", ""windlift"", ""skirt_blow"", ""ecchi_no_kaze""]",False,False
397155,huge_ass,0,20752,"[""huge_ass"", ""thick_ass"", ""big_ass"", ""big_butt""]",False,False
10280,flag,0,17564,"[""flag"", ""flags""]",False,False
10713,unzipped,0,15985,"[""unzipped""]",False,True
11173,sundress,0,16580,"[""sundress"", ""sun_dress"", ""summer_dress"", ""summerdress""]",False,True
526025,pleated_dress,0,21890,"[""pleated_dress""]",False,True
488078,purple_jacket,0,20154,"[""purple_jacket""]",False,True
713203,crotch_seam,0,17915,"[""crotch_seam""]",False,True
397948,road,0,17980,"[""road""]",False,False
374936,lamp,0,17434,"[""lamp"", ""lamps""]",False,False
663804,armored_dress,0,15608,"[""armored_dress"", ""armoured_dress""]",False,True
704492,armored_boots,0,17445,"[""armored_boots"", ""metal_boots""]",False,True
2319,fantasy,0,16218,"[""fantasy""]",False,False
682963,claw_pose,0,19202,"[""claw_pose""]",False,False
646445,mask_on_head,0,20058,"[""mask_on_head""]",True,True
1339640,midriff_peek,0,20199,"[""midriff_peek"", ""stomach_peek"", ""belly_peek""]",False,True
843857,red_kimono,0,18179,"[""red_kimono"", ""red_yukata""]",False,True
871328,black_kimono,0,20389,"[""black_kimono"", ""black_yukata""]",False,True
838605,animal_focus,0,26253,"[""animal_focus""]",False,False
14859,pointless_censoring,0,15134,"[""pointless_censoring"", ""pointless_censorship""]",False,False
529429,covered_eyes,0,18450,"[""covered_eyes"", ""eyes_covered""]",True,False
152,ninja,0,16932,"[""ninja"", ""kunoichi""]",False,False
616593,purple_gloves,0,18937,"[""purple_gloves""]",False,True
2231,fairy,0,16794,"[""fairy"", ""faerie"", ""pixie"", ""fairies""]",False,False
11883,cityscape,0,17788,"[""cityscape""]",False,False
482857,joints,0,18941,"[""joints""]",False,False
485597,grey_dress,0,20427,"[""grey_dress"", ""gray_dress""]",False,True
376451,inverted_nipples,0,16744,"[""inverted_nipples"", ""sunken_nipples""]",False,False
1804525,bridal_garter,0,16169,"[""bridal_garter"", ""thigh_garter"", ""leg_garter""]",False,True
461439,tube_top,0,19261,"[""tube_top"", ""tubetop""]",False,True
408359,bare_back,0,17663,"[""bare_back""]",False,True
720760,holding_tray,0,19239,"[""holding_tray""]",False,True
1230896,horn_ornament,0,16473,"[""horn_ornament""]",True,False
446289,cow_horns,0,16881,"[""cow_horns""]",True,False
394881,school_desk,0,17876,"[""school_desk""]",False,False
1250483,holding_fan,0,19666,"[""holding_fan""]",False,True
644684,chestnut_mouth,0,16277,"[""chestnut_mouth""]",False,False
374533,creature,0,20368,"[""creature"", ""creatures""]",False,False
699839,halloween_costume,0,18799,"[""halloween_costume""]",False,True
12457,tatami,0,17107,"[""tatami""]",False,False
412037,open_fly,0,16507,"[""open_fly"", ""unbuttoned_shorts"", ""unbuttoned_pants""]",False,True
2880,scythe,0,16183,"[""scythe""]",False,False
280408,salute,0,16409,"[""salute""]",False,False
2780,beachball,0,16541,"[""beachball"", ""beach_ball""]",False,False
3880,light,0,15062,"[""light""]",False,False
407744,happy_sex,0,16472,"[""happy_sex""]",False,False
4436,bench,0,16795,"[""bench""]",False,False
498201,mini_crown,0,17556,"[""mini_crown"", ""tiny_crown""]",True,True
458,nurse,0,16620,"[""nurse"", ""nurse_uniform"", ""nurse_outfit""]",False,False
1396655,white_capelet,0,20815,"[""white_capelet""]",False,True
211409,wet_shirt,0,16396,"[""wet_shirt"", ""wet_blouse"", ""wet_t-shirt"", ""wetshirt""]",False,False
1685910,painting_(medium),0,20652,"[""painting_(medium)"", ""paint_(medium)""]",False,False
416331,animal_costume,0,16382,"[""animal_costume""]",False,True
6158,orgasm,0,17004,"[""orgasm""]",False,False
785234,shoulder_cutout,0,21330,"[""shoulder_cutout""]",False,True
669033,triangle_mouth,0,16814,"[""triangle_mouth""]",False,False
394150,blue_rose,0,17338,"[""blue_rose""]",False,False
3992,bucket,0,16266,"[""bucket"", ""pail""]",False,False
23249,everyone,0,15273,"[""everyone"", ""everybody"", ""group""]",False,False
568920,+++,0,17670,"[""+++""]",False,False
500740,very_short_hair,0,22537,"[""very_short_hair""]",True,False
484631,naked_shirt,0,15958,"[""naked_shirt"", ""nude_shirt""]",False,True
614827,tachi-e,0,21706,"[""tachi-e""]",False,False
686321,half_gloves,0,19177,"[""half_gloves"", ""short_gloves""]",False,True
377169,stuffed_rabbit,0,16280,"[""stuffed_rabbit"", ""stuffed_bunny""]",False,False
1257811,on_couch,0,20470,"[""on_couch"", ""on_sofa""]",False,False
15131,riding,0,16762,"[""riding""]",False,False
656166,hands_on_own_face,0,17824,"[""hands_on_own_face"", ""hands_on_face"", ""hands_to_face""]",False,False
185924,key,0,16116,"[""key"", ""keys""]",False,False
723097,after_vaginal,0,17565,"[""after_vaginal""]",False,False
525152,white_fur,0,21384,"[""white_fur""]",False,False
6318,space,0,16767,"[""space"", ""outer_space""]",False,False
656170,hands_on_own_chest,0,15791,"[""hands_on_own_chest"", ""hands_on_chest"", ""hands_to_chest""]",False,False
6312,femdom,0,16872,"[""femdom""]",False,False
516299,style_parody,0,15671,"[""style_parody""]",False,False
545704,blue_hairband,0,19240,"[""blue_hairband""]",True,True
390148,green_skin,0,19789,"[""green_skin""]",True,False
617541,brown_pants,0,21211,"[""brown_pants""]",False,True
1303436,red_choker,0,17691,"[""red_choker""]",False,True
624352,strap_gap,0,14325,"[""strap_gap""]",False,False
572672,japanese_armor,0,18507,"[""japanese_armor"", ""japanese_armour"", ""samurai_armor""]",False,False
498546,male_underwear,0,16915,"[""male_underwear"", ""underwear_(male)""]",False,True
1379926,black_hoodie,0,18951,"[""black_hoodie""]",False,True
1609981,uneven_legwear,0,15201,"[""uneven_legwear""]",False,True
1342276,blue_halo,0,28502,"[""blue_halo""]",True,False
1367435,falling_petals,0,24467,"[""falling_petals"", ""petals_in_wind"", ""flying_petals""]",False,True
43263,anchor,0,14016,"[""anchor""]",False,False
461639,happy_new_year,0,16053,"[""happy_new_year""]",False,False
251010,tiger_ears,0,16248,"[""tiger_ears""]",True,False
615659,blue_vest,0,17861,"[""blue_vest""]",False,True
464560,frog,0,14117,"[""frog"", ""frogs""]",False,False
375110,haori,0,17507,"[""haori""]",False,True
288161,office_lady,0,16515,"[""office_lady"", ""ol"", ""officelady""]",False,False
811495,undercut,0,16621,"[""undercut""]",False,False
678558,hand_on_own_chin,0,18856,"[""hand_on_own_chin"", ""hand_on_chin"", ""hand_to_chin""]",False,False
389456,holster,0,16145,"[""holster""]",False,False
230,waitress,0,14592,"[""waitress""]",False,True
1267724,symbol_in_eye,0,20135,"[""symbol_in_eye""]",True,False
656167,hand_on_another's_face,0,19718,"[""hand_on_another's_face""]",False,False
933253,on_chair,0,23374,"[""on_chair""]",False,False
638006,thighlet,0,15903,"[""thighlet""]",False,True
466164,laughing,0,16416,"[""laughing"", ""laugh""]",False,False
394722,wet_hair,0,15409,"[""wet_hair""]",True,False
1420938,holding_polearm,0,20199,"[""holding_polearm"", ""holding_trident"", ""holding_halberd"", ""holding_lance"", ""holding_spear"", ""holding_naginata""]",False,True
2802,earmuffs,0,14288,"[""earmuffs"", ""earmuff"", ""ear_muffs""]",False,False
473213,red_thighhighs,0,21713,"[""red_thighhighs""]",False,True
3242,airplane,0,14702,"[""airplane"", ""airplanes"", ""aeroplane"", ""planes"", ""plane""]",False,False
480027,purple_thighhighs,0,18615,"[""purple_thighhighs""]",False,True
675233,open_cardigan,0,17984,"[""open_cardigan"", ""open_sweater""]",False,True
507378,yellow_bikini,0,16014,"[""yellow_bikini"", ""yellow_bikini_top"", ""yellow_bikini_bottom""]",False,True
1429562,two-tone_dress,0,19486,"[""two-tone_dress""]",False,True
473301,bow_bra,0,14731,"[""bow_bra""]",False,True
480899,5boys,0,15869,"[""5boys"", ""5boy""]",False,False
450702,naval_uniform,0,13438,"[""naval_uniform""]",False,False
464674,stretching,0,16346,"[""stretching"", ""stretch""]",False,False
551848,polka_dot_background,0,16717,"[""polka_dot_background"", ""polka-dot_background"", ""/pdbg"", ""/polkadotbg""]",False,False
15272,bridal_veil,0,15747,"[""bridal_veil"", ""wedding_veil""]",False,True
2559,incest,0,15669,"[""incest""]",False,False
1516550,purple_headwear,0,5387,"[""purple_headwear"", ""purple_hat""]",True,True
449932,w,0,18209,"[""w""]",False,False
576561,alternate_eye_color,0,15276,"[""alternate_eye_color"", ""alternative_eye_color"", ""/aec""]",False,False
411770,cum_in_ass,0,15565,"[""cum_in_ass"", ""anal_nakadashi"", ""semen_in_anus""]",False,False
30851,3koma,0,17262,"[""3koma""]",False,False
5104,shade,0,15582,"[""shade""]",False,False
492202,flat_cap,0,13830,"[""flat_cap""]",True,True
404958,pilot_suit,0,1162,"[""pilot_suit"", ""flight_suit"", ""flightsuit""]",False,True
4939,precum,0,16053,"[""precum""]",False,False
461530,balloon,0,18090,"[""balloon"", ""balloons""]",False,False
1456682,armpit_crease,0,20836,"[""armpit_crease""]",False,False
506,dark,0,15286,"[""dark""]",False,False
547893,indian_style,0,15820,"[""indian_style"", ""agura""]",False,False
450266,wine_glass,0,16092,"[""wine_glass"", ""wineglass""]",True,False
468789,paw_gloves,0,16280,"[""paw_gloves""]",False,True
536,bukkake,0,13611,"[""bukkake"", ""bukake"", ""cum_covered"", ""cum_everywhere"", ""bukakke""]",False,False
464726,tight_clothes,0,16812,"[""tight_clothes"", ""tight""]",False,True
463399,randoseru,0,14976,"[""randoseru"", ""naked_randoseru""]",False,False
1253894,holding_microphone,0,19558,"[""holding_microphone""]",False,True
394136,red_panties,0,14965,"[""red_panties""]",False,True
1388797,blue_neckerchief,0,18243,"[""blue_neckerchief""]",False,True
1278425,rigging,0,13984,"[""rigging""]",False,False
715118,ear_covers,0,20925,"[""ear_covers""]",False,True
567329,limited_palette,0,17730,"[""limited_palette"", ""restricted_palette""]",False,False
441419,:>,0,15262,"["":>""]",False,False
4965,dagger,0,15531,"[""dagger"", ""daggers""]",False,False
626241,triangular_headpiece,0,15661,"[""triangular_headpiece""]",False,True
688713,snake_hair_ornament,0,14227,"[""snake_hair_ornament""]",True,True
2565,battle,0,16772,"[""battle""]",False,False
602796,star_print,0,15658,"[""star_print""]",False,True
1795966,cone_hair_bun,0,15193,"[""cone_hair_bun"", ""hair_cones""]",True,False
469422,paw_print,0,15878,"[""paw_print"", ""pawprints"", ""paw_prints"", ""pawprint""]",False,True
672705,pink_kimono,0,16051,"[""pink_kimono"", ""pink_yukata""]",False,True
528129,one_breast_out,0,14679,"[""one_breast_out"", ""breast_outside""]",False,True
430066,id_card,0,17608,"[""id_card""]",False,False
421188,against_wall,0,15113,"[""against_wall""]",False,False
1310698,curled_horns,0,16276,"[""curled_horns"", ""curled_horn""]",True,False
599873,air_bubble,0,14980,"[""air_bubble""]",False,False
558230,ice_wings,0,13966,"[""ice_wings""]",True,False
393840,purple_panties,0,14275,"[""purple_panties""]",False,True
466142,fishnet_thighhighs,0,16736,"[""fishnet_thighhighs""]",False,True
1669227,hugging_own_legs,0,14757,"[""hugging_own_legs"", ""leg_hug"", ""hugging_legs"", ""hugging_knees"", ""knee_hug""]",False,False
411560,sexually_suggestive,0,13968,"[""sexually_suggestive"", ""innuendo""]",False,False
648077,heart_of_string,0,14795,"[""heart_of_string""]",False,True
6182,shibari,0,15769,"[""shibari"", ""rope_bondage"", ""ropebondage""]",False,False
375461,belly,0,16317,"[""belly""]",False,False
8180,drunk,0,15248,"[""drunk""]",False,False
125420,bald,0,16188,"[""bald""]",True,False
396079,looking_afar,0,16251,"[""looking_afar""]",False,False
466325,autumn_leaves,0,15218,"[""autumn_leaves"", ""fall_leaves""]",False,False
1308012,red_hakama,0,14802,"[""red_hakama""]",False,True
15202,nipple_piercing,0,15766,"[""nipple_piercing"", ""nipple_piercings"", ""pierced_nipples""]",False,False
659072,muneate,0,12891,"[""muneate""]",False,False
166945,yellow_dress,0,16564,"[""yellow_dress""]",False,True
390180,bathing,0,14536,"[""bathing""]",False,False
1462380,disposable_cup,0,16951,"[""disposable_cup"", ""plastic_cup"", ""soda_cup"", ""paper_cup""]",False,True
555246,black_border,0,16569,"[""black_border""]",False,True
7495,sarong,0,14757,"[""sarong"", ""pareo""]",False,True
499324,red_shorts,0,15913,"[""red_shorts""]",False,True
1693074,own_hands_clasped,0,15256,"[""own_hands_clasped"", ""hands_clasped"", ""locked_fingers"", ""clasped_hands""]",False,False
666816,hand_on_own_head,0,16506,"[""hand_on_own_head""]",False,False
3748,slippers,0,15722,"[""slippers"", ""slipper""]",False,True
502136,whisker_markings,0,15056,"[""whisker_markings""]",False,False
613998,mismatched_legwear,0,15260,"[""mismatched_legwear""]",False,True
1246198,mechanical_halo,0,16145,"[""mechanical_halo""]",True,False
472448,highleg_bikini,0,15911,"[""highleg_bikini""]",False,True
1410613,patreon_logo,0,16864,"[""patreon_logo""]",False,False
386389,bracer,0,14908,"[""bracer"", ""bracers""]",False,False
1393212,yellow_neckerchief,0,18947,"[""yellow_neckerchief""]",False,True
1470809,red_horns,0,16988,"[""red_horns""]",True,False
532943,covering_crotch,0,13549,"[""covering_crotch"", ""covering_pussy""]",False,True
533391,open_hand,0,16788,"[""open_hand""]",False,False
1320887,anal_object_insertion,0,14266,"[""anal_object_insertion"", ""anal_object_push"", ""anal_insertion""]",False,False
888554,cropped_shirt,0,21646,"[""cropped_shirt""]",False,True
397156,presenting,0,15187,"[""presenting"", ""sex_invitation""]",False,False
1611664,oil-paper_umbrella,0,14743,"[""oil-paper_umbrella"", ""paper_umbrella"", ""japanese_umbrella"", ""oriental_umbrella"", ""wagasa""]",False,True
544390,>:),0,13750,"["">:)""]",False,False
1685196,hakama_short_skirt,0,13037,"[""hakama_short_skirt""]",False,True
459290,snowflakes,0,14157,"[""snowflakes"", ""snowflake""]",False,False
412080,sleeve_cuffs,0,17886,"[""sleeve_cuffs"", ""cuffed_sleeves"", ""cuff_sleeve"", ""sleeve_cuff"", ""cuff_sleeves""]",False,True
464545,carrot,0,14496,"[""carrot"", ""carrots""]",False,False
1302741,red_ascot,0,16642,"[""red_ascot"", ""red_jabot""]",False,True
1316394,hip_vent,0,14952,"[""hip_vent"", ""hip_cutout""]",False,True
375915,animal_hat,0,14672,"[""animal_hat""]",True,True
461736,alternate_hair_color,0,14395,"[""alternate_hair_color"", ""/ahc"", ""alternative_hair_color"", ""alternate_haircolor""]",False,False
7580,mecha_musume,0,13019,"[""mecha_musume"", ""mechamusume"", ""weapongirl""]",False,False
16149,sack,0,13872,"[""sack""]",False,False
541599,mechanical_arms,0,16550,"[""mechanical_arms"", ""robot_arms"", ""robotic_arms""]",False,False
3444,computer,0,15008,"[""computer""]",False,False
589024,arm_strap,0,16303,"[""arm_strap""]",False,True
374409,bad_anatomy,0,16404,"[""bad_anatomy""]",False,False
592643,navel_cutout,0,14643,"[""navel_cutout"", ""heart_navel_cutout""]",False,True
15771,raccoon_ears,0,14375,"[""raccoon_ears"", ""tanuki_ears"", ""tanukimimi""]",True,False
1416387,kita_high_school_uniform,0,12650,"[""kita_high_school_uniform""]",False,False
500472,evil_smile,0,15555,"[""evil_smile""]",False,False
1617412,bare_pectorals,0,14865,"[""bare_pectorals"", ""pectorals_out_of_clothes"", ""bare_pecs""]",False,False
5861,bishounen,0,20098,"[""bishounen"", ""bishi"", ""bishounens"", ""bishonen""]",False,False
576693,tile_floor,0,16645,"[""tile_floor""]",False,False
4787,axe,0,15137,"[""axe"", ""ax""]",False,False
1257081,scar_on_cheek,0,16327,"[""scar_on_cheek"", ""cheek_scar""]",False,True
639869,white_cape,0,17970,"[""white_cape""]",False,True
1812672,pink_halo,0,27468,"[""pink_halo""]",True,False
9481,teapot,0,14700,"[""teapot"", ""tea_pot""]",False,False
1370047,white_choker,0,16936,"[""white_choker""]",False,True
720163,partially_unbuttoned,0,16078,"[""partially_unbuttoned""]",False,True
2006742,unworn_eyewear,0,15169,"[""unworn_eyewear"", ""eyewear_removed"", ""sunglasses_removed"", ""glasses_removed"", ""glasses_off""]",True,True
726825,shoulder_tattoo,0,16759,"[""shoulder_tattoo""]",False,False
483988,condom_wrapper,0,14020,"[""condom_wrapper""]",False,True
525747,lolita_hairband,0,13282,"[""lolita_hairband"", ""lolita_headband""]",True,True
9983,dancing,0,16029,"[""dancing"", ""dance""]",False,False
2414,vampire,0,14251,"[""vampire"", ""vampyr""]",False,False
1468069,multiple_others,0,17656,"[""multiple_others""]",False,False
469551,facepaint,0,14636,"[""facepaint"", ""face_paint""]",False,False
1450619,wide_shot,0,16404,"[""wide_shot""]",False,False
11019,scared,0,15198,"[""scared"", ""terrified"", ""dread"", ""afraid"", ""fear""]",False,False
394083,knee_pads,0,13898,"[""knee_pads"", ""kneepad"", ""knee_pad"", ""kneepads""]",False,False
521120,backless_dress,0,14949,"[""backless_dress"", ""open-back_dress"", ""open_back_dress""]",False,True
538023,on_ground,0,16256,"[""on_ground"", ""sitting_on_ground""]",False,False
447310,green_nails,0,15346,"[""green_nails"", ""green_fingernails""]",False,False
434704,string,0,14064,"[""string"", ""strings""]",False,False
558653,casual_one-piece_swimsuit,0,12678,"[""casual_one-piece_swimsuit"", ""casual_one_piece_swimsuit"", ""/cops""]",False,True
395583,mother_and_daughter,0,15139,"[""mother_and_daughter""]",False,False
411657,torn_thighhighs,0,16575,"[""torn_thighhighs""]",False,True
546667,print_shirt,0,18302,"[""print_shirt"", ""print_blouse"", ""graphic_shirt""]",False,False
462351,animal_nose,0,15692,"[""animal_nose""]",False,False
408438,hair_up,0,13100,"[""hair_up""]",False,False
461159,reference_sheet,0,15569,"[""reference_sheet"", ""character_sheet""]",False,False
594366,bat_(animal),0,13860,"[""bat_(animal)"", ""bat"", ""bats""]",False,False
411966,used_condom,0,14290,"[""used_condom""]",False,False
419116,tied_shirt,0,14708,"[""tied_shirt""]",False,True
492982,layered_dress,0,15173,"[""layered_dress""]",False,True
158473,string_panties,0,13275,"[""string_panties""]",False,True
13810,torii,0,13307,"[""torii"", ""shrine_gate"", ""torii_(gate)"", ""torii_gate""]",False,False
1256688,bandaged_leg,0,15506,"[""bandaged_leg""]",False,True
3138,bread,0,15198,"[""bread""]",False,False
881062,grabbing_own_breast,0,14102,"[""grabbing_own_breast"", ""self_fondle""]",False,False
4026,pumpkin,0,13471,"[""pumpkin"", ""pumpkins""]",False,False
1379635,mmf_threesome,0,13403,"[""mmf_threesome"", ""fmm_threesome""]",False,False
1081137,imminent_penetration,0,14562,"[""imminent_penetration"", ""imminent_insertion"", ""imminent_sex""]",False,False
462974,squiggle,0,15619,"[""squiggle""]",False,False
388762,sleeveless_turtleneck,0,15026,"[""sleeveless_turtleneck""]",False,True
380303,bound_arms,0,14639,"[""bound_arms"", ""arms_tied"", ""tied_arms"", ""arms_bound""]",False,False
547199,bikini_skirt,0,13965,"[""bikini_skirt""]",False,True
669790,futa_with_female,0,15633,"[""futa_with_female"", ""female_on_futa"", ""futa_on_female""]",False,False
484880,architecture,0,15076,"[""architecture""]",False,False
15020,hibiscus,0,13232,"[""hibiscus""]",False,False
1349338,red_leotard,0,15248,"[""red_leotard""]",False,True
490069,disembodied_limb,0,0,"[""disembodied_limb"", ""disembodied_hand"", ""disembodied_hands"", ""detached_hand"", ""floating_hand""]",False,False
728807,animification,0,17638,"[""animification""]",False,False
451190,layered_skirt,0,14796,"[""layered_skirt""]",False,True
5199,leggings,0,16637,"[""leggings""]",False,True
1369967,watercraft,0,13760,"[""watercraft""]",False,False
562575,green_bikini,0,13953,"[""green_bikini"", ""green_bikini_top"", ""green_bikini_bottom""]",False,True
1318267,public_indecency,0,13744,"[""public_indecency"", ""public_sex"", ""public""]",False,False
1278539,long_sideburns,0,12673,"[""long_sideburns""]",False,False
572821,star_earrings,0,13994,"[""star_earrings"", ""star_earring""]",True,True
372,bath,0,12713,"[""bath"", ""ofuro""]",False,False
1222476,crescent_hair_ornament,0,12862,"[""crescent_hair_ornament""]",True,False
530962,arm_under_breasts,0,15646,"[""arm_under_breasts""]",False,False
2570,idol,0,14145,"[""idol""]",False,False
496617,marker_(medium),0,13269,"[""marker_(medium)"", ""copics""]",False,False
1260880,fang_out,0,13432,"[""fang_out""]",False,False
409720,scabbard,0,14126,"[""scabbard"", ""sword_sheath""]",False,True
1248463,brown_coat,0,16884,"[""brown_coat""]",False,True
10369,bedroom,0,14587,"[""bedroom""]",False,False
745997,holding_animal,0,16348,"[""holding_animal"", ""holding_bat_(animal)""]",False,False
428808,wagashi,0,13397,"[""wagashi"", ""japanese_sweets""]",False,False
617315,pantyhose_under_shorts,0,13670,"[""pantyhose_under_shorts"", ""legwear_under_shorts"", ""shorts_over_pantyhose"", ""shorts_over_leggings"", ""shorts_over_legwear"", ""leggings_under_shorts""]",False,True
1382120,holding_instrument,0,17532,"[""holding_instrument"", ""holding_guitar""]",False,False
414233,cum_on_clothes,0,12787,"[""cum_on_clothes"", ""cum_inside_clothes"", ""cum_under_clothes"", ""cum_inside_thighhigh"", ""cum_on_panties"", ""cum_on_hat"", ""cum_on_swimsuit"", ""cum_on_buruma"", ""cum_on_shoes"", ""cum_on_thighhighs"", ""cum_on_socks"", ""cum_on_pantyhose"", ""cum_on_stockings"", ""cum_on_clothing""]",False,False
400382,mouse_tail,0,14931,"[""mouse_tail"", ""rat_tail""]",True,False
456270,tasuki,0,11927,"[""tasuki"", ""kimono_sleeve_ties""]",False,True
470269,on_one_knee,0,13665,"[""on_one_knee"", ""genuflecting"", ""one_knee"", ""kneeling_on_one_leg""]",False,False
675356,multicolored_background,0,14312,"[""multicolored_background"", ""/multicoloredbg"", ""colorful_background""]",False,False
578891,shoulder_blades,0,13946,"[""shoulder_blades""]",False,False
650433,invisible_chair,0,15991,"[""invisible_chair"", ""sitting_in_midair""]",False,True
464570,peach,0,11979,"[""peach"", ""peaches""]",False,False
412048,ribbon_choker,0,13074,"[""ribbon_choker""]",False,False
426594,lace-trimmed_panties,0,12510,"[""lace-trimmed_panties"", ""lace_trimmed_panties""]",False,True
614271,lace-trimmed_legwear,0,10879,"[""lace-trimmed_legwear"", ""lace-trimmed_socks"", ""lace-trimmed_kneehighs"", ""lace_trimmed_thighhighs""]",False,True
12724,field,0,14674,"[""field""]",False,False
715545,duel_monster,0,17838,"[""duel_monster""]",False,False
474210,leg_ribbon,0,13140,"[""leg_ribbon""]",True,True
563862,gameplay_mechanics,0,13778,"[""gameplay_mechanics""]",False,False
474598,tate_eboshi,0,12095,"[""tate_eboshi""]",False,True
4358,plugsuit,0,12241,"[""plugsuit"", ""plug_suit"", ""plugsuits""]",False,True
538586,hat_feather,0,14435,"[""hat_feather"", ""feather_in_hat"", ""feather_hat_ornament""]",False,True
448185,garrison_cap,0,12645,"[""garrison_cap"", ""pilotka""]",True,True
375526,short_kimono,0,14373,"[""short_kimono""]",False,True
9504,magatama,0,12145,"[""magatama""]",False,False
376034,white_eyes,0,16821,"[""white_eyes""]",True,False
504750,princess_carry,0,13822,"[""princess_carry"", ""bridal_carry""]",False,False
4960,parasol,0,12546,"[""parasol""]",False,True
732590,interspecies,0,14603,"[""interspecies""]",False,False
1328025,fur-trimmed_coat,0,16016,"[""fur-trimmed_coat""]",False,True
5857,leather,0,14251,"[""leather""]",False,True
515909,asymmetrical_clothes,0,12805,"[""asymmetrical_clothes"", ""/acl"", ""asymmetrical_clothing""]",False,True
473218,lace-trimmed_bra,0,12903,"[""lace-trimmed_bra"", ""lace_trimmed_bra""]",False,True
408248,transparent,0,12201,"[""transparent"", ""transparency""]",False,False
8577,paintbrush,0,13613,"[""paintbrush"", ""paint_brush""]",False,False
454128,head_wreath,0,14777,"[""head_wreath"", ""flower_crown""]",False,False
516029,shimenawa,0,13091,"[""shimenawa"", ""braided_rice_rope""]",False,True
444507,deep_skin,0,12436,"[""deep_skin""]",True,False
684956,frilled_bow,0,16194,"[""frilled_bow""]",True,True
8301,black_cat,0,14113,"[""black_cat"", ""black_cat_(animal)""]",False,False
3473,giant,0,13450,"[""giant""]",False,False
1488686,tilted_headwear,0,13668,"[""tilted_headwear""]",True,True
1290625,single_bare_shoulder,0,19840,"[""single_bare_shoulder""]",False,True
558829,animal_on_head,0,13354,"[""animal_on_head""]",True,True
1269062,mitakihara_school_uniform,0,12107,"[""mitakihara_school_uniform""]",False,False
1369553,blunt_ends,0,25206,"[""blunt_ends""]",False,False
421507,leg_grab,0,12834,"[""leg_grab"", ""grabbing_leg""]",False,False
4964,nosebleed,0,12822,"[""nosebleed"", ""bloody_nose"", ""blood_from_nose"", ""nose_bleed""]",False,False
507586,yellow_skirt,0,13804,"[""yellow_skirt""]",False,True
75228,aura,0,13490,"[""aura"", ""ki""]",False,False
390530,grey_skin,0,15077,"[""grey_skin"", ""gray_skin""]",True,False
1749079,sample_watermark,0,17757,"[""sample_watermark"", ""sample""]",False,True
547384,tail_raised,0,13645,"[""tail_raised"", ""tail_lifted"", ""tail_up"", ""raised_tail""]",False,False
481547,holding_hair,0,0,"[""holding_hair""]",False,True
578643,striped_background,0,12849,"[""striped_background"", ""/stripedbg""]",False,False
8433,thumbs_up,0,14029,"[""thumbs_up""]",False,False
606748,chibi_inset,0,17152,"[""chibi_inset""]",False,False
1441862,purple_footwear,0,14547,"[""purple_footwear"", ""purple_shoes"", ""purple_boots""]",False,True
416486,photo_(object),0,13570,"[""photo_(object)"", ""photograph_(object)"", ""pictures"", ""picture""]",False,False
473248,blue_bra,0,12484,"[""blue_bra""]",False,True
513428,watercolor_(medium),0,15412,"[""watercolor_(medium)"", ""watercolour"", ""watercolor""]",False,False
388908,raglan_sleeves,0,12341,"[""raglan_sleeves""]",False,True
6235,harness,0,15960,"[""harness""]",False,True
726933,clothes_around_waist,0,14564,"[""clothes_around_waist""]",False,True
1379636,ffm_threesome,0,12929,"[""ffm_threesome"", ""mff_threesome""]",False,False
443796,under_covers,0,14912,"[""under_covers"", ""under_blanket"", ""in_bed""]",False,False
456515,tiger_print,0,11961,"[""tiger_print"", ""tigerprint""]",False,True
596854,blue_scarf,0,14981,"[""blue_scarf""]",False,True
646363,company_name,0,14273,"[""company_name""]",False,False
1441860,grey_footwear,0,14828,"[""grey_footwear"", ""gray_footwear"", ""grey_shoes"", ""grey_boots""]",False,True
1228172,asymmetrical_gloves,0,14823,"[""asymmetrical_gloves""]",False,True
524381,ear_ornament,0,16487,"[""ear_ornament""]",True,True
1672,tea,0,12615,"[""tea""]",False,False
574178,o-ring_top,0,11773,"[""o-ring_top"", ""o_ring_top"", ""o-ring_bikini_top""]",False,True
544230,asymmetrical_wings,0,11685,"[""asymmetrical_wings""]",True,False
522720,naked_towel,0,12918,"[""naked_towel"", ""nude_towel"", ""towel_wrap""]",False,True
491802,standing_sex,0,14355,"[""standing_sex""]",False,True
547394,o-ring_bikini,0,12298,"[""o-ring_bikini"", ""o_ring_bikini"", ""ring_bikini""]",False,True
493064,over_shoulder,0,12507,"[""over_shoulder""]",False,False
473742,two_tails,0,13128,"[""two_tails""]",True,True
493164,forehead_jewel,0,16828,"[""forehead_jewel"", ""forehead_gem""]",False,False
412376,stitches,0,13598,"[""stitches""]",False,False
835846,white_collar,0,15642,"[""white_collar""]",False,True
595503,facial_tattoo,0,14152,"[""facial_tattoo"", ""face_tattoo"", ""facial_tattoos""]",True,False
1383260,purple_kimono,0,13862,"[""purple_kimono"", ""purple_yukata""]",False,True
474306,headphones_around_neck,0,13652,"[""headphones_around_neck""]",False,False
376270,pantyhose_pull,0,11724,"[""pantyhose_pull"", ""pantyhose_down"", ""pantyhosepull""]",False,True
1397428,white_tank_top,0,15252,"[""white_tank_top""]",False,True
13851,halftone,0,13892,"[""halftone"", ""halftone_texture""]",False,False
514087,cross_necklace,0,13822,"[""cross_necklace""]",False,True
403904,french_kiss,0,14170,"[""french_kiss"", ""tongue_kiss""]",False,True
1355714,crescent_hat_ornament,0,11358,"[""crescent_hat_ornament""]",True,True
478328,rolling_eyes,0,13243,"[""rolling_eyes"", ""rolled_eyes"", ""rolleyes"", ""eye_roll""]",True,False
392495,tiptoes,0,13123,"[""tiptoes"", ""tip_toe"", ""tip-toe"", ""tip_toes"", ""tip-toes"", ""tiptoe""]",False,False
593165,out-of-frame_censoring,0,11865,"[""out-of-frame_censoring"", ""out_of_frame_censoring""]",False,False
1400566,toned_male,0,15860,"[""toned_male""]",True,False
468991,kicking,0,12142,"[""kicking"", ""kick""]",False,False
6203,vines,0,13082,"[""vines"", ""vine""]",False,False
1233477,crop_top_overhang,0,11727,"[""crop_top_overhang""]",False,True
11651,annoyed,0,13650,"[""annoyed"", ""irritated""]",False,False
562151,short_over_long_sleeves,0,14888,"[""short_over_long_sleeves"", ""long_sleeves_under_short_sleeves"", ""short_sleeves_over_long_sleeves"", ""/sols"", ""long_under_short_sleeves""]",False,True
596449,pigeon-toed,0,11653,"[""pigeon-toed"", ""pigeon_toed"", ""pigeon_toes"", ""intoed""]",False,False
485014,white_rose,0,14575,"[""white_rose""]",False,False
459097,cowbell,0,12241,"[""cowbell"", ""cow_bell""]",False,False
1041483,split_mouth,0,20358,"[""split_mouth"", ""disconnected_mouth""]",False,False
374961,no_pupils,0,14312,"[""no_pupils""]",True,False
469978,glowing_eye,0,12366,"[""glowing_eye""]",True,False
682686,spoken_exclamation_mark,0,13664,"[""spoken_exclamation_mark""]",False,False
1271756,black_scarf,0,13043,"[""black_scarf""]",False,True
14461,open_kimono,0,13497,"[""open_kimono"", ""open_yukata""]",False,True
724764,hand_on_own_thigh,0,13136,"[""hand_on_own_thigh""]",False,False
516432,imminent_kiss,0,13043,"[""imminent_kiss"", ""incipient_kiss"", ""almost_kiss""]",False,False
406340,oversized_clothes,0,12931,"[""oversized_clothes"", ""oversized_clothing"", ""floppy_sleeves""]",False,True
1392820,black_neckerchief,0,12667,"[""black_neckerchief""]",False,True
1574663,two-sided_fabric,0,19138,"[""two-sided_fabric""]",False,False
1262142,holding_bouquet,0,15410,"[""holding_bouquet""]",False,True
3356,peeing,0,11335,"[""peeing"", ""oshikko"", ""watersports""]",False,False
16791,strap,0,12457,"[""strap"", ""straps""]",False,False
1328011,fur-trimmed_sleeves,0,12821,"[""fur-trimmed_sleeves""]",False,True
661337,aqua_nails,0,13819,"[""aqua_nails"", ""aqua_fingernails""]",False,False
610074,platform_footwear,0,18389,"[""platform_footwear"", ""platform_shoes"", ""platforms""]",False,True
462735,old,0,13023,"[""old""]",False,False
1301235,pubic_tattoo,0,12411,"[""pubic_tattoo"", ""womb_tattoo"", ""crotch_tattoo""]",False,False
1750248,onee-shota,0,12266,"[""onee-shota"", ""oneshota""]",False,False
484616,maple_leaf,0,11470,"[""maple_leaf"", ""maple_leaves""]",False,False
501583,in_container,0,12342,"[""in_container"", ""person_in_a_container""]",False,False
1740,mermaid,0,11749,"[""mermaid""]",False,False
1481917,sakuragaoka_high_school_uniform,0,10340,"[""sakuragaoka_high_school_uniform""]",False,False
1244676,one-piece_tan,0,11118,"[""one-piece_tan""]",False,True
383117,breast_sucking,0,12077,"[""breast_sucking"", ""sucking_nipples"", ""sucking_breasts"", ""nipple_sucking"", ""nipple_suck"", ""breast_suck""]",False,False
483436,fish_tail,0,17050,"[""fish_tail"", ""tail_fin""]",True,False
1385413,white_hoodie,0,14441,"[""white_hoodie""]",False,True
612000,constricted_pupils,0,13576,"[""constricted_pupils"", ""contracted_pupils"", ""shrunk_pupils"", ""shrunk_eyes""]",True,False
515552,striped_dress,0,12436,"[""striped_dress""]",False,True
710372,orange_shirt,0,13842,"[""orange_shirt"", ""orange_blouse""]",False,True
488261,blue_cape,0,16620,"[""blue_cape""]",False,True
1719049,split-color_hair,0,15560,"[""split-color_hair"", ""split_hair_colors""]",True,False
665739,holding_gift,0,12531,"[""holding_gift"", ""holding_present""]",False,True
1689923,pectoral_cleavage,0,13758,"[""pectoral_cleavage"", ""male_cleavage"", ""cleavage_(male)""]",False,True
465393,pee,0,10926,"[""pee"", ""urine""]",False,False
519374,white_belt,0,15622,"[""white_belt""]",False,True
492645,gyaru,0,15523,"[""gyaru""]",False,False
439130,anniversary,0,13395,"[""anniversary""]",False,False
491645,head_fins,0,12985,"[""head_fins"", ""ear_fins"", ""fin_ears"", ""fish_ears"", ""headfins""]",False,False
703196,leaf_hair_ornament,0,13955,"[""leaf_hair_ornament"", ""hair_leaf""]",True,True
1431068,holding_stuffed_toy,0,14981,"[""holding_stuffed_toy"", ""holding_plush"", ""holding_stuffed_animal""]",False,True
3971,handcuffs,0,12829,"[""handcuffs"", ""handcuff""]",False,False
1554924,m_legs,0,11878,"[""m_legs""]",False,False
614744,red_pants,0,14582,"[""red_pants""]",False,True
403779,navel_piercing,0,12865,"[""navel_piercing"", ""navel_ring"", ""bellybutton_piercing""]",False,False
472069,cross-section,0,12287,"[""cross-section"", ""cross_section"", ""crossection"", ""crosssection""]",False,False
440369,multiple_persona,0,12119,"[""multiple_persona"", ""quintuple_persona"", ""quadruple_persona"", ""triple_persona""]",False,False
1320888,vaginal_object_insertion,0,11734,"[""vaginal_object_insertion"", ""vaginal_object_push"", ""vaginal_insertion""]",False,False
496894,face-to-face,0,13854,"[""face-to-face"", ""face_to_face""]",False,False
414159,x-ray,0,11756,"[""x-ray"", ""x_ray"", ""xray""]",False,False
1491182,vehicle_focus,0,12712,"[""vehicle_focus"", ""tank_focus""]",False,False
11555,bathroom,0,12022,"[""bathroom""]",False,False
465707,biting,0,12139,"[""biting"", ""bite""]",False,False
200140,magic_circle,0,10841,"[""magic_circle"", ""magic_circles"", ""magical_circles"", ""magical_circle"", ""mahoujin""]",False,False
1375840,rabbit_hair_ornament,0,14807,"[""rabbit_hair_ornament"", ""bunny_hair_ornament""]",True,True
447060,spiked_collar,0,12780,"[""spiked_collar"", ""spike_collar""]",False,False
1451201,draph,0,10597,"[""draph"", ""doraf""]",False,False
2215,house,0,12163,"[""house"", ""houses""]",False,False
7929,shackles,0,11690,"[""shackles"", ""manacles"", ""shackle""]",False,False
415106,neck_ring,0,12160,"[""neck_ring""]",False,False
4633,singing,0,12357,"[""singing"", ""sing""]",False,False
4429,pencil,0,11824,"[""pencil""]",False,False
381114,red_skin,0,13353,"[""red_skin""]",True,False
1701063,holding_another's_wrist,0,13171,"[""holding_another's_wrist"", ""wrist_grab"", ""grabbing_another's_wrist"", ""wrist_hold""]",False,False
5157,sad,0,12410,"[""sad"", ""sadness""]",False,False
460555,hair_censor,0,10521,"[""hair_censor"", ""censor_hair""]",False,False
400657,one-eyed,0,12380,"[""one-eyed"", ""single_eye"", ""one_eye"", ""one_eyed""]",False,False
4065,explosion,0,11660,"[""explosion""]",False,False
662950,name_connection,0,10997,"[""name_connection"", ""namesake""]",False,False
2566,mushroom,0,11801,"[""mushroom"", ""mushrooms""]",False,False
10704,bamboo,0,11054,"[""bamboo""]",False,False
559585,playing_instrument,0,12777,"[""playing_instrument""]",False,False
513423,graphite_(medium),0,10899,"[""graphite_(medium)"", ""pencil_(medium)"", ""pencil_sketch"", ""graphite""]",False,False
423348,chest_hair,0,11636,"[""chest_hair"", ""hairy_chest""]",True,False
384905,symmetrical_docking,0,10992,"[""symmetrical_docking"", ""/sd"", ""breast_to_breast""]",False,False
9331,falling,0,11966,"[""falling""]",False,False
1320534,pink_bowtie,0,15036,"[""pink_bowtie""]",False,True
1313352,brown_sweater,0,14110,"[""brown_sweater""]",False,True
1260411,holding_plate,0,14379,"[""holding_plate""]",False,False
1418952,colored_tips,0,14687,"[""colored_tips"", ""frosted_tips"", ""dip-dyed_hair""]",False,False
268105,pants_pull,0,11781,"[""pants_pull"", ""pants_down""]",False,True
374955,ruins,0,11425,"[""ruins"", ""ruin""]",False,False
1238881,yellow_necktie,0,13214,"[""yellow_necktie"", ""gold_necktie""]",False,True
698860,hand_on_own_knee,0,12477,"[""hand_on_own_knee"", ""hand_on_knee""]",False,False
666125,holding_fruit,0,13425,"[""holding_fruit"", ""holding_strawberry"", ""holding_peach"", ""holding_apple""]",False,True
53988,fox_mask,0,14243,"[""fox_mask"", ""kitsune_mask""]",False,True
2100,summer,0,11601,"[""summer""]",False,False
482927,belt_pouch,0,13055,"[""belt_pouch""]",False,False
681480,light_frown,0,15221,"[""light_frown""]",False,False
474715,crescent_moon,0,11926,"[""crescent_moon""]",False,False
399391,spiked_bracelet,0,11797,"[""spiked_bracelet"", ""spiked_bracelets""]",False,True
2006746,unworn_shoes,0,11667,"[""unworn_shoes"", ""shoes_removed"", ""shoes_off""]",False,True
471436,doughnut,0,0,"[""doughnut"", ""donut"", ""donuts"", ""doughnuts""]",False,False
495147,hair_slicked_back,0,13962,"[""hair_slicked_back"", ""slicked_back_hair""]",False,False
490261,partially_colored,0,14033,"[""partially_colored"", ""partially_monochrome""]",False,False
379375,red_coat,0,14635,"[""red_coat""]",False,True
663521,shoe_soles,0,12604,"[""shoe_soles""]",False,True
390893,water_bottle,0,11739,"[""water_bottle""]",False,True
6202,winter,0,12321,"[""winter""]",False,False
659487,black_tank_top,0,15422,"[""black_tank_top""]",False,True
501739,folded,0,11327,"[""folded""]",False,False
490606,afterimage,0,12451,"[""afterimage""]",False,False
1354336,grey_shorts,0,13777,"[""grey_shorts"", ""gray_shorts""]",False,True
13126,lineart,0,11897,"[""lineart"", ""line_art""]",False,False
395294,head_scarf,0,0,"[""head_scarf"", ""headscarf""]",False,True
3102,greaves,0,11031,"[""greaves""]",False,False
384906,asymmetrical_docking,0,11054,"[""asymmetrical_docking""]",False,False
2918,fireworks,0,12909,"[""fireworks"", ""firework""]",False,False
560670,narrow_waist,0,11894,"[""narrow_waist"", ""slim_waist"", ""thin_waist"", ""slender_waist""]",False,False
16170,television,0,11600,"[""television"", ""television_screen"", ""tv""]",False,False
466015,kitsune,0,11822,"[""kitsune""]",False,False
12391,double_penetration,0,10731,"[""double_penetration"", ""dp"", ""/dp"", ""doublepenetration""]",False,False
590917,leaf_on_head,0,10851,"[""leaf_on_head""]",True,True
673732,goat_horns,0,11430,"[""goat_horns""]",True,False
420828,sliding_doors,0,11662,"[""sliding_doors"", ""sliding_door""]",False,False
658791,necktie_between_breasts,0,11292,"[""necktie_between_breasts""]",True,False
569780,pink_rose,0,13039,"[""pink_rose""]",False,False
430765,sunbeam,0,11049,"[""sunbeam"", ""crepuscular_rays"", ""light_shaft"", ""god_rays""]",False,False
499772,copyright_notice,0,22164,"[""copyright_notice"", ""trademark_notice"", ""all_rights_reserved"", ""copyright""]",False,False
54490,monitor,0,12264,"[""monitor"", ""computer_screen"", ""computer_monitor""]",False,False
643811,micro_shorts,0,12552,"[""micro_shorts""]",False,True
2576,fat,0,12888,"[""fat"", ""overweight""]",False,False
443371,raccoon_tail,0,10875,"[""raccoon_tail"", ""tanuki_tail""]",True,True
464580,split,0,11497,"[""split"", ""splits""]",False,False
530616,checkered_floor,0,10747,"[""checkered_floor""]",False,False
637674,slingshot_swimsuit,0,10882,"[""slingshot_swimsuit"", ""sling_swimsuit"", ""sling_bikini"", ""slingbikini""]",False,True
2998,cunnilingus,0,11467,"[""cunnilingus"", ""cunillingus"", ""cunnillingus"", ""cunilingus"", ""pussy_lick""]",False,False
560578,multicolored_skin,0,15419,"[""multicolored_skin""]",True,True
4924,camouflage,0,10875,"[""camouflage"", ""camouflage_print"", ""camo""]",False,True
543207,east_asian_architecture,0,12198,"[""east_asian_architecture"", ""chinese_architecture"", ""japanese_architecture""]",False,True
396470,arm_cannon,0,11344,"[""arm_cannon"", ""mega_buster"", ""x_buster"", ""zero_buster"", ""z_buster""]",False,False
1515359,pink_theme,0,11689,"[""pink_theme""]",False,False
718360,polka_dot_bow,0,10266,"[""polka_dot_bow""]",True,True
629455,striped_necktie,0,11479,"[""striped_necktie"", ""striped_tie""]",False,True
7834,naked_apron,0,10394,"[""naked_apron"", ""nude_apron"", ""hadaka_apron"", ""nakedapron""]",False,True
11870,manly,0,10002,"[""manly"", ""gar""]",False,False
393313,nervous,0,12453,"[""nervous""]",False,False
1326379,red_capelet,0,12336,"[""red_capelet""]",False,True
1261156,green_vest,0,11834,"[""green_vest""]",False,True
1152618,bandaid_on_leg,0,13327,"[""bandaid_on_leg""]",False,False
1320207,white_bowtie,0,12980,"[""white_bowtie""]",False,True
395658,christmas_tree,0,11676,"[""christmas_tree""]",False,False
1269638,handheld_game_console,0,11428,"[""handheld_game_console"", ""handheld""]",False,False
534254,brick_wall,0,11643,"[""brick_wall""]",False,False
1330221,fur-trimmed_gloves,0,11619,"[""fur-trimmed_gloves""]",False,True
393891,no_shirt,0,10691,"[""no_shirt"", ""no_blouse""]",False,True
15959,loose_socks,0,12842,"[""loose_socks""]",False,True
532949,trigger_discipline,0,10329,"[""trigger_discipline""]",False,False
279773,body_writing,0,11247,"[""body_writing"", ""text_on_body"", ""writing_on_body""]",False,False
1422110,ears_through_headwear,0,11451,"[""ears_through_headwear""]",True,False
390703,purple_skin,0,11850,"[""purple_skin""]",True,False
12286,badge,0,11561,"[""badge"", ""badges""]",False,True
1575551,gap_(touhou),0,9648,"[""gap_(touhou)""]",False,False
1510922,other_focus,0,18241,"[""other_focus""]",False,False
1390702,multicolored_jacket,0,14529,"[""multicolored_jacket""]",False,True
491943,dark_persona,0,10688,"[""dark_persona""]",False,False
537886,shorts_under_skirt,0,10570,"[""shorts_under_skirt"", ""skirt_over_shorts""]",False,True
575497,starry_background,0,3797,"[""starry_background"", ""/starbg"", ""/starrybg"", ""star_background""]",False,False
546385,heart_earrings,0,12371,"[""heart_earrings"", ""heart_earring""]",True,True
148527,stool,0,11284,"[""stool""]",False,False
1401801,black_capelet,0,13086,"[""black_capelet""]",False,True
676529,licking_penis,0,11661,"[""licking_penis"", ""penis_licking""]",False,True
606828,bead_necklace,0,13036,"[""bead_necklace""]",False,True
15258,torpedo,0,9213,"[""torpedo""]",False,False
436870,:/,0,12070,"["":/"", "":\\""]",False,False
486934,no_mouth,0,14062,"[""no_mouth""]",False,False
238471,babydoll,0,10479,"[""babydoll""]",False,True
464550,coin,0,12079,"[""coin"", ""coins""]",False,False
511662,arm_guards,0,10366,"[""arm_guards"", ""armguards"", ""arm_guard""]",False,False
452549,!!,0,11691,"[""!!"", ""!!!!"", ""!!!""]",False,False
1312164,green_necktie,0,14464,"[""green_necktie""]",False,True
1409552,ooarai_school_uniform,0,9560,"[""ooarai_school_uniform""]",False,False
644510,dark_background,0,11987,"[""dark_background"", ""/darkbg""]",False,False
1915731,double-parted_bangs,0,26361,"[""double-parted_bangs""]",True,False
1230827,dark_blue_hair,0,17031,"[""dark_blue_hair""]",True,False
706995,erection_under_clothes,0,11144,"[""erection_under_clothes"", ""covered_erection""]",False,False
1302909,brown_shorts,0,13084,"[""brown_shorts""]",False,True
604394,pointing_at_viewer,0,11625,"[""pointing_at_viewer"", ""pov_pointing""]",False,False
420298,big_hair,0,10452,"[""big_hair""]",True,False
464551,cookie,0,11178,"[""cookie"", ""cookies""]",False,False
69696,undershirt,0,11924,"[""undershirt""]",False,True
378581,brothers,0,12927,"[""brothers""]",False,False
1169097,frilled_hairband,0,12951,"[""frilled_hairband""]",True,True
1385535,grey_sweater,0,12553,"[""grey_sweater"", ""gray_sweater""]",False,True
714822,red_theme,0,11453,"[""red_theme""]",False,False
393361,seductive_smile,0,11290,"[""seductive_smile""]",False,False
498950,orange_skirt,0,10902,"[""orange_skirt""]",False,True
640872,pov_crotch,0,13245,"[""pov_crotch""]",False,True
1484630,see-through_sleeves,0,13006,"[""see-through_sleeves"", ""transparent_sleeves""]",False,True
724584,hooded_cloak,0,11936,"[""hooded_cloak""]",False,True
10802,bonnet,0,11020,"[""bonnet""]",False,True
460204,hair_over_breasts,0,9738,"[""hair_over_breasts"", ""hair_on_breasts""]",True,False
1329446,green_shorts,0,11809,"[""green_shorts""]",False,True
421031,huge_weapon,0,10552,"[""huge_weapon"", ""oversized_weapon"", ""huge_gun"", ""huge_sword"", ""bfg""]",False,False
392034,dripping,0,10489,"[""dripping""]",False,False
1314745,blue_choker,0,11786,"[""blue_choker""]",False,True
461699,blank_eyes,0,12121,"[""blank_eyes""]",True,False
186201,skirt_pull,0,9679,"[""skirt_pull""]",False,True
1437338,brown_cardigan,0,13875,"[""brown_cardigan""]",False,True
491474,gym_shirt,0,11684,"[""gym_shirt""]",False,True
385088,earphones,0,10886,"[""earphones""]",False,False
108777,bra_lift,0,9729,"[""bra_lift"", ""bralift""]",False,True
1303018,blue_coat,0,13454,"[""blue_coat""]",False,True
1320446,facing_another,0,12659,"[""facing_another""]",False,False
1261355,bead_bracelet,0,11843,"[""bead_bracelet""]",False,True
500,fundoshi,0,10089,"[""fundoshi""]",False,True
666377,hair_spread_out,0,25169,"[""hair_spread_out""]",False,False
16507,lion_ears,0,11312,"[""lion_ears""]",True,False
487745,sitting_on_lap,0,11983,"[""sitting_on_lap"", ""sitting_in_lap"", ""lap_sitting""]",False,False
463475,iron_cross,0,9439,"[""iron_cross""]",False,False
465836,cutoffs,0,11146,"[""cutoffs""]",False,False
1415843,white_ascot,0,15568,"[""white_ascot"", ""white_jabot""]",False,True
1364407,genderswap_(ftm),0,10027,"[""genderswap_(ftm)""]",False,False
510068,splashing,0,10249,"[""splashing"", ""splash""]",False,False
556987,sparkling_eyes,0,12183,"[""sparkling_eyes"", ""sparkle_eyes""]",True,False
402799,tiger_tail,0,10325,"[""tiger_tail""]",True,False
581653,smoking_pipe,0,10291,"[""smoking_pipe"", ""pipe_(smoking)"", ""pipe""]",False,False
4940,foreskin,0,10087,"[""foreskin"", ""uncircumcised""]",False,False
467794,cow_girl,0,9901,"[""cow_girl"", ""cowgirl""]",True,True
1393342,erune,0,9270,"[""erune"", ""erun_(granblue_fantasy)""]",False,False
395929,bikini_pull,0,9278,"[""bikini_pull"", ""bikini_down""]",False,True
502731,hachimaki,0,9127,"[""hachimaki""]",False,True
1392012,white_bodysuit,0,12537,"[""white_bodysuit""]",False,True
715714,voice_actor_connection,0,10531,"[""voice_actor_connection"", ""seiyuu_connection"", ""seiyuu_joke""]",False,False
581500,plaid_vest,0,9122,"[""plaid_vest""]",False,True
593668,huge_ahoge,0,13467,"[""huge_ahoge""]",True,False
615907,pink_gloves,0,11202,"[""pink_gloves""]",False,True
392008,chalkboard,0,10326,"[""chalkboard"", ""blackboard""]",False,False
498466,implied_sex,0,10457,"[""implied_sex""]",False,False
493465,playing_card,0,11788,"[""playing_card"", ""playing_cards""]",False,False
408887,shoulder_pads,0,9729,"[""shoulder_pads"", ""shoulderpads"", ""shoulder_pad""]",False,False
2089747,argyle_clothes,0,10359,"[""argyle_clothes"", ""argyle_clothing""]",False,True
1496184,tassel_earrings,0,11565,"[""tassel_earrings""]",True,True
1380647,drink_can,0,11795,"[""drink_can""]",False,True
458210,bikini_armor,0,9933,"[""bikini_armor""]",False,True
1465099,black_sports_bra,0,11768,"[""black_sports_bra""]",False,True
385431,submachine_gun,0,10133,"[""submachine_gun""]",False,False
457806,artist_self-insert,0,10259,"[""artist_self-insert"", ""artist_self_insert""]",False,False
3898,tank,0,9413,"[""tank"", ""main_battle_tank"", ""tanks""]",False,False
1304069,yellow_bowtie,0,11671,"[""yellow_bowtie""]",False,True
375594,pink_thighhighs,0,14209,"[""pink_thighhighs""]",False,True
376018,ribs,0,11060,"[""ribs"", ""ribcage""]",False,False
1363856,star_hat_ornament,0,10063,"[""star_hat_ornament""]",True,True
418177,ripples,0,10932,"[""ripples"", ""ripple""]",False,False
1318186,braided_bun,0,11437,"[""braided_bun""]",True,False
606296,dappled_sunlight,0,11020,"[""dappled_sunlight"", ""komorebi"", ""sunlight_through_trees""]",False,False
6230,latex,0,11051,"[""latex""]",False,True
1375839,holding_chopsticks,0,11723,"[""holding_chopsticks""]",False,True
1326641,purple_bowtie,0,11789,"[""purple_bowtie""]",False,True
1898,hammer,0,10612,"[""hammer""]",False,False
416507,torn_shirt,0,10923,"[""torn_shirt"", ""ripped_shirt"", ""torn_blouse""]",False,True
665765,animal_collar,0,11898,"[""animal_collar"", ""dog_collar"", ""pet_collar""]",False,False
417892,shell,0,10510,"[""shell""]",False,False
1613133,assertive_female,0,12027,"[""assertive_female"", ""assertive""]",True,False
1474967,grey_headwear,0,4031,"[""grey_headwear"", ""gray_headwear"", ""gray_hat"", ""grey_hat""]",True,True
388149,ranguage,0,9162,"[""ranguage"", ""nihawngo"", ""ratin"", ""flench"", ""gelman"", ""faux_greek"", ""faux_finnish""]",False,False
401680,sweater_dress,0,9822,"[""sweater_dress"", ""sweaterdress""]",False,True
419695,sakazuki,0,9355,"[""sakazuki"", ""sake_dish""]",False,False
10403,futon,0,9478,"[""futon""]",False,False
388207,yin_yang,0,9752,"[""yin_yang"", ""ying-yang"", ""yin-yang"", ""ying_yang"", ""yinyang""]",False,False
462594,bobby_socks,0,9355,"[""bobby_socks""]",False,True
1508967,purple_theme,0,10164,"[""purple_theme""]",False,False
3509,syringe,0,10484,"[""syringe""]",False,False
1248639,grey_gloves,0,11468,"[""grey_gloves"", ""gray_gloves""]",False,True
482376,game_controller,0,11409,"[""game_controller""]",False,False
391251,breast_rest,0,9780,"[""breast_rest""]",False,False
1313798,blue_sweater,0,11756,"[""blue_sweater""]",False,True
665137,sandwiched,0,9677,"[""sandwiched""]",False,False
516937,oversized_object,0,10402,"[""oversized_object""]",False,False
434799,0_0,0,9487,"[""0_0""]",False,False
606732,soaking_feet,0,9392,"[""soaking_feet""]",False,False
660963,diamond_(shape),0,12314,"[""diamond_(shape)"", ""diamonds_(card_suit)"", ""rhombus""]",False,False
4803,birthday,0,10913,"[""birthday""]",False,False
1490428,fringe_trim,0,10068,"[""fringe_trim"", ""fringe""]",False,False
378072,huge_penis,0,10683,"[""huge_penis""]",False,False
622607,official_style,0,10811,"[""official_style""]",False,False
142348,wardrobe_malfunction,0,9399,"[""wardrobe_malfunction"", ""/wm""]",False,True
410002,sheet_grab,0,9823,"[""sheet_grab"", ""grabbing_sheet""]",False,False
1282122,green_footwear,0,11703,"[""green_footwear"", ""green_shoes"", ""green_boots""]",False,True
413865,planet,0,10201,"[""planet"", ""planets""]",False,False
382729,striped_pantyhose,0,9642,"[""striped_pantyhose""]",False,True
527888,animalization,0,12449,"[""animalization"", ""animalisation""]",False,False
483418,mini_top_hat,0,10311,"[""mini_top_hat"", ""tiny_top_hat"", ""mini_tophat""]",True,True
412952,arm_garter,0,9255,"[""arm_garter""]",False,True
511571,zzz,0,10907,"[""zzz"", ""z""]",False,False
1318935,aqua_necktie,0,12769,"[""aqua_necktie""]",False,True
478321,checkered_background,0,9773,"[""checkered_background"", ""/ckbg"", ""/checkbg"", ""/checkeredbg""]",False,False
438708,frilled_panties,0,9108,"[""frilled_panties""]",False,True
416892,;o,0,9750,"["";o""]",False,False
5006,rice,0,9912,"[""rice"", ""gohan""]",False,False
1251101,off-shoulder_sweater,0,10272,"[""off-shoulder_sweater""]",False,False
551141,arm_ribbon,0,9733,"[""arm_ribbon""]",True,True
1316159,leaning_to_the_side,0,10702,"[""leaning_to_the_side""]",False,False
2298,watermelon,0,9891,"[""watermelon"", ""watermelons""]",False,False
1396773,fur-trimmed_capelet,0,10625,"[""fur-trimmed_capelet""]",False,True
3904,rainbow,0,10022,"[""rainbow"", ""rainbows""]",False,False
390768,old_man,0,10586,"[""old_man""]",False,False
541644,aqua_background,0,11476,"[""aqua_background"", ""cyan_background"", ""/aquabg""]",False,False
108765,broom_riding,0,9298,"[""broom_riding"", ""sitting_on_broom"", ""riding_broom"", ""broomriding""]",False,False
588956,untied_bikini,0,8850,"[""untied_bikini""]",False,True
431532,fake_screenshot,0,10131,"[""fake_screenshot"", ""fakeshot""]",False,False
3531,bridge,0,10138,"[""bridge""]",False,False
8696,bathtub,0,9917,"[""bathtub"", ""bath_tub""]",False,False
2182,police,0,11764,"[""police"", ""police_officer"", ""cop""]",False,False
663579,holding_spoon,0,11509,"[""holding_spoon""]",False,True
1394264,holding_bow_(weapon),0,10714,"[""holding_bow_(weapon)""]",False,True
1548634,braided_bangs,0,10568,"[""braided_bangs""]",True,False
487559,lamppost,0,10195,"[""lamppost"", ""lamp_post"", ""lamp-post"", ""street_lights"", ""street_light"", ""streetlights"", ""streetlamp"", ""streetlight"", ""street_lamp""]",False,False
552246,red_collar,0,11246,"[""red_collar""]",False,True
1661326,content_rating,0,9176,"[""content_rating"", ""age_rating"", ""rating""]",False,False
582833,ear_blush,0,12013,"[""ear_blush""]",False,True
374967,power_lines,0,10380,"[""power_lines"", ""power_line""]",False,False
435834,torso_grab,0,9899,"[""torso_grab"", ""waist_grab"", ""hip_grab""]",False,False
423161,object_on_head,0,9491,"[""object_on_head""]",False,True
1948371,nervous_sweating,0,13749,"[""nervous_sweating"", ""cold_sweat"", ""sweating_profusely""]",False,False
1600,beer,0,9566,"[""beer""]",False,False
526026,multicolored_dress,0,10505,"[""multicolored_dress""]",False,True
8988,sniper_rifle,0,9110,"[""sniper_rifle""]",False,False
378042,bear_ears,0,10612,"[""bear_ears""]",True,False
561394,reverse_cowgirl_position,0,9381,"[""reverse_cowgirl_position"", ""reverse_cowgirl""]",False,False
504035,film_grain,0,15343,"[""film_grain"", ""noise_(visual)"", ""grainy""]",False,False
511640,single_shoe,0,9114,"[""single_shoe"", ""one_shoe""]",False,True
1732562,bikini_bottom_only,0,9234,"[""bikini_bottom_only"", ""bikini_bottom""]",False,True
380747,speed_lines,0,10251,"[""speed_lines""]",False,False
34553,dirty,0,10254,"[""dirty""]",False,False
464547,cherry,0,10212,"[""cherry"", ""cherries""]",False,False
1316985,shark_tail,0,13775,"[""shark_tail""]",True,True
1551197,1990s_(style),0,9553,"[""1990s_(style)"", ""90s"", ""90's""]",False,False
1711150,red_halo,0,18283,"[""red_halo""]",True,False
509903,tying_hair,0,9549,"[""tying_hair""]",False,False
1416880,yellow_footwear,0,11675,"[""yellow_footwear"", ""yellow_shoes"", ""yellow_boots""]",False,True
640090,red_eyeshadow,0,13812,"[""red_eyeshadow""]",True,True
376671,scroll,0,9472,"[""scroll""]",False,False
501783,miqo'te,0,9754,"[""miqo'te""]",False,False
394743,cushion,0,9327,"[""cushion""]",False,False
458796,sheep_horns,0,9601,"[""sheep_horns"", ""ram_horns""]",True,False
1367825,green_kimono,0,10502,"[""green_kimono"", ""green_yukata""]",False,True
564515,vertical-striped_thighhighs,0,8893,"[""vertical-striped_thighhighs""]",False,True
603198,red_sweater,0,10981,"[""red_sweater""]",False,True
392117,insect_wings,0,10345,"[""insect_wings""]",True,False
1637638,heart_brooch,0,9318,"[""heart_brooch""]",False,True
1397927,puff_of_air,0,12209,"[""puff_of_air"", ""=3""]",False,False
1441887,rimless_eyewear,0,9126,"[""rimless_eyewear"", ""rimless_glasses""]",True,True
466467,burger,0,10658,"[""burger"", ""hamburger"", ""cheeseburger""]",False,False
1582095,bow_hairband,0,12560,"[""bow_hairband"", ""hairband_bow""]",True,True
1364404,male_swimwear,0,9798,"[""male_swimwear"", ""swimwear_(male)""]",False,True
6425,scissors,0,9960,"[""scissors"", ""scissor""]",False,False
473284,frilled_bra,0,8961,"[""frilled_bra""]",False,True
109153,saucer,0,9910,"[""saucer""]",False,False
1770616,blue_gemstone,0,13585,"[""blue_gemstone"", ""sapphire_(gemstone)""]",False,False
1269470,chest_tattoo,0,11492,"[""chest_tattoo""]",False,False
464558,egg,0,9389,"[""egg"", ""eggs""]",False,False
666921,holding_fork,0,11411,"[""holding_fork""]",False,True
492671,moaning,0,10749,"[""moaning"", ""moan""]",False,False
396065,green_panties,0,8891,"[""green_panties""]",False,True
5011,horse,0,9570,"[""horse"", ""horses""]",False,False
1684829,heads_together,0,10550,"[""heads_together"", ""head-to-head"", ""head_to_head""]",False,False
492465,grey_thighhighs,0,12304,"[""grey_thighhighs""]",False,True
414773,aiming,0,10820,"[""aiming"", ""pointing_bow_(weapon)"", ""pointing_crossbow"", ""pointing_gun""]",False,False
1008745,sanpaku,0,11791,"[""sanpaku""]",False,False
694174,torogao,0,9208,"[""torogao""]",False,False
462578,merry_christmas,0,9380,"[""merry_christmas"", ""merry_xmas""]",False,False
1733109,jaggy_lines,0,9398,"[""jaggy_lines"", ""jaggy_line""]",False,False
11231,feeding,0,9366,"[""feeding""]",False,False
516375,biceps,0,10204,"[""biceps""]",False,False
398297,shouting,0,9684,"[""shouting"", ""yelling"", ""shout""]",False,False
3569,sleepy,0,9641,"[""sleepy""]",False,False
538953,zouri,0,10794,"[""zouri""]",False,True
902927,collared_jacket,0,15422,"[""collared_jacket""]",False,True
404056,yukkuri_shiteitte_ne,0,7864,"[""yukkuri_shiteitte_ne"", ""take_it_easy"", ""yukkuri""]",False,False
2762,coffee,0,9893,"[""coffee""]",False,False
1542129,skin-covered_horns,0,15523,"[""skin-covered_horns""]",True,False
465523,race_queen,0,9375,"[""race_queen"", ""racequeen""]",False,True
1398298,fur-trimmed_dress,0,10641,"[""fur-trimmed_dress""]",False,True
3577,motorcycle,0,9577,"[""motorcycle"", ""motorbike""]",False,False
3860,cooking,0,9382,"[""cooking""]",False,False
1854325,yellow_halo,0,17262,"[""yellow_halo""]",True,False
8671,female_ejaculation,0,9842,"[""female_ejaculation"", ""squirting_(sex)""]",False,False
399604,fucked_silly,0,8586,"[""fucked_silly""]",False,False
1782390,traditional_bowtie,0,10283,"[""traditional_bowtie""]",False,True
502301,tail_wagging,0,9743,"[""tail_wagging"", ""wagging_tail"", ""tail_wag"", ""wagging""]",False,False
1264677,anchor_hair_ornament,0,8159,"[""anchor_hair_ornament""]",True,True
469544,navel_hair,0,9028,"[""navel_hair""]",True,False
1304062,yellow_hairband,0,11134,"[""yellow_hairband""]",True,True
547756,bare_tree,0,9874,"[""bare_tree"", ""dead_tree""]",False,False
14258,nekomata,0,8766,"[""nekomata""]",False,False
374606,giantess,0,8986,"[""giantess""]",False,False
421520,no_eyes,0,9536,"[""no_eyes""]",True,False
797417,ear_bow,0,10310,"[""ear_bow""]",True,True
14297,cyborg,0,9597,"[""cyborg"", ""cyborgs""]",False,False
2006744,unworn_panties,0,8942,"[""unworn_panties"", ""panties_removed"", ""panties_off""]",False,True
1251292,fur-trimmed_cape,0,11023,"[""fur-trimmed_cape""]",False,True
375373,long_coat,0,9105,"[""long_coat"", ""longcoat""]",False,True
465180,ball_gag,0,9139,"[""ball_gag"", ""ballgag""]",False,False
579943,hair_pulled_back,0,8987,"[""hair_pulled_back""]",False,False
416268,v-neck,0,10600,"[""v-neck"", ""v_neck""]",False,False
712121,trait_connection,0,9634,"[""trait_connection""]",False,False
1268860,chest_jewel,0,11274,"[""chest_jewel"", ""gem_on_chest"", ""chest_gem""]",False,False
2006743,unworn_skirt,0,8629,"[""unworn_skirt"", ""skirt_removed"", ""skirt_off""]",False,True
490010,extra_arms,0,10475,"[""extra_arms"", ""four_arms"", ""multiple_arms"", ""polymelia""]",False,False
449907,topknot,0,9101,"[""topknot"", ""top_knot""]",False,False
1384761,blue_hoodie,0,10855,"[""blue_hoodie""]",False,True
5473,tape,0,9253,"[""tape""]",False,False
464537,bruise,0,9227,"[""bruise"", ""bruised"", ""bruises""]",False,False
520820,female_orgasm,0,9820,"[""female_orgasm""]",False,False
422654,gigantic_breasts,0,9751,"[""gigantic_breasts"", ""gigantic_breast""]",True,False
420744,shelf,0,9295,"[""shelf"", ""shelves""]",False,False
1447648,sailor_senshi_uniform,0,8075,"[""sailor_senshi_uniform""]",False,False
436889,stomach_bulge,0,9790,"[""stomach_bulge""]",False,False
547348,extra_eyes,0,9833,"[""extra_eyes"", ""multiple_eyes""]",True,False
418912,cum_string,0,8822,"[""cum_string"", ""cum_trail"", ""cumstring""]",False,True
605308,between_fingers,0,8829,"[""between_fingers""]",False,True
439891,d:,0,8850,"[""d:""]",False,False
16739,clipboard,0,9197,"[""clipboard""]",False,False
8354,reclining,0,8616,"[""reclining"", ""recline""]",False,False
553870,sleeveless_jacket,0,10079,"[""sleeveless_jacket""]",False,True
1505172,engrish_text,0,8082,"[""engrish_text""]",False,False
403477,electric_guitar,0,10350,"[""electric_guitar""]",False,False
570005,green_pants,0,11184,"[""green_pants""]",False,True
1515356,green_theme,0,8907,"[""green_theme""]",False,False
1389146,white_neckerchief,0,9783,"[""white_neckerchief""]",False,True
1428556,standing_split,0,9425,"[""standing_split""]",False,False
329,bestiality,0,8701,"[""bestiality"", ""zoophilia"", ""beastiality""]",False,False
468075,jiangshi,0,8396,"[""jiangshi"", ""chinese_vampire"", ""kyonshii"", ""geung_si""]",False,False
410239,superhero,0,0,"[""superhero""]",False,True
511642,single_sock,0,9325,"[""single_sock"", ""one_sock""]",False,True
1326581,brown_vest,0,10300,"[""brown_vest""]",False,True
391915,print_panties,0,8395,"[""print_panties""]",False,True
379427,skeleton,0,9343,"[""skeleton""]",False,False
467264,yawning,0,9702,"[""yawning"", ""yawn""]",False,False
563425,waist_cape,0,8938,"[""waist_cape""]",False,True
15994,shirt_pull,0,8443,"[""shirt_pull""]",False,True
1262324,shared_bathing,0,19079,"[""shared_bathing"", ""shared_bathtub"", ""2girls1tub""]",False,False
495048,lily_(flower),0,8687,"[""lily_(flower)"", ""lillies""]",False,False
501384,long_braid,0,10016,"[""long_braid""]",True,False
615718,green_gloves,0,9965,"[""green_gloves""]",False,True
651810,holding_card,0,10369,"[""holding_card"", ""holding_playing_card"", ""holding_cards""]",False,False
1258905,holding_can,0,10961,"[""holding_can""]",False,True
1393856,hooded_coat,0,10256,"[""hooded_coat""]",False,True
651956,clothed_male_nude_female,0,8639,"[""clothed_male_nude_female"", ""nfcm"", ""/nfcm"", ""nude_female_clothed_male"", ""clothed_male_naked_female"", ""cmnf"", ""/cmnf""]",False,True
415942,jester_cap,0,8768,"[""jester_cap"", ""jester_hat""]",True,True
614881,open_vest,0,9767,"[""open_vest""]",False,True
695377,planted,0,8830,"[""planted"", ""planted_weapon""]",False,False
615970,yellow_sclera,0,10568,"[""yellow_sclera""]",False,False
493130,plaid_shirt,0,8783,"[""plaid_shirt"", ""plaid_blouse""]",False,True
487850,tentacle_sex,0,8506,"[""tentacle_sex""]",False,False
1345874,weapon_on_back,0,10649,"[""weapon_on_back""]",False,False
481294,detached_wings,0,9633,"[""detached_wings"", ""floating_wings""]",True,False
1346561,holding_cigarette,0,11164,"[""holding_cigarette""]",False,True
421658,cardboard_box,0,8941,"[""cardboard_box"", ""danbooru""]",False,False
1708,sake,0,7826,"[""sake""]",False,False
679252,solid_oval_eyes,0,10428,"[""solid_oval_eyes""]",True,False
1618887,infection_monitor_(arknights),0,9447,"[""infection_monitor_(arknights)"", ""oripathy_monitor_(arknights)""]",False,False
480577,:|,0,9888,"["":|""]",False,False
4491,monocle,0,9461,"[""monocle""]",False,True
492769,picture_frame,0,11666,"[""picture_frame"", ""painting_frame"", ""photo_frame""]",False,False
652562,book_stack,0,9187,"[""book_stack"", ""stacked_books""]",False,False
1408307,black_blindfold,0,8885,"[""black_blindfold""]",False,True
578856,pink_sweater,0,11331,"[""pink_sweater""]",False,True
238935,track_suit,0,10342,"[""track_suit"", ""tracksuit""]",False,True
710056,fox_shadow_puppet,0,8949,"[""fox_shadow_puppet"", ""fox_hand_sign""]",False,False
1303914,pink_choker,0,9308,"[""pink_choker""]",False,True
397487,pillow_hug,0,8488,"[""pillow_hug""]",False,True
1827216,cube_hair_ornament,0,10501,"[""cube_hair_ornament"", ""hair_cubes""]",True,True
547349,heart_ahoge,0,9472,"[""heart_ahoge""]",True,False
1257578,frilled_collar,0,8052,"[""frilled_collar""]",False,True
587579,floating_object,0,9525,"[""floating_object""]",False,True
482913,black_suit,0,11486,"[""black_suit""]",False,True
399455,poolside,0,8694,"[""poolside""]",False,False
2648,nightgown,0,8752,"[""nightgown"", ""nighty"", ""night_dress"", ""night_gown"", ""nightie"", ""nightdress""]",False,True
408582,expressions,0,0,"[""expressions""]",False,False
504234,punching,0,8608,"[""punching"", ""punch""]",False,False
626633,spoken_musical_note,0,9045,"[""spoken_musical_note"", ""spoken_note""]",False,False
432914,flat_color,0,9104,"[""flat_color"", ""flat_colors""]",False,False
375424,the_pose,0,8828,"[""the_pose""]",False,True
706041,cross-shaped_pupils,0,11057,"[""cross-shaped_pupils""]",True,False
508932,side-by-side,0,10853,"[""side-by-side"", ""side_by_side""]",False,False
1298744,frilled_choker,0,10000,"[""frilled_choker""]",False,True
710095,striped_bowtie,0,8833,"[""striped_bowtie""]",False,True
15670,beach_umbrella,0,8720,"[""beach_umbrella""]",False,True
2008674,artistic_error,0,7982,"[""artistic_error"", ""error""]",False,False
464571,pillar,0,9048,"[""pillar"", ""pillars""]",False,False
381678,broken,0,8237,"[""broken""]",False,False
647130,white_necktie,0,9406,"[""white_necktie""]",False,True
11067,jumpsuit,0,10121,"[""jumpsuit"", ""coveralls""]",False,True
642359,faulds,0,8243,"[""faulds""]",False,False
13859,perspective,0,8056,"[""perspective""]",False,False
15117,police_uniform,0,10499,"[""police_uniform""]",False,False
422720,uwabaki,0,8185,"[""uwabaki"", ""indoor_shoes_(japanese)""]",False,True
378899,bride,0,8320,"[""bride""]",False,True
569436,blood_on_hands,0,11233,"[""blood_on_hands"", ""blood_on_fingers"", ""bloody_hands"", ""bloody_fingers""]",False,True
474091,downblouse,0,8097,"[""downblouse"", ""down_blouse""]",False,True
375185,doll_joints,0,9241,"[""doll_joints"", ""ball_joints"", ""dolljoints""]",False,False
661260,yellow_nails,0,9418,"[""yellow_nails"", ""yellow_fingernails""]",False,False
1347239,holding_wand,0,10077,"[""holding_wand""]",False,True
664517,kariginu,0,8889,"[""kariginu""]",False,True
2311,pregnant,0,8810,"[""pregnant""]",False,False
16710,sepia,0,8303,"[""sepia""]",False,False
713253,cross_hair_ornament,0,10773,"[""cross_hair_ornament""]",True,True
656330,hands_on_own_cheeks,0,9505,"[""hands_on_own_cheeks"", ""hands_on_cheeks"", ""hands_on_cheek"", ""hands_to_cheeks"", ""hands_to_cheek""]",False,False
398857,mind_control,0,9192,"[""mind_control"", ""brainwashing""]",False,False
3249,wine,0,9190,"[""wine""]",False,False
506311,weapon_over_shoulder,0,8696,"[""weapon_over_shoulder""]",False,False
473775,pointy_hair,0,7693,"[""pointy_hair""]",True,False
841221,very_dark_skin,0,9663,"[""very_dark_skin"", ""ebony""]",True,False
1243442,competition_school_swimsuit,0,8097,"[""competition_school_swimsuit""]",False,True
471574,over-kneehighs,0,8011,"[""over-kneehighs""]",False,True
202427,3:,0,7956,"[""3:""]",False,False
1275190,twisted_torso,0,7963,"[""twisted_torso""]",False,False
507496,chess_piece,0,7603,"[""chess_piece""]",False,False
512713,aqua_bow,0,10067,"[""aqua_bow""]",True,True
1669073,official_alternate_hair_length,0,9942,"[""official_alternate_hair_length"", ""alternate_hair_length_(official)""]",False,False
784749,leotard_under_clothes,0,8252,"[""leotard_under_clothes""]",False,True
4547,lowleg_panties,0,7224,"[""lowleg_panties"", ""low_leg_panties"", ""low-leg_panties""]",False,True
420311,\m/,0,7923,"[""\\m/"", ""ily_hand_sign""]",False,False
474717,front_ponytail,0,7987,"[""front_ponytail""]",True,False
608355,karakasa_obake,0,7270,"[""karakasa_obake"", ""karakasa-obake"", ""kasa_obake"", ""kasa-obake"", ""karakasa""]",False,False
377360,take_your_pick,0,7735,"[""take_your_pick""]",False,False
821048,pink_hairband,0,9803,"[""pink_hairband""]",True,True
511691,sweater_lift,0,8084,"[""sweater_lift""]",False,True
498646,crack,0,8773,"[""crack"", ""cracked"", ""cracks""]",False,False
545740,taut_shirt,0,7529,"[""taut_shirt"", ""taut_blouse""]",False,True
11458,baseball_bat,0,9701,"[""baseball_bat"", ""bat_(baseball)""]",False,False
707075,tile_wall,0,8814,"[""tile_wall""]",False,False
393283,orb,0,8331,"[""orb"", ""sphere"", ""orbs""]",False,False
383707,pun,0,7733,"[""pun""]",False,False
633774,bandaid_on_nose,0,9206,"[""bandaid_on_nose""]",False,False
476548,pinky_out,0,8066,"[""pinky_out"", ""extended_pinky"", ""raised_pinky""]",False,False
412879,playing_games,0,8230,"[""playing_games"", ""playing_video_games"", ""playing_game"", ""gaming"", ""girls_playing_games""]",False,False
41161,street,0,8644,"[""street""]",False,False
9449,internal_cumshot,0,8340,"[""internal_cumshot"", ""semen_in_uterus"", ""internal"", ""cum_in_uterus""]",False,False
377,mouse,0,0,"[""mouse""]",False,False
2282,footjob,0,8283,"[""footjob"", ""ashikoki""]",False,False
639323,skull_hair_ornament,0,8040,"[""skull_hair_ornament""]",True,True
414161,cum_on_ass,0,8008,"[""cum_on_ass"", ""semen_on_ass""]",False,False
727102,hand_on_own_stomach,0,8768,"[""hand_on_own_stomach"", ""hand_on_stomach"", ""hand_on_belly"", ""hand_on_own_belly""]",False,False
549705,red_bodysuit,0,11314,"[""red_bodysuit""]",False,True
603226,heart_print,0,8724,"[""heart_print""]",False,True
660644,heart_cutout,0,9808,"[""heart_cutout""]",False,True
9894,lap_pillow,0,8477,"[""lap_pillow"", ""hizamakura"", ""head_on_lap"", ""head_in_lap"", ""lappillow""]",False,False
391704,pervert,0,7688,"[""pervert""]",False,False
6413,uterus,0,7854,"[""uterus"", ""womb""]",False,False
216327,shy,0,9763,"[""shy""]",False,False
440458,xd,0,8213,"[""xd""]",False,False
568318,bokeh,0,8344,"[""bokeh""]",False,False
580402,plaid_scarf,0,7976,"[""plaid_scarf""]",False,True
473022,side_braids,0,11073,"[""side_braids""]",True,True
398955,flower_field,0,9098,"[""flower_field""]",False,False
3767,laptop,0,8451,"[""laptop""]",False,False
546417,girl_sandwich,0,7629,"[""girl_sandwich""]",False,False
540619,holding_hat,0,9266,"[""holding_hat""]",False,True
502421,glaring,0,9085,"[""glaring"", ""glare""]",False,False
495851,open_hoodie,0,8198,"[""open_hoodie""]",False,True
471598,tail_bow,0,8764,"[""tail_bow""]",True,False
425624,charm_(object),0,11985,"[""charm_(object)""]",False,False
473214,red_bra,0,8245,"[""red_bra""]",False,True
473283,purple_bra,0,7777,"[""purple_bra""]",False,True
1590671,chest_harness,0,11094,"[""chest_harness""]",False,False
582827,adjusting_headwear,0,8551,"[""adjusting_headwear"", ""adjusting_hat""]",False,True
1468296,beamed_eighth_notes,0,7675,"[""beamed_eighth_notes"", ""beamed_quavers""]",False,False
1312162,short_necktie,0,9154,"[""short_necktie"", ""mini_necktie""]",False,True
485638,blood_splatter,0,8546,"[""blood_splatter"", ""blood_spatter""]",False,True
655244,cross_earrings,0,8898,"[""cross_earrings""]",True,True
1429011,holding_candy,0,10570,"[""holding_candy""]",False,True
545136,coat_on_shoulders,0,11784,"[""coat_on_shoulders""]",False,True
1168235,halter_dress,0,8997,"[""halter_dress""]",False,True
1875949,lower_teeth_only,0,11381,"[""lower_teeth_only"", ""lower_teeth""]",False,False
1425519,tokiwadai_school_uniform,0,7610,"[""tokiwadai_school_uniform""]",False,False
466986,horn_ribbon,0,7553,"[""horn_ribbon"", ""horn_ribbons""]",True,True
439983,knees,0,9900,"[""knees"", ""knee""]",False,False
1483713,multiple_rings,0,10870,"[""multiple_rings"", ""rings""]",False,True
10367,prosthesis,0,8880,"[""prosthesis"", ""prosthetic_limb""]",False,False
422021,cow_tail,0,7789,"[""cow_tail""]",True,False
1276067,floppy_ears,0,10054,"[""floppy_ears""]",True,False
3516,river,0,8032,"[""river""]",False,False
456272,dog_tags,0,8647,"[""dog_tags"", ""dogtag"", ""dog_tag"", ""dogtags""]",False,False
388210,gold,0,10462,"[""gold""]",False,False
2806,exhibitionism,0,7814,"[""exhibitionism""]",False,False
1405351,mountainous_horizon,0,9702,"[""mountainous_horizon""]",False,False
609685,two-tone_skin,0,11409,"[""two-tone_skin""]",True,True
381455,shopping_bag,0,7988,"[""shopping_bag"", ""shopping_bags""]",False,False
460159,body_blush,0,7095,"[""body_blush""]",False,False
695469,plaid_bow,0,8746,"[""plaid_bow""]",True,True
448399,dougi,0,8797,"[""dougi"", ""fighting_kimono"", ""gi""]",False,True
434225,purple_lips,0,8474,"[""purple_lips"", ""lavender_lipstick"", ""purple_lipstick""]",True,False
1450868,chaldea_uniform,0,7014,"[""chaldea_uniform""]",False,False
1616,kotatsu,0,7400,"[""kotatsu""]",False,False
399265,fat_mons,0,6959,"[""fat_mons"", ""mons_pubis""]",False,False
665797,hand_on_own_ass,0,7993,"[""hand_on_own_ass"", ""hand_on_ass""]",False,False
1631734,single_mechanical_arm,0,8187,"[""single_mechanical_arm"", ""mechanical_arm"", ""robotic_arms"", ""robot_arms"", ""robot_arm""]",False,False
1394528,single_sidelock,0,10849,"[""single_sidelock""]",True,False
455753,leg_warmers,0,11910,"[""leg_warmers"", ""legwarmers""]",False,True
474502,explosive,0,7992,"[""explosive"", ""explosives""]",False,False
2786,loincloth,0,7733,"[""loincloth"", ""loin_cloth""]",False,True
474204,frilled_thighhighs,0,8143,"[""frilled_thighhighs""]",False,True
409832,robot_joints,0,8921,"[""robot_joints""]",False,False
379609,bra_pull,0,7186,"[""bra_pull"", ""bra_down""]",False,True
524012,pinstripe_pattern,0,10586,"[""pinstripe_pattern"", ""pinstripe"", ""pinstripes""]",False,True
1312163,purple_necktie,0,9658,"[""purple_necktie""]",False,True
468509,paper_lantern,0,8378,"[""paper_lantern""]",False,False
486149,military_jacket,0,8315,"[""military_jacket""]",False,False
2083,meat,0,8533,"[""meat""]",False,True
399834,forehead_protector,0,8371,"[""forehead_protector""]",False,True
509953,holding_paper,0,9882,"[""holding_paper""]",False,True
389066,castle,0,7827,"[""castle""]",False,False
1397752,two-tone_shirt,0,10551,"[""two-tone_shirt""]",False,True
646772,solid_circle_eyes,0,8634,"[""solid_circle_eyes"", ""\u2022_\u2022""]",True,False
1076628,holding_ball,0,9074,"[""holding_ball""]",False,True
1444169,yellow_headwear,0,3563,"[""yellow_headwear"", ""yellow_hat""]",True,True
9127,dango,0,7920,"[""dango""]",False,False
491550,lanyard,0,9465,"[""lanyard""]",False,False
1424093,otonokizaka_school_uniform,0,7077,"[""otonokizaka_school_uniform""]",False,False
438177,father_and_daughter,0,7991,"[""father_and_daughter""]",False,False
11935,whistle,0,9586,"[""whistle""]",False,False
623331,company_connection,0,8091,"[""company_connection"", ""studio_connection""]",False,False
1269471,leg_tattoo,0,9920,"[""leg_tattoo"", ""thigh_tattoo""]",False,False
1335474,sleeves_past_elbows,0,0,"[""sleeves_past_elbows""]",False,True
539284,heart_pasties,0,8549,"[""heart_pasties""]",False,True
585249,faceless_female,0,9364,"[""faceless_female""]",True,False
1399176,two-tone_fur,0,9123,"[""two-tone_fur""]",False,False
577266,chain-link_fence,0,8244,"[""chain-link_fence"", ""chain_link_fence"", ""chainlink_fence""]",False,False
415545,twilight,0,7271,"[""twilight""]",False,False
379975,bound_legs,0,8394,"[""bound_legs""]",False,False
1393858,white_camisole,0,9982,"[""white_camisole""]",False,True
1398817,thighhighs_under_boots,0,7472,"[""thighhighs_under_boots""]",False,True
511644,single_wing,0,8967,"[""single_wing"", ""one_wing""]",True,False
398888,vase,0,8363,"[""vase""]",False,False
471020,covering_face,0,7846,"[""covering_face"", ""hiding_face""]",False,True
4174,tomboy,0,9060,"[""tomboy""]",False,False
3288,penguin,0,7461,"[""penguin"", ""penguins""]",False,False
494456,utility_pole,0,8656,"[""utility_pole"", ""power_pole"", ""telephone_pole""]",False,False
466779,belt_collar,0,10522,"[""belt_collar"", ""belt_choker"", ""neck_belt""]",False,True
1281052,brown_bow,0,8429,"[""brown_bow""]",True,True
1251890,suggestive_fluid,0,7353,"[""suggestive_fluid"", ""ambiguous_white_liquid""]",False,False
1915972,medium_bangs,0,0,"[""medium_bangs""]",True,False
389995,red_wings,0,8186,"[""red_wings""]",True,False
424779,thigh_holster,0,7799,"[""thigh_holster""]",False,False
6188,dressing,0,7223,"[""dressing""]",False,False
410885,skyscraper,0,8031,"[""skyscraper""]",False,False
379597,shorts_pull,0,7554,"[""shorts_pull"", ""shorts_down""]",False,True
388072,costume_switch,0,7759,"[""costume_switch"", ""outfit_switch"", ""costume_swap"", ""exchanging_clothes""]",False,False
4119,suitcase,0,8368,"[""suitcase""]",False,False
623300,bubble_skirt,0,7129,"[""bubble_skirt"", ""puffy_skirt""]",False,True
891436,food_focus,0,11464,"[""food_focus"", ""drink_focus""]",False,False
375037,striped_socks,0,8086,"[""striped_socks"", ""striped_kneehighs""]",False,True
507242,monster_boy,0,9935,"[""monster_boy""]",True,False
1531697,mismatched_pupils,0,9734,"[""mismatched_pupils"", ""asymmetrical_pupils""]",True,False
460488,feet_up,0,8654,"[""feet_up""]",False,False
9469,noodles,0,7890,"[""noodles"", ""noodle""]",False,False
882518,blue_butterfly,0,9385,"[""blue_butterfly""]",False,True
1587249,oripathy_lesion_(arknights),0,7855,"[""oripathy_lesion_(arknights)"", ""ore_lesion_(arknights)""]",False,False
399073,waistcoat,0,7459,"[""waistcoat"", ""waist_coat""]",False,True
10495,cowboy_hat,0,8429,"[""cowboy_hat""]",True,True
413907,;p,0,7630,"["";p""]",False,False
5086,whip,0,7630,"[""whip"", ""whips""]",False,False
525997,print_dress,0,8845,"[""print_dress""]",False,True
439147,cum_on_tongue,0,7464,"[""cum_on_tongue""]",False,False
396696,evening,0,8413,"[""evening""]",False,False
460438,damaged,0,7071,"[""damaged"", ""damage""]",False,False
387233,paper_fan,0,7092,"[""paper_fan""]",False,False
383172,train_interior,0,7938,"[""train_interior"", ""inside_train""]",False,False
5814,autumn,0,7437,"[""autumn"", ""fall_(season)""]",False,False
717483,flower-shaped_pupils,0,8096,"[""flower-shaped_pupils"", ""flower_shaped_pupils""]",True,False
1336152,asymmetrical_sleeves,0,8428,"[""asymmetrical_sleeves""]",False,True
1234394,see-through_shirt,0,10811,"[""see-through_shirt"", ""transparent_shirt""]",False,True
2006747,unworn_clothes,0,7441,"[""unworn_clothes"", ""clothes_removed"", ""undressed"", ""clothes_off""]",False,True
407260,polka_dot_panties,0,6841,"[""polka_dot_panties"", ""polka-dot_panties""]",False,True
12438,grapes,0,7326,"[""grapes"", ""grape""]",False,False
1747766,lapels,0,17808,"[""lapels"", ""lapel""]",False,True
406023,projectile_cum,0,7641,"[""projectile_cum""]",False,True
481812,teardrop,0,7930,"[""teardrop""]",False,False
1392010,blue_bodysuit,0,8854,"[""blue_bodysuit""]",False,True
449465,firing,0,7667,"[""firing"", ""shooting"", ""gunfire""]",False,False
172313,time_paradox,0,7367,"[""time_paradox""]",False,False
2688,knight,0,8009,"[""knight""]",False,False
1553182,grabbing_another's_hair,0,7925,"[""grabbing_another's_hair"", ""hair_pull"", ""pulling_another's_hair""]",False,False
10045,family,0,7415,"[""family""]",False,False
416506,torn_pants,0,9021,"[""torn_pants"", ""ripped_pants""]",False,True
1258923,star_in_eye,0,9666,"[""star_in_eye"", ""stars_in_eye""]",False,True
672073,brown_fur,0,9677,"[""brown_fur""]",False,False
1972174,holding_removed_eyewear,0,7916,"[""holding_removed_eyewear"", ""holding_eyewear"", ""holding_sunglasses"", ""holding_glasses""]",False,True
564680,print_pantyhose,0,7471,"[""print_pantyhose""]",False,False
723993,bird_tail,0,7526,"[""bird_tail""]",True,True
7818,anal_beads,0,7106,"[""anal_beads"", ""analbeads""]",False,False
668478,holding_pen,0,8977,"[""holding_pen""]",False,True
568650,grey_pantyhose,0,10033,"[""grey_pantyhose"", ""gray_pantyhose""]",False,True
533114,turn_pale,0,8021,"[""turn_pale"", ""pale_face""]",False,False
375456,zombie,0,7181,"[""zombie"", ""zombies""]",False,False
483292,gradient_eyes,0,8010,"[""gradient_eyes""]",True,True
1559670,cow_print_bikini,0,8467,"[""cow_print_bikini""]",False,True
10322,albino,0,7472,"[""albino""]",False,False
406885,thong_bikini,0,7374,"[""thong_bikini""]",False,True
1576265,bra_visible_through_clothes,0,8145,"[""bra_visible_through_clothes"", ""bra_through_clothes""]",False,True
634063,flag_print,0,8976,"[""flag_print""]",False,False
582261,unmoving_pattern,0,7193,"[""unmoving_pattern"", ""unmoving_plaid""]",False,False
450547,water_gun,0,7357,"[""water_gun"", ""squirt_gun"", ""water_pistol"", ""watergun""]",False,False
1411020,white_bloomers,0,8492,"[""white_bloomers""]",False,True
538432,full_armor,0,7883,"[""full_armor""]",False,False
413872,breast_envy,0,6813,"[""breast_envy""]",False,False
498156,panty_peek,0,7593,"[""panty_peek""]",False,True
430114,popped_collar,0,8839,"[""popped_collar"", ""collar_up""]",False,False
1714873,chest_sarashi,0,8802,"[""chest_sarashi"", ""sarashi_(chest)""]",False,True
407913,bursting_breasts,0,7039,"[""bursting_breasts""]",True,False
821623,female_pervert,0,6815,"[""female_pervert""]",False,False
2364,onigiri,0,7452,"[""onigiri"", ""rice_ball"", ""riceball""]",False,False
302968,wet_panties,0,6488,"[""wet_panties"", ""drenched_panties"", ""/wp""]",False,True
11062,fox,0,7779,"[""fox"", ""foxes""]",False,False
1385298,animal_ear_headphones,0,9131,"[""animal_ear_headphones""]",True,False
4440,wolf,0,7621,"[""wolf""]",False,False
1256968,swivel_chair,0,8348,"[""swivel_chair""]",False,False
418178,waves,0,7555,"[""waves""]",False,False
618610,yellow_gloves,0,9680,"[""yellow_gloves""]",False,True
291535,pearl_necklace,0,9526,"[""pearl_necklace""]",False,False
430739,large_bow,0,7286,"[""large_bow""]",True,True
1356896,armpit_peek,0,6831,"[""armpit_peek""]",False,False
1286651,heart-shaped_box,0,7170,"[""heart-shaped_box"", ""heart_box""]",False,False
725289,multicolored_nails,0,8293,"[""multicolored_nails"", ""mismatched_nail_polish"", ""multicolored_fingernails"", ""multicolored_nail_polish""]",False,False
1322968,old_school_swimsuit,0,7111,"[""old_school_swimsuit""]",False,True
432947,no_socks,0,6757,"[""no_socks""]",False,True
417653,convenient_leg,0,7086,"[""convenient_leg""]",False,False
438648,stand_(jojo),0,6276,"[""stand_(jojo)""]",False,False
1313101,green_bowtie,0,8900,"[""green_bowtie""]",False,True
405409,tail_ribbon,0,6915,"[""tail_ribbon""]",True,False
605808,snout,0,7383,"[""snout""]",False,False
1409996,flower_knot,0,8625,"[""flower_knot""]",False,False
427529,fat_man,0,7762,"[""fat_man""]",False,True
512126,shushing,0,7854,"[""shushing"", ""silence_gesture"", ""shush"", ""shh""]",False,False
405861,rose_petals,0,7159,"[""rose_petals""]",False,False
1390882,blue_sleeves,0,9525,"[""blue_sleeves""]",False,True
374357,yandere,0,7139,"[""yandere""]",False,False
626701,bird_ears,0,7059,"[""bird_ears""]",True,True
1419007,stirrup_legwear,0,9066,"[""stirrup_legwear""]",False,True
4022,maebari,0,7257,"[""maebari""]",False,True
521411,husband_and_wife,0,8080,"[""husband_and_wife""]",False,False
1454257,2others,0,8945,"[""2others""]",False,False
1289945,orange_jacket,0,8543,"[""orange_jacket""]",False,True
1378403,purple_leotard,0,7496,"[""purple_leotard""]",False,True
591983,disembodied_penis,0,7082,"[""disembodied_penis"", ""magic_penis""]",False,False
433344,pussy_peek,0,6945,"[""pussy_peek""]",False,True
403588,pink_skin,0,8029,"[""pink_skin""]",True,False
1590430,squatting_cowgirl_position,0,7409,"[""squatting_cowgirl_position""]",False,False
669436,streaming_tears,0,8462,"[""streaming_tears""]",False,True
546453,cat_boy,0,10674,"[""cat_boy"", ""catboy""]",True,False
10205,notebook,0,7546,"[""notebook""]",False,False
459940,beer_mug,0,7471,"[""beer_mug""]",False,False
584023,shark_girl,0,10279,"[""shark_girl""]",True,False
456933,microphone_stand,0,7354,"[""microphone_stand""]",False,False
1345564,partially_unzipped,0,8288,"[""partially_unzipped""]",False,True
626243,aiguillette,0,7678,"[""aiguillette"", ""aiguillettes""]",False,True
1574241,dolphin_shorts,0,9460,"[""dolphin_shorts""]",False,True
3778,amputee,0,7361,"[""amputee""]",False,False
379182,energy,0,7170,"[""energy""]",False,False
531372,mouse_girl,0,10574,"[""mouse_girl"", ""rat_girl""]",True,False
1639310,arthropod_girl,0,7301,"[""arthropod_girl"", ""insect_girl"", ""bug_girl"", ""buggirl""]",True,False
1295644,vertical-striped_shirt,0,8967,"[""vertical-striped_shirt"", ""vertical-striped_blouse""]",False,True
410928,multiple_4koma,0,6142,"[""multiple_4koma""]",False,False
449974,fur_hat,0,7228,"[""fur_hat""]",True,True
8475,bicycle,0,7009,"[""bicycle"", ""bike""]",False,False
1413412,obijime,0,7661,"[""obijime""]",False,True
2025918,mixed-sex_bathing,0,7474,"[""mixed-sex_bathing"", ""mixed_bathing"", ""coed_bathing""]",False,False
1555383,fur-trimmed_headwear,0,8425,"[""fur-trimmed_headwear"", ""fur-trimmed_hat""]",True,True
419682,bra_strap,0,8222,"[""bra_strap""]",False,True
479932,strap_pull,0,6791,"[""strap_pull""]",False,True
677008,school_chair,0,7754,"[""school_chair""]",False,False
476779,ice_cream_cone,0,7846,"[""ice_cream_cone"", ""ice-cream_cones"", ""ice-cream_cone"", ""icecream_cones"", ""icecream_cone"", ""ice_cream_cones""]",False,False
568513,animal_on_shoulder,0,7616,"[""animal_on_shoulder""]",False,False
492418,orange_dress,0,8018,"[""orange_dress""]",False,True
1303985,blue_buruma,0,7289,"[""blue_buruma""]",False,True
1537333,interface_headset,0,7781,"[""interface_headset""]",False,False
1285261,pink_necktie,0,8108,"[""pink_necktie""]",False,True
673216,toeless_footwear,0,8499,"[""toeless_footwear"", ""toeless_boots"", ""open_toe_shoes"", ""toeless_shoes""]",False,True
394179,crotchless,0,7269,"[""crotchless"", ""crotchless_clothes"", ""crotchless_clothing""]",False,True
477117,raised_eyebrow,0,8107,"[""raised_eyebrow""]",True,False
648630,boy_on_top,0,7571,"[""boy_on_top"", ""male_on_top"", ""guy_on_top""]",False,False
554588,suit_jacket,0,9468,"[""suit_jacket"", ""dress_jacket""]",False,True
12858,bone,0,7373,"[""bone"", ""bones""]",False,False
475381,striped_scarf,0,6908,"[""striped_scarf""]",False,True
380477,whiskers,0,8703,"[""whiskers"", ""whisker""]",False,False
626303,mismatched_gloves,0,8367,"[""mismatched_gloves""]",False,True
6328,chick,0,6665,"[""chick"", ""baby_bird"", ""chicks""]",False,False
177781,cane,0,7810,"[""cane"", ""walking_stick""]",False,False
1356361,grey_vest,0,8560,"[""grey_vest"", ""gray_vest""]",False,True
248665,money,0,7000,"[""money"", ""cash""]",False,False
473292,blue_socks,0,8620,"[""blue_socks"", ""blue_kneehighs""]",False,True
410903,black_skin,0,8514,"[""black_skin""]",True,False
461563,poster_(object),0,7421,"[""poster_(object)""]",False,False
619558,peeking_out,0,6719,"[""peeking_out"", ""peeking_around_corner"", ""a_master_is_out""]",False,False
1411717,medium_skirt,0,7830,"[""medium_skirt""]",False,True
613923,argyle_legwear,0,2770,"[""argyle_legwear"", ""argyle_socks""]",False,True
675901,frilled_hat,0,7753,"[""frilled_hat""]",True,True
423823,ship,0,6634,"[""ship"", ""ships""]",False,False
547742,open_hands,0,7713,"[""open_hands""]",False,False
526806,tengu-geta,0,6253,"[""tengu-geta""]",False,True
482236,striped_skirt,0,7059,"[""striped_skirt""]",False,True
55663,danmaku,0,6006,"[""danmaku""]",False,False
656163,hand_on_another's_cheek,0,8292,"[""hand_on_another's_cheek""]",False,False
496288,orange_(fruit),0,7291,"[""orange_(fruit)"", ""orange_(food)"", ""orange"", ""oranges""]",False,False
698475,showgirl_skirt,0,9654,"[""showgirl_skirt""]",False,True
561421,striped_ribbon,0,6754,"[""striped_ribbon""]",True,True
415277,recording,0,8818,"[""recording"", ""filming""]",False,False
390,demon,0,7013,"[""demon"", ""devil"", ""demons""]",False,False
429487,double_handjob,0,6547,"[""double_handjob""]",False,False
1471843,waist_bow,0,8221,"[""waist_bow""]",True,True
374989,quiver,0,6489,"[""quiver""]",False,False
360746,waking_up,0,7094,"[""waking_up""]",False,False
3045,alien,0,7843,"[""alien""]",False,False
520554,blue_fire,0,7964,"[""blue_fire"", ""blue_flame""]",False,False
1505313,romaji_text,0,6782,"[""romaji_text"", ""romaji"", ""romanji""]",False,False
559442,red_buruma,0,6970,"[""red_buruma""]",False,True
673956,falling_leaves,0,8104,"[""falling_leaves"", ""leaves_in_wind"", ""flying_leaves"", ""blowing_leaves""]",False,True
1632773,heart-shaped_chocolate,0,6500,"[""heart-shaped_chocolate"", ""chocolate_heart""]",False,False
1389971,nintendo_switch,0,6988,"[""nintendo_switch""]",False,False
578948,closed_umbrella,0,6463,"[""closed_umbrella""]",False,True
1497310,button_gap,0,7926,"[""button_gap""]",False,True
494868,black_cloak,0,8001,"[""black_cloak""]",False,False
15294,lightning,0,7059,"[""lightning""]",False,False
494896,hydrangea,0,6448,"[""hydrangea"", ""hortensia_(flower)"", ""hydrangeas""]",False,False
494236,taking_picture,0,7756,"[""taking_picture""]",False,False
5723,fedora,0,7154,"[""fedora""]",False,True
1518573,cable_knit,0,6667,"[""cable_knit""]",False,True
1319919,hands_on_own_knees,0,7049,"[""hands_on_own_knees"", ""hands_on_knees""]",False,False
405981,breast_suppress,0,6022,"[""breast_suppress""]",False,False
724241,holding_camera,0,8683,"[""holding_camera"", ""holding_camcorder""]",False,True
7469,revolver,0,7039,"[""revolver""]",False,False
684687,grabbing_own_ass,0,6790,"[""grabbing_own_ass""]",False,True
571473,bandaid_on_knee,0,7720,"[""bandaid_on_knee""]",False,False
686687,hatching_(texture),0,7588,"[""hatching_(texture)""]",False,False
459964,unsheathing,0,6702,"[""unsheathing""]",False,False
1631539,slime_(substance),0,6815,"[""slime_(substance)"", ""slime"", ""goo""]",False,False
516128,backboob,0,7452,"[""backboob"", ""back_boob""]",False,True
613646,on_desk,0,7008,"[""on_desk""]",False,False
485999,coffee_mug,0,7416,"[""coffee_mug""]",False,False
1492952,super_crown,0,5733,"[""super_crown""]",True,False
1453261,low_twin_braids,0,10459,"[""low_twin_braids""]",True,False
11990,spring_onion,0,6692,"[""spring_onion"", ""leek"", ""negi"", ""scallion""]",False,False
1498357,single_leg_pantyhose,0,8378,"[""single_leg_pantyhose"", ""single_legging"", ""single_pantyhose_leg""]",False,True
1399133,grey_cardigan,0,7429,"[""grey_cardigan""]",False,True
8594,ladle,0,6596,"[""ladle""]",False,False
390918,elbow_pads,0,6841,"[""elbow_pads"", ""elbow_pad""]",False,False
10049,crotch,0,6426,"[""crotch""]",False,False
473251,print_thighhighs,0,11366,"[""print_thighhighs""]",False,False
399003,skinny,0,7648,"[""skinny"", ""slender"", ""thin""]",False,False
423074,photo_background,0,8959,"[""photo_background"", ""anime_in_real_life"", ""/photobg""]",False,False
517481,winter_coat,0,6679,"[""winter_coat"", ""winter_jacket""]",False,True
1304117,yellow_sweater,0,8669,"[""yellow_sweater""]",False,True
1406853,serval_print,0,5816,"[""serval_print""]",False,True
400837,crazy_eyes,0,6668,"[""crazy_eyes""]",True,False
1328649,orange_flower,0,9176,"[""orange_flower""]",False,True
1298903,half-closed_eye,0,7273,"[""half-closed_eye""]",False,False
1309652,holding_strap,0,6673,"[""holding_strap""]",False,False
1847367,see-through_cleavage,0,7862,"[""see-through_cleavage""]",False,True
466143,wine_bottle,0,6940,"[""wine_bottle""]",False,True
657475,back_cutout,0,7053,"[""back_cutout"", ""back_opening"", ""heart_back_cutout""]",False,True
1437532,two-tone_jacket,0,8613,"[""two-tone_jacket""]",False,True
511643,single_elbow_glove,0,6967,"[""single_elbow_glove"", ""one_elbow_glove""]",False,True
535048,humanization,0,8558,"[""humanization""]",False,False
378695,statue,0,6732,"[""statue""]",False,False
500976,netorare,0,7078,"[""netorare"", ""ntr""]",False,False
449502,dimples_of_venus,0,6711,"[""dimples_of_venus""]",False,False
648045,sideways_mouth,0,7304,"[""sideways_mouth"", ""cheek_mouth"", ""side_mouth""]",False,False
505613,thigh_grab,0,6286,"[""thigh_grab""]",False,False
405636,locker,0,6656,"[""locker"", ""lockers""]",False,False
683424,cat_hair_ornament,0,6968,"[""cat_hair_ornament""]",True,False
1302924,yellow_shorts,0,6926,"[""yellow_shorts""]",False,True
396968,reverse_trap,0,6454,"[""reverse_trap""]",False,False
1330707,cake_slice,0,8269,"[""cake_slice"", ""slice_of_cake""]",False,True
9172,kitchen,0,7008,"[""kitchen""]",False,False
684169,ambiguous_gender,0,7077,"[""ambiguous_gender""]",False,False
502180,blue_wings,0,7021,"[""blue_wings""]",True,False
7770,naked_ribbon,0,6386,"[""naked_ribbon"", ""nude_ribbon"", ""nakedribbon""]",True,True
98920,starfish,0,6720,"[""starfish""]",False,False
513605,colored_pencil_(medium),0,6011,"[""colored_pencil_(medium)"", ""pencil_crayon_(medium)"", ""coloured_pencil_(medium)""]",False,False
510943,orange_bikini,0,6795,"[""orange_bikini"", ""orange_bikini_top"", ""orange_bikini_bottom""]",False,True
538327,black_flower,0,8262,"[""black_flower""]",False,True
500990,torn_dress,0,6729,"[""torn_dress"", ""ripped_dress""]",False,True
9857,throne,0,6647,"[""throne""]",False,False
3152,lance,0,5047,"[""lance""]",False,False
1373278,black_ascot,0,8060,"[""black_ascot"", ""black_jabot""]",False,True
1263450,print_skirt,0,6730,"[""print_skirt""]",False,True
7529,ringlets,0,6429,"[""ringlets""]",False,False
392453,butterfly_wings,0,6511,"[""butterfly_wings""]",True,False
13099,hot,0,7141,"[""hot""]",False,False
1512867,multiple_hair_bows,0,8648,"[""multiple_hair_bows""]",True,True
10332,crow,0,6715,"[""crow"", ""raven_(animal)""]",False,False
616137,reverse_grip,0,6379,"[""reverse_grip""]",False,False
1262158,holding_broom,0,7420,"[""holding_broom""]",False,True
375919,demon_boy,0,8193,"[""demon_boy"", ""incubus""]",True,False
1770615,red_gemstone,0,9130,"[""red_gemstone"", ""ruby_(gemstone)""]",False,False
599652,spoken_blush,0,7150,"[""spoken_blush""]",False,False
105306,condom_in_mouth,0,6141,"[""condom_in_mouth""]",False,True
375076,crowd,0,6634,"[""crowd""]",False,False
2006749,unworn_jacket,0,6774,"[""unworn_jacket"", ""jacket_removed"", ""jacket_off""]",False,True
537720,track_pants,0,7042,"[""track_pants"", ""jogging_pants""]",False,True
419496,male_masturbation,0,6409,"[""male_masturbation"", ""masturbation_(male)""]",False,False
1492981,bikini_bottom_aside,0,6487,"[""bikini_bottom_aside"", ""bikini_aside""]",False,True
1291919,holding_shield,0,7513,"[""holding_shield""]",False,True
579607,towel_around_neck,0,6855,"[""towel_around_neck"", ""towel_on_shoulders""]",False,False
596219,sagging_breasts,0,6904,"[""sagging_breasts""]",True,False
515350,knees_to_chest,0,5993,"[""knees_to_chest"", ""knees_on_chest"", ""knees-on-chest""]",False,False
667200,hand_on_another's_chin,0,7487,"[""hand_on_another's_chin"", ""finger_to_another's_chin""]",False,False
1235097,blood_on_weapon,0,7287,"[""blood_on_weapon"", ""bloody_weapon"", ""bloody_sword""]",False,True
674492,dress_bow,0,8505,"[""dress_bow"", ""bow_dress""]",True,True
4568,crab,0,6397,"[""crab"", ""crabs""]",False,False
548543,arm_hair,0,6810,"[""arm_hair"", ""hairy_forearms"", ""hairy_arms""]",False,False
431528,gears,0,6461,"[""gears"", ""cogs"", ""cog"", ""gear""]",False,False
85824,pole,0,6956,"[""pole""]",False,False
640153,muted_color,0,6556,"[""muted_color"", ""muted_colors""]",False,False
1400488,pink_neckerchief,0,7800,"[""pink_neckerchief""]",False,True
1389116,red_scrunchie,0,6539,"[""red_scrunchie""]",True,True
5094,snowman,0,6381,"[""snowman""]",False,False
376585,stick,0,6528,"[""stick""]",False,False
1391985,grey_hoodie,0,7646,"[""grey_hoodie"", ""gray_hoodie""]",False,True
616844,blood_from_mouth,0,7619,"[""blood_from_mouth"", ""bloody_mouth"", ""mouthbleed""]",False,True
473410,dragon_wings,0,7837,"[""dragon_wings""]",True,False
1291900,yellow_fur,0,7868,"[""yellow_fur""]",False,False
1862825,one-piece_swimsuit_pull,0,5814,"[""one-piece_swimsuit_pull"", ""one-piece_swimsuit_down"", ""swimsuit_pull"", ""swimsuit_down""]",False,True
400555,business_suit,0,6019,"[""business_suit""]",False,True
356574,tower,0,6181,"[""tower""]",False,False
1319842,forked_eyebrows,0,6549,"[""forked_eyebrows""]",True,False
12857,wedgie,0,6090,"[""wedgie""]",False,False
394795,baggy_pants,0,7453,"[""baggy_pants""]",False,True
1328598,holding_bowl,0,7503,"[""holding_bowl""]",False,True
1344144,metal_collar,0,6939,"[""metal_collar""]",False,True
2006753,unworn_mask,0,6585,"[""unworn_mask"", ""mask_removed"", ""mask_off"", ""unmasked""]",False,True
415839,armchair,0,6558,"[""armchair""]",False,False
441477,defeat,0,6413,"[""defeat""]",False,False
387742,gourd,0,5971,"[""gourd""]",False,False
1341593,bandaged_hand,0,7890,"[""bandaged_hand"", ""bandaged_hands""]",False,True
9176,boat,0,6455,"[""boat""]",False,False
12570,armpit_hair,0,7138,"[""armpit_hair""]",True,False
1337096,white_vest,0,7721,"[""white_vest""]",False,True
485218,trading_card,0,6412,"[""trading_card"", ""trading_cards""]",False,False
2476,hose,0,6179,"[""hose"", ""water_hose""]",False,True
391942,long_tongue,0,6654,"[""long_tongue""]",False,False
392700,machine_gun,0,6844,"[""machine_gun"", ""general-purpose_machine_gun"", ""machinegun""]",False,False
631542,pointing_at_self,0,7056,"[""pointing_at_self""]",False,False
11620,spread_anus,0,6158,"[""spread_anus"", ""anus_spreading"", ""anus_spread""]",False,False
1396558,frilled_hair_tubes,0,9304,"[""frilled_hair_tubes""]",False,True
151645,evil_grin,0,6531,"[""evil_grin""]",False,False
415000,impossible_shirt,0,5664,"[""impossible_shirt""]",False,False
553763,unbuttoned_shirt,0,6004,"[""unbuttoned_shirt""]",False,True
1582503,scar_on_chest,0,7465,"[""scar_on_chest"", ""chest_scar""]",False,True
398219,breast_lift,0,5705,"[""breast_lift""]",False,False
400542,road_sign,0,6502,"[""road_sign"", ""street_sign"", ""traffic_sign"", ""roadsign""]",False,False
394089,lock,0,6191,"[""lock""]",False,False
1422082,digimon_(creature),0,9469,"[""digimon_(creature)""]",False,False
1229697,drop_shadow,0,8571,"[""drop_shadow""]",False,False
1528415,roswaal_mansion_maid_uniform,0,5399,"[""roswaal_mansion_maid_uniform""]",False,False
1408536,holding_lollipop,0,8296,"[""holding_lollipop""]",False,True
1515362,yellow_theme,0,6079,"[""yellow_theme""]",False,False
463152,poking,0,6200,"[""poking"", ""poke""]",False,False
1421763,blue_capelet,0,7558,"[""blue_capelet""]",False,True
399131,barcode,0,7146,"[""barcode"", ""bar_code""]",False,False
2073,hairpods,0,6215,"[""hairpods""]",False,False
6280,waterfall,0,6024,"[""waterfall""]",False,False
1636976,footwear_bow,0,7758,"[""footwear_bow"", ""bow_footwear"", ""boot_bow"", ""shoe_bow""]",True,True
396001,pocket_watch,0,6117,"[""pocket_watch"", ""pocketwatch""]",False,True
7444,dark_elf,0,7043,"[""dark_elf"", ""drow""]",False,False
524552,shiny_pokemon,0,7889,"[""shiny_pokemon""]",False,False
1338623,purple_hairband,0,6748,"[""purple_hairband""]",True,True
4855,school,0,6459,"[""school""]",False,False
4898,baby,0,6219,"[""baby""]",False,False
464548,clone,0,6732,"[""clone"", ""clones""]",False,False
535308,body_markings,0,9138,"[""body_markings""]",False,False
188179,letter,0,6162,"[""letter""]",False,False
667663,elbow_rest,0,7200,"[""elbow_rest""]",False,False
1477193,lightning_bolt_symbol,0,7102,"[""lightning_bolt_symbol"", ""electricity_symbol"", ""lightning_bolt"", ""denpa"", ""lightning_bolts""]",False,False
3997,landscape,0,6212,"[""landscape""]",False,False
522913,multiple_wings,0,6950,"[""multiple_wings"", ""extra_wings""]",True,False
483830,imagining,0,6169,"[""imagining"", ""day_dreaming"", ""daydreaming"", ""imagination""]",False,False
386870,trident,0,6012,"[""trident""]",False,False
466061,album_cover,0,6339,"[""album_cover"", ""disc_cover"", ""cd_cover"", ""album""]",False,False
560881,soap_bubbles,0,6122,"[""soap_bubbles"", ""suds""]",False,False
550765,wrist_ribbon,0,5984,"[""wrist_ribbon""]",True,True
1533927,garreg_mach_monastery_uniform,0,6144,"[""garreg_mach_monastery_uniform""]",False,False
566804,single_sleeve,0,6578,"[""single_sleeve"", ""one_sleeve""]",False,True
570382,hands_in_hair,0,6334,"[""hands_in_hair""]",False,False
437197,surgical_mask,0,5945,"[""surgical_mask"", ""medical_mask""]",False,True
572,toilet,0,5907,"[""toilet""]",False,False
584126,pointing_up,0,6556,"[""pointing_up"", ""pointing_skyward"", ""pointing_to_the_sky""]",False,False
1950723,unconventional_maid,0,7268,"[""unconventional_maid""]",False,True
446993,open_collar,0,7674,"[""open_collar""]",False,True
8591,bustier,0,5496,"[""bustier""]",False,True
663513,brown_bag,0,7978,"[""brown_bag"", ""brown_handbag"", ""brown_backpack""]",False,True
1376523,weibo_username,0,116,"[""weibo_username""]",False,False
589889,v_over_eye,0,6683,"[""v_over_eye""]",True,False
649248,red_pupils,0,11190,"[""red_pupils""]",True,False
380931,pirate_hat,0,6217,"[""pirate_hat""]",True,True
492359,towel_on_head,0,5902,"[""towel_on_head""]",True,False
1312340,red_rope,0,6024,"[""red_rope""]",False,True
406620,pouring,0,6332,"[""pouring""]",False,False
596179,anal_tail,0,5978,"[""anal_tail"", ""butt_plug_tail""]",False,False
1280405,sleeveless_kimono,0,6563,"[""sleeveless_kimono""]",False,True
1670357,furry_with_non-furry,0,6341,"[""furry_with_non-furry""]",False,False
432388,leather_jacket,0,7168,"[""leather_jacket""]",False,True
475366,trench_coat,0,6040,"[""trench_coat"", ""trenchcoat""]",False,True
1518440,mouth_drool,0,8188,"[""mouth_drool""]",False,False
429161,paizuri_under_clothes,0,5746,"[""paizuri_under_clothes""]",False,False
1320211,orange_bowtie,0,6188,"[""orange_bowtie""]",False,True
1416797,pink_cardigan,0,7463,"[""pink_cardigan""]",False,True
661261,planted_sword,0,6182,"[""planted_sword"", ""sword_in_ground""]",False,True
684190,gradient_sky,0,6776,"[""gradient_sky""]",False,False
550308,>:(,0,5738,"["">:(""]",False,False
1524489,looking_at_object,0,9549,"[""looking_at_object""]",False,False
1516548,orange_headwear,0,2759,"[""orange_headwear"", ""orange_hat""]",True,True
643102,loose_necktie,0,6639,"[""loose_necktie"", ""loose_tie""]",False,True
1794320,bow-shaped_hair,0,7787,"[""bow-shaped_hair"", ""bow_hair"", ""bow_by_hair""]",True,False
405756,hypnosis,0,6629,"[""hypnosis"", ""hypnotism""]",False,True
4478,bodypaint,0,5573,"[""bodypaint"", ""body_paint""]",False,True
395984,dress_pull,0,5756,"[""dress_pull""]",False,True
464541,bullet,0,5820,"[""bullet"", ""bullets""]",False,False
1246561,brown_scarf,0,6146,"[""brown_scarf""]",False,True
406397,against_glass,0,6760,"[""against_glass""]",True,False
6453,death,0,5969,"[""death"", ""dead""]",False,False
539090,imminent_rape,0,5622,"[""imminent_rape"", ""about_to_be_raped""]",False,False
383468,lowleg_bikini,0,5398,"[""lowleg_bikini""]",False,True
1409115,green_sailor_collar,0,6431,"[""green_sailor_collar""]",False,True
1257056,holding_towel,0,6662,"[""holding_towel""]",False,True
618153,pink_scarf,0,6365,"[""pink_scarf""]",False,True
1409116,red_sailor_collar,0,6413,"[""red_sailor_collar""]",False,True
6381,clover,0,5840,"[""clover""]",False,False
451769,toe_scrunch,0,5728,"[""toe_scrunch"", ""clenched_toes"", ""toe_curl"", ""curled_toes"", ""toe-scrunch""]",False,False
431758,locked_arms,0,6091,"[""locked_arms"", ""arm_around_another's_arm"", ""interlocked_arms"", ""arm_lock"", ""arms_linked"", ""linked_arms"", ""arm_in_arm""]",False,False
586284,heart_background,0,6347,"[""heart_background"", ""/heartbg""]",False,False
395355,fusion,0,5882,"[""fusion""]",False,False
754200,oppai_loli,0,6281,"[""oppai_loli""]",False,True
1342157,fur-trimmed_boots,0,6216,"[""fur-trimmed_boots"", ""fur-lined_boots""]",False,True
404134,spread_ass,0,5767,"[""spread_ass""]",False,False
716981,holding_own_arm,0,6729,"[""holding_own_arm"", ""grabbing_own_arm"", ""holding_arm""]",False,False
990162,heart_in_eye,0,7536,"[""heart_in_eye""]",False,True
1256300,multicolored_skirt,0,5855,"[""multicolored_skirt""]",False,True
1444529,linea_alba,0,8449,"[""linea_alba""]",False,False
408052,gym_shorts,0,6005,"[""gym_shorts""]",False,True
383694,jar,0,6249,"[""jar""]",False,False
649373,command_spell,0,5729,"[""command_spell""]",False,False
488003,leg_hair,0,5732,"[""leg_hair"", ""hairy_thighs""]",True,False
411896,no_nipples,0,6010,"[""no_nipples"", ""nippleless""]",False,False
662240,mini_wings,0,6450,"[""mini_wings"", ""small_wings"", ""tiny_wings""]",True,False
3093,bear,0,5989,"[""bear""]",False,False
1229660,multiple_horns,0,8017,"[""multiple_horns""]",True,False
481427,steepled_fingers,0,7659,"[""steepled_fingers""]",False,False
1307533,carrot_hair_ornament,0,5959,"[""carrot_hair_ornament""]",True,True
473300,mandarin_orange,0,5797,"[""mandarin_orange"", ""tangerine"", ""mikan"", ""clementine"", ""mandarin""]",False,False
394046,power_armor,0,6492,"[""power_armor"", ""powered_armour"", ""powered_armor"", ""power_armour""]",False,False
1374290,covered_collarbone,0,7698,"[""covered_collarbone""]",False,True
380538,bubble_blowing,0,0,"[""bubble_blowing"", ""blowing_bubbles""]",False,False
54471,midair,0,7056,"[""midair""]",False,False
1205954,looking_at_penis,0,6846,"[""looking_at_penis""]",False,False
426470,silk,0,5938,"[""silk""]",False,True
374379,hairy,0,6817,"[""hairy""]",False,False
4069,sailor,0,5409,"[""sailor"", ""sailor_uniform"", ""sailor_suit""]",False,True
581054,keyboard_(computer),0,0,"[""keyboard_(computer)"", ""computer_keyboard""]",False,False
644588,long_eyelashes,0,7993,"[""long_eyelashes""]",True,False
1468959,horror_(theme),0,6456,"[""horror_(theme)"", ""creepy"", ""scary""]",False,False
1298076,winged_arms,0,6178,"[""winged_arms"", ""arm_wings""]",False,False
376168,puddle,0,6017,"[""puddle""]",False,False
639592,heart_necklace,0,6640,"[""heart_necklace""]",False,True
375225,flaccid,0,5872,"[""flaccid"", ""limp_penis""]",False,False
675353,frilled_gloves,0,7071,"[""frilled_gloves""]",False,True
426587,yellow_panties,0,5550,"[""yellow_panties""]",False,True
2606,milk,0,5551,"[""milk""]",False,False
1376935,blue_ascot,0,7244,"[""blue_ascot"", ""blue_jabot""]",False,True
660422,leaning_on_person,0,6870,"[""leaning_on_person"", ""leaning_on_another""]",False,False
589477,argyle_background,0,5761,"[""argyle_background"", ""diamond_background"", ""/argbg"", ""/argylebg""]",False,False
1335364,stomach_tattoo,0,6493,"[""stomach_tattoo""]",False,False
482941,flight_deck,0,4964,"[""flight_deck""]",False,False
541609,open_door,0,6274,"[""open_door""]",False,False
1161088,2021,0,4955,"[""2021""]",False,False
677023,underboob_cutout,0,5909,"[""underboob_cutout""]",False,True
584478,leaf_print,0,6046,"[""leaf_print"", ""leaf-pattern_stripe""]",False,True
638426,arm_belt,0,7629,"[""arm_belt""]",False,True
486797,unsheathed,0,5346,"[""unsheathed""]",False,False
589286,purple_rose,0,6542,"[""purple_rose""]",False,False
544274,backwards_hat,0,6150,"[""backwards_hat"", ""hat_backwards"", ""cap_backwards""]",True,True
540428,arm_around_shoulder,0,6616,"[""arm_around_shoulder""]",False,False
652486,v-fin,0,6133,"[""v-fin""]",False,False
2191,shop,0,6013,"[""shop"", ""store"", ""shops""]",False,False
1350141,cat_cutout,0,5489,"[""cat_cutout""]",False,False
409818,polka_dot_bikini,0,5136,"[""polka_dot_bikini"", ""polka-dot_bikini""]",False,True
411038,:>=,0,5579,"["":>="", ""vacuum_fellatio"", ""blowjob_face""]",False,False
9618,library,0,5494,"[""library""]",False,False
578084,black_tail,0,9459,"[""black_tail""]",True,False
1161089,2022,0,5538,"[""2022""]",False,False
631144,halftone_background,0,5893,"[""halftone_background"", ""/halftonebg"", ""/htbg""]",False,False
1219136,hand_on_own_arm,0,6895,"[""hand_on_own_arm""]",False,False
408969,no_pussy,0,5142,"[""no_pussy"", ""novagina"", ""no_vagina"", ""missing_pussy"", ""missing_vagina""]",False,False
1619425,crescent_pin,0,5298,"[""crescent_pin"", ""crescent_moon_pin""]",False,True
1035339,red_headband,0,6645,"[""red_headband""]",True,True
553007,strapless_bikini,0,5671,"[""strapless_bikini""]",False,False
675804,nervous_smile,0,7371,"[""nervous_smile""]",False,False
390314,nude_cover,0,5472,"[""nude_cover""]",False,True
1327681,red_sleeves,0,7880,"[""red_sleeves""]",False,True
1400482,earclip,0,8405,"[""earclip"", ""ear_clip""]",False,True
403942,earpiece,0,6325,"[""earpiece""]",False,False
526090,checkered_skirt,0,5014,"[""checkered_skirt""]",False,True
567636,painting_(object),0,6350,"[""painting_(object)""]",False,False
1299132,holding_box,0,6701,"[""holding_box""]",False,True
474982,white_robe,0,8172,"[""white_robe""]",False,True
1560432,reverse_outfit,0,6186,"[""reverse_outfit""]",False,True
379878,thorns,0,6270,"[""thorns""]",False,False
539465,tiger_girl,0,6025,"[""tiger_girl""]",True,False
1355655,grey_coat,0,8142,"[""grey_coat""]",False,True
460085,mechanical_wings,0,5980,"[""mechanical_wings""]",True,False
616376,assisted_exposure,0,5292,"[""assisted_exposure""]",False,False
461372,mobile_suit,0,7344,"[""mobile_suit""]",False,False
473818,tissue_box,0,5543,"[""tissue_box"", ""tissuebox""]",False,False
458486,mother_and_son,0,6218,"[""mother_and_son""]",False,False
1350220,cat_lingerie,0,5461,"[""cat_lingerie"", ""cat_keyhole_bra""]",False,False
507697,purple_pantyhose,0,8116,"[""purple_pantyhose""]",False,True
1489840,white_horns,0,6450,"[""white_horns""]",True,False
456376,pince-nez,0,5691,"[""pince-nez"", ""pince_nez""]",False,True
422775,dark_nipples,0,5849,"[""dark_nipples""]",False,False
441110,office_chair,0,6203,"[""office_chair"", ""computer_chair""]",False,False
1350193,musical_note_hair_ornament,0,6626,"[""musical_note_hair_ornament"", ""fortissimo_hair_ornament"", ""bass_clef_hair_ornament"", ""treble_clef_hair_ornament""]",True,True
750849,holding_mask,0,6646,"[""holding_mask""]",False,True
636788,frilled_pillow,0,5149,"[""frilled_pillow""]",False,True
392612,pentagram,0,5883,"[""pentagram""]",False,False
468460,torn_skirt,0,5386,"[""torn_skirt"", ""ripped_skirt""]",False,True
702916,imminent_vaginal,0,5688,"[""imminent_vaginal""]",False,False
582680,unaligned_breasts,0,5270,"[""unaligned_breasts""]",True,False
506307,thong_leotard,0,5425,"[""thong_leotard""]",False,True
1448342,two-tone_gloves,0,6979,"[""two-tone_gloves""]",False,True
397397,cum_pool,0,5279,"[""cum_pool"", ""cumpool""]",False,False
516646,macaron,0,5942,"[""macaron""]",False,False
1141250,black_fur,0,8368,"[""black_fur""]",False,False
1336138,red_belt,0,7023,"[""red_belt""]",False,True
634393,heart_choker,0,6634,"[""heart_choker""]",False,True
664058,orange_ribbon,0,5994,"[""orange_ribbon""]",True,True
390579,colorful,0,5889,"[""colorful""]",False,False
723098,after_anal,0,5622,"[""after_anal""]",False,False
3291,teacher,0,5168,"[""teacher"", ""sensei""]",False,False
1437301,black_bag,0,8503,"[""black_bag"", ""black_backpack""]",False,True
536524,tablet_pc,0,6252,"[""tablet_pc""]",False,False
1385010,kissing_cheek,0,6589,"[""kissing_cheek"", ""cheek_kiss"", ""kiss_on_cheek""]",False,True
1582500,scar_on_arm,0,7581,"[""scar_on_arm"", ""arm_scar""]",False,True
459009,penis_on_face,0,5930,"[""penis_on_face""]",False,False
638022,see-through_silhouette,0,5689,"[""see-through_silhouette""]",False,True
4365,tsundere,0,5311,"[""tsundere""]",False,False
1454264,heart-shaped_eyewear,0,6350,"[""heart-shaped_eyewear"", ""heart-shaped_glasses"", ""heart-shaped_sunglasses""]",True,True
380805,flashing,0,5887,"[""flashing""]",False,False
6376,lake,0,5698,"[""lake""]",False,False
11366,policewoman,0,6888,"[""policewoman"", ""police-woman"", ""police_woman""]",False,True
1161090,2023,0,5730,"[""2023""]",False,False
378543,egg_vibrator,0,5504,"[""egg_vibrator"", ""bullet_vibrator"", ""egg_vibrators""]",False,False
11828,flexible,0,5454,"[""flexible""]",False,False
1258092,ribbon-trimmed_legwear,0,2276,"[""ribbon-trimmed_legwear""]",False,True
479792,circle,0,5857,"[""circle"", ""circles""]",False,False
465851,defloration,0,4894,"[""defloration"", ""virgin"", ""implied_virgin""]",False,False
1411341,hooded_capelet,0,6182,"[""hooded_capelet""]",False,True
413820,deep_penetration,0,5967,"[""deep_penetration"", ""balls_deep""]",False,False
1183480,blue_belt,0,7230,"[""blue_belt""]",False,True
460863,spider_web,0,5604,"[""spider_web"", ""web"", ""cobwebs"", ""cobweb"", ""spiderwebs"", ""spiderweb"", ""spider_webs""]",False,False
1421703,small_horns,0,5256,"[""small_horns""]",True,False
424585,viewfinder,0,6341,"[""viewfinder"", ""camcorder_interface"", ""camera_frame""]",False,False
634270,bat_print,0,5399,"[""bat_print""]",False,True
619121,hair_beads,0,5870,"[""hair_beads""]",False,True
392360,stage,0,6318,"[""stage""]",False,False
1928,tiger,0,5340,"[""tiger""]",False,False
1766885,demon_slayer_uniform,0,4988,"[""demon_slayer_uniform""]",False,True
395198,test_tube,0,5611,"[""test_tube""]",False,False
560677,arm_rest,0,6078,"[""arm_rest""]",False,False
434827,soccer_uniform,0,5102,"[""soccer_uniform""]",False,False
1344732,striped_jacket,0,7018,"[""striped_jacket""]",False,True
493515,game_console,0,4956,"[""game_console"", ""video_game_console""]",False,False
466449,spider_lily,0,5549,"[""spider_lily"", ""higanbana""]",False,False
1238711,pink_shorts,0,6297,"[""pink_shorts""]",False,True
1423707,holding_scythe,0,6291,"[""holding_scythe""]",False,True
1438791,holding_pom_poms,0,6505,"[""holding_pom_poms""]",False,True
1415656,grey_sailor_collar,0,6732,"[""grey_sailor_collar""]",False,True
720478,lifting_person,0,6286,"[""lifting_person"", ""lifting_another""]",False,False
1326150,purple_vest,0,5955,"[""purple_vest""]",False,True
472867,arm_hug,0,5572,"[""arm_hug"", ""hugging_arm""]",False,False
1403308,virgin_killer_sweater,0,4956,"[""virgin_killer_sweater""]",False,False
611884,uneven_eyes,0,6881,"[""uneven_eyes""]",True,False
1282899,improvised_gag,0,5808,"[""improvised_gag""]",False,True
390569,cat_paws,0,5807,"[""cat_paws"", ""cat_gloves""]",False,False
646029,egasumi,0,5478,"[""egasumi""]",False,False
449248,scope,0,5310,"[""scope"", ""sniper_scope""]",False,False
399479,fog,0,5424,"[""fog"", ""mist""]",False,False
1559152,reverse_bunnysuit,0,5889,"[""reverse_bunnysuit""]",False,True
883683,white_feathers,0,6479,"[""white_feathers""]",False,False
621745,brand_name_imitation,0,5385,"[""brand_name_imitation"", ""brand_name_parody""]",False,False
376648,fishing_rod,0,5361,"[""fishing_rod"", ""fishing_pole""]",False,False
386432,leaning,0,5395,"[""leaning""]",False,False
382106,fisheye,0,5317,"[""fisheye""]",False,False
1315028,lower_body,0,5790,"[""lower_body""]",False,False
2288,octopus,0,5319,"[""octopus""]",False,False
446070,lion_tail,0,5902,"[""lion_tail""]",True,False
411148,remote_control,0,5163,"[""remote_control"", ""remote_controller"", ""remote""]",False,False
1478255,dangle_earrings,0,0,"[""dangle_earrings""]",True,True
718139,food_print,0,6431,"[""food_print""]",False,True
619493,ears_down,0,6107,"[""ears_down""]",False,False
543455,bolt_action,0,5335,"[""bolt_action"", ""bolt-action""]",False,False
1235204,bike_shorts_under_skirt,0,6504,"[""bike_shorts_under_skirt""]",False,True
151042,envelope,0,5613,"[""envelope""]",False,False
1291748,print_bow,0,4739,"[""print_bow""]",True,True
601423,yellow_scarf,0,6174,"[""yellow_scarf""]",False,True
382125,rapier,0,5241,"[""rapier""]",False,False
443901,shide,0,5335,"[""shide""]",False,False
262264,tight_pants,0,6138,"[""tight_pants""]",False,True
405623,dog_boy,0,7680,"[""dog_boy"", ""dogboy""]",True,False
1257075,number_tattoo,0,7351,"[""number_tattoo""]",False,False
427758,kiseru,0,4868,"[""kiseru""]",False,True
11028,swimming,0,5183,"[""swimming""]",False,False
491861,sleeves_pushed_up,0,4961,"[""sleeves_pushed_up""]",False,True
1622516,earth_(planet),0,5405,"[""earth_(planet)"", ""earth""]",False,False
1551196,1980s_(style),0,5723,"[""1980s_(style)"", ""80s"", ""80's""]",False,False
560091,cat_hood,0,5224,"[""cat_hood"", ""cathood""]",False,False
554092,food_on_body,0,5344,"[""food_on_body""]",False,False
1455730,raccoon_girl,0,6054,"[""raccoon_girl"", ""tanuki_girl""]",True,False
684686,grabbing_another's_ass,0,14280,"[""grabbing_another's_ass""]",False,True
687681,partially_undressed,0,6390,"[""partially_undressed""]",False,True
849024,bikini_top_lift,0,5103,"[""bikini_top_lift"", ""bikini_lift""]",False,True
638728,print_gloves,0,9210,"[""print_gloves""]",False,False
605145,soul_gem,0,5524,"[""soul_gem""]",False,False
623390,glowing_weapon,0,5372,"[""glowing_weapon""]",False,False
822828,reverse_suspended_congress,0,5493,"[""reverse_suspended_congress"", ""reverse_stand_and_carry""]",False,False
464577,shooting_star,0,5947,"[""shooting_star"", ""shooting_stars""]",False,False
481604,penis_awe,0,5547,"[""penis_awe"", ""cock_shock""]",False,False
1303383,blue_scrunchie,0,5492,"[""blue_scrunchie""]",True,True
420283,leotard_aside,0,5398,"[""leotard_aside""]",False,True
9275,butt_plug,0,5284,"[""butt_plug"", ""anal_plug"", ""buttplug""]",False,False
4434,violin,0,5393,"[""violin""]",False,False
222138,shrine,0,5111,"[""shrine"", ""jinja""]",False,False
1245131,bikini_tan,0,4902,"[""bikini_tan""]",False,True
508193,novelty_censor,0,5180,"[""novelty_censor""]",False,False
891880,lion_girl,0,5883,"[""lion_girl""]",True,False
8255,dancer,0,5662,"[""dancer""]",False,False
1428577,ryouou_school_uniform,0,4764,"[""ryouou_school_uniform""]",False,False
400245,opaque_glasses,0,5722,"[""opaque_glasses""]",True,True
1327007,holding_axe,0,6687,"[""holding_axe""]",False,True
535299,red_sclera,0,6139,"[""red_sclera""]",False,False
9799,kunai,0,5136,"[""kunai""]",False,False
476371,showering,0,5083,"[""showering""]",False,False
1332539,pubic_hair_peek,0,6111,"[""pubic_hair_peek""]",False,True
614707,no_legwear,0,4918,"[""no_legwear""]",False,True
399418,shore,0,5739,"[""shore"", ""shoreline"", ""coast""]",False,False
467080,thank_you,0,6734,"[""thank_you"", ""arigatou"", ""thanks""]",False,False
11981,kyuubi,0,5429,"[""kyuubi"", ""nine-tailed_fox"", ""kumiho""]",False,False
463490,spacecraft,0,5276,"[""spacecraft"", ""space_craft"", ""space_ship"", ""spaceship""]",False,False
576406,folded_fan,0,5271,"[""folded_fan"", ""closed_fan""]",False,False
46079,robot_ears,0,6274,"[""robot_ears""]",True,False
543339,bandaids_on_nipples,0,5527,"[""bandaids_on_nipples"", ""bandaids_on_nipple"", ""bandaid_on_nipple"", ""bandaid_on_nipples""]",False,True
400545,red_moon,0,4958,"[""red_moon"", ""blood_moon""]",False,True
568804,anus_peek,0,5578,"[""anus_peek"", ""partially_visible_anus""]",False,True
1257314,idol_clothes,0,7628,"[""idol_clothes""]",False,True
600421,after_fellatio,0,5520,"[""after_fellatio"", ""after_blowjob""]",False,False
1312165,orange_necktie,0,6081,"[""orange_necktie""]",False,True
553771,cheek-to-cheek,0,5280,"[""cheek-to-cheek"", ""cheek_to_cheek""]",False,False
493348,christmas_ornaments,0,5449,"[""christmas_ornaments"", ""bauble_(christmas)""]",True,False
3375,chicken,0,4987,"[""chicken"", ""chickens""]",False,False
1940092,biting_own_lip,0,5351,"[""biting_own_lip"", ""lip_biting"", ""lip_bite"", ""biting_lip""]",True,False
383173,train,0,4780,"[""train""]",False,False
16128,you_gonna_get_raped,0,4580,"[""you_gonna_get_raped"", ""rape_eyes"", ""/yggr""]",False,False
7801,lamia,0,5039,"[""lamia"", ""snake_girl"", ""naga-ette"", ""naga""]",False,False
634638,text_background,0,5491,"[""text_background"", ""background_text""]",False,False
425654,beak,0,5684,"[""beak""]",False,False
422830,paper_bag,0,5334,"[""paper_bag""]",False,False
1387105,pink_leotard,0,5827,"[""pink_leotard""]",False,True
374959,still_life,0,6981,"[""still_life""]",False,False
609122,multiple_belts,0,7591,"[""multiple_belts""]",False,True
379189,floor,0,4859,"[""floor""]",False,False
411223,father_and_son,0,5378,"[""father_and_son""]",False,False
10469,duck,0,5334,"[""duck""]",False,False
560040,framed_breasts,0,5276,"[""framed_breasts""]",True,False
10983,shotgun,0,5553,"[""shotgun""]",False,False
546810,orange_sky,0,5994,"[""orange_sky""]",False,False
1533601,sideless_outfit,0,5415,"[""sideless_outfit""]",False,True
399543,flip-flops,0,6003,"[""flip-flops"", ""flipflops"", ""flip_flops""]",False,True
1322421,bandaid_on_cheek,0,6447,"[""bandaid_on_cheek""]",False,False
395305,wizard_hat,0,5137,"[""wizard_hat""]",True,True
10359,middle_finger,0,5634,"[""middle_finger"", ""flipping_off"", ""the_finger""]",False,False
652354,too_many,0,5680,"[""too_many""]",False,False
1475826,holding_pokemon,0,5325,"[""holding_pokemon""]",False,True
458711,hand_under_clothes,0,5180,"[""hand_under_clothes"", ""hands_under_clothes""]",False,False
5980,rooftop,0,4966,"[""rooftop"", ""roof""]",False,False
6424,cage,0,5258,"[""cage""]",False,False
1281555,aran_sweater,0,4771,"[""aran_sweater"", ""aran_jumper""]",False,True
4191,sushi,0,5064,"[""sushi""]",False,False
2089095,goth_fashion,0,5938,"[""goth_fashion"", ""goth_girl"", ""gothic"", ""goth""]",False,True
461531,banana,0,4988,"[""banana"", ""bananas""]",False,False
666708,w_arms,0,5420,"[""w_arms""]",False,False
724362,single_detached_sleeve,0,6030,"[""single_detached_sleeve""]",False,True
1530508,scar_on_nose,0,5864,"[""scar_on_nose"", ""nose_scar""]",False,True
7631,harpy,0,5311,"[""harpy""]",False,False
588209,irrumatio,0,5259,"[""irrumatio"", ""facefuck"", ""forced_blowjob"", ""forced_fellatio"", ""face_fucking""]",False,False
525461,smokestack,0,4582,"[""smokestack"", ""ship_funnel""]",False,False
7994,fighting,0,5736,"[""fighting"", ""fight""]",False,False
758409,taur,0,5776,"[""taur""]",False,False
481088,constellation,0,5269,"[""constellation"", ""constellations""]",False,False
1304570,cat_ear_headphones,0,6484,"[""cat_ear_headphones""]",True,False
1253174,employee_uniform,0,4862,"[""employee_uniform""]",False,False
551333,uchiwa,0,4552,"[""uchiwa""]",False,False
492468,plaid_dress,0,5847,"[""plaid_dress""]",False,True
629987,radio_antenna,0,7105,"[""radio_antenna""]",False,False
5567,pizza,0,5376,"[""pizza""]",False,False
4768,sheep,0,5139,"[""sheep""]",False,False
641554,tomoe_(symbol),0,5705,"[""tomoe_(symbol)""]",False,False
389804,quad_tails,0,5513,"[""quad_tails""]",True,False
599594,prosthetic_arm,0,5884,"[""prosthetic_arm"", ""artificial_arm""]",False,False
548829,chewing_gum,0,5230,"[""chewing_gum"", ""gum"", ""bubblegum"", ""bubble_gum""]",False,False
49941,lemon,0,5810,"[""lemon"", ""lemons""]",False,False
1217551,black_armor,0,6674,"[""black_armor""]",False,True
464585,tomato,0,5622,"[""tomato"", ""tomatoes""]",False,False
10919,lineup,0,4800,"[""lineup"", ""line-up"", ""line_up""]",False,False
1440623,jacket_partially_removed,0,6615,"[""jacket_partially_removed""]",False,True
676138,asymmetrical_footwear,0,5982,"[""asymmetrical_footwear""]",False,True
461542,red_sash,0,7420,"[""red_sash""]",False,True
385804,lifebuoy,0,4682,"[""lifebuoy"", ""life_preserver_(ring)"", ""lifesaver""]",False,False
1273311,vertical-striped_dress,0,5727,"[""vertical-striped_dress""]",False,True
1252645,orange_nails,0,5758,"[""orange_nails"", ""orange_fingernails""]",False,False
2709,needle,0,4647,"[""needle"", ""needles""]",False,False
440347,leopard_print,0,5486,"[""leopard_print"", ""leopardprint""]",False,True
1242915,rose_print,0,5652,"[""rose_print""]",False,True
12336,costume,0,4478,"[""costume""]",False,True
1770614,green_gemstone,0,7045,"[""green_gemstone"", ""emerald_(gemstone)""]",False,False
378993,energy_sword,0,6268,"[""energy_sword"", ""beam_sword"", ""light_sword""]",False,False
11912,wrench,0,5025,"[""wrench"", ""spanner""]",False,False
446690,gloom_(expression),0,5368,"[""gloom_(expression)"", ""gloomy""]",False,False
477228,drum,0,5313,"[""drum"", ""drums""]",False,False
502536,paint_splatter,0,5370,"[""paint_splatter""]",False,False
458795,suction_cups,0,6055,"[""suction_cups""]",False,False
476596,sode,0,4631,"[""sode""]",False,False
551537,lying_on_person,0,5462,"[""lying_on_person""]",False,False
513303,afloat,0,4808,"[""afloat"", ""floating_in_water""]",False,False
419379,bandage_over_one_eye,0,5388,"[""bandage_over_one_eye"", ""bandaged_eye"", ""bandages_over_one_eye"", ""/booe""]",True,False
485061,hair_tucking,0,0,"[""hair_tucking""]",False,False
377929,sheep_ears,0,4980,"[""sheep_ears""]",True,False
482172,contrail,0,4738,"[""contrail"", ""condensation_trail"", ""vapor_trails"", ""contrails"", ""vapor_trail""]",False,False
16144,rubber_duck,0,5274,"[""rubber_duck"", ""rubber_ducky"", ""rubber_duckie""]",False,False
530963,arms_under_breasts,0,5689,"[""arms_under_breasts""]",True,False
489904,arms_around_neck,0,6636,"[""arms_around_neck"", ""neck_hug""]",False,False
558384,on_grass,0,7699,"[""on_grass""]",False,False
464576,seagull,0,5159,"[""seagull"", ""gull"", ""seagulls""]",False,False
1552754,breast_curtains,0,5477,"[""breast_curtains""]",False,True
522010,character_profile,0,4886,"[""character_profile""]",False,False
2006752,unworn_bra,0,4914,"[""unworn_bra"", ""bra_removed"", ""bra_off""]",False,True
10769,transformation,0,5580,"[""transformation"", ""transforming""]",False,False
420128,upright_straddle,0,5187,"[""upright_straddle""]",False,False
1392011,purple_bodysuit,0,4645,"[""purple_bodysuit""]",False,True
521852,pussy_juice_trail,0,4933,"[""pussy_juice_trail"", ""pussy_juice_string""]",False,False
769705,holding_another's_arm,0,5774,"[""holding_another's_arm"", ""arm_holding""]",False,False
404436,ribbed_shirt,0,5450,"[""ribbed_shirt""]",False,True
459215,finger_gun,0,5253,"[""finger_gun""]",False,False
1612103,milestone_celebration,0,5074,"[""milestone_celebration"", ""hits"", ""followers"", ""kiriban"", ""hit""]",False,False
549346,blue_pantyhose,0,5344,"[""blue_pantyhose""]",False,True
228096,spacesuit,0,5457,"[""spacesuit""]",False,False
450123,staring,0,4941,"[""staring"", ""stare""]",False,False
10692,sandwich,0,5201,"[""sandwich"", ""sandwiches""]",False,False
471771,pumps,0,5300,"[""pumps""]",False,True
590039,animal_feet,0,6079,"[""animal_feet""]",False,False
11436,deepthroat,0,5284,"[""deepthroat""]",False,False
1435434,two-tone_skirt,0,5502,"[""two-tone_skirt""]",False,True
1467259,diagonal_bangs,0,7147,"[""diagonal_bangs""]",True,False
383907,swimsuit_aside,0,5303,"[""swimsuit_aside""]",False,True
1319620,wing_hair_ornament,0,6643,"[""wing_hair_ornament""]",True,False
520227,cowlick,0,6897,"[""cowlick""]",False,False
1274212,green_cape,0,6272,"[""green_cape""]",False,True
687202,pussy_juice_stain,0,4894,"[""pussy_juice_stain""]",False,False
468068,spread_toes,0,5334,"[""spread_toes"", ""toe-spread""]",False,True
410131,perky_breasts,0,4543,"[""perky_breasts""]",True,False
1782786,median_furrow,0,6687,"[""median_furrow""]",False,False
1233722,maid_bikini,0,4849,"[""maid_bikini""]",False,True
447984,vegetable,0,5383,"[""vegetable"", ""vegetables""]",False,True
656168,hands_on_another's_face,0,5714,"[""hands_on_another's_face""]",False,False
5171,map,0,4907,"[""map""]",False,False
586174,neon_trim,0,4420,"[""neon_trim""]",False,False
1344905,holding_dagger,0,5783,"[""holding_dagger""]",False,True
573688,reindeer_antlers,0,5298,"[""reindeer_antlers""]",False,False
1339523,bone_hair_ornament,0,5079,"[""bone_hair_ornament""]",True,True
1227710,tail_through_clothes,0,5473,"[""tail_through_clothes"", ""tail_slit_clothes"", ""tail_cutout""]",False,True
1305030,green_leotard,0,4872,"[""green_leotard""]",False,True
380328,pompadour,0,4685,"[""pompadour""]",False,False
397148,huge_nipples,0,5151,"[""huge_nipples"", ""large_nipples""]",False,False
9510,cream,0,4812,"[""cream""]",False,False
411511,adjusting_swimsuit,0,4507,"[""adjusting_swimsuit""]",False,True
1307725,green_scarf,0,5925,"[""green_scarf""]",False,True
3759,parfait,0,5192,"[""parfait""]",False,False
447030,candy_apple,0,5004,"[""candy_apple"", ""toffee_apple"", ""candied_apple""]",False,False
394619,furisode,0,5597,"[""furisode""]",False,True
507625,calligraphy_brush,0,4862,"[""calligraphy_brush"", ""writing_brush"", ""ink_brush""]",False,False
1517305,presenting_armpit,0,8202,"[""presenting_armpit""]",False,True
711562,striped_tail,0,4552,"[""striped_tail""]",True,True
468016,;q,0,4776,"["";q""]",False,False
659834,spoken_squiggle,0,5437,"[""spoken_squiggle""]",False,False
375882,cuts,0,4919,"[""cuts"", ""cut""]",True,False
559692,clothed_pokemon,0,5052,"[""clothed_pokemon"", ""hatted_pokemon""]",False,False
1888618,fairy_(sao),0,0,"[""fairy_(sao)""]",False,False
519703,alternate_universe,0,6359,"[""alternate_universe"", ""what_if""]",False,False
506137,jacket_around_waist,0,5867,"[""jacket_around_waist""]",False,True
595006,green_sweater,0,6224,"[""green_sweater""]",False,True
1227744,multiple_crossover,0,4848,"[""multiple_crossover""]",False,True
676352,pokephilia,0,4728,"[""pokephilia""]",False,False
467500,beer_can,0,5245,"[""beer_can""]",False,True
1641895,gloved_handjob,0,5204,"[""gloved_handjob""]",False,True
430704,medical_eyepatch,0,5781,"[""medical_eyepatch""]",True,True
513153,magazine_(weapon),0,4744,"[""magazine_(weapon)"", ""stanag_magazine"", ""ammunition_magazine"", ""gun_magazine"", ""magazine_(gun)""]",False,False
1383010,purple_choker,0,5654,"[""purple_choker""]",False,True
510576,swim_trunks,0,4771,"[""swim_trunks"", ""swimtrunks"", ""swimming_trunks""]",False,True
387248,banner,0,4734,"[""banner"", ""vertical_flag""]",False,False
147971,stylus,0,4736,"[""stylus"", ""tablet_pen""]",False,False
1417279,holding_underwear,0,4649,"[""holding_underwear""]",False,True
1436828,obiage,0,4839,"[""obiage""]",False,True
1835909,frilled_one-piece_swimsuit,0,5047,"[""frilled_one-piece_swimsuit""]",False,True
476448,kote,0,6997,"[""kote""]",False,False
515648,coattails,0,6344,"[""coattails""]",False,True
1956240,braided_hair_rings,0,6785,"[""braided_hair_rings"", ""looped_braids""]",True,False
1805482,non-humanoid_robot,0,5517,"[""non-humanoid_robot""]",False,True
1441861,orange_footwear,0,5515,"[""orange_footwear"", ""orange_shoes"", ""orange_boots""]",False,True
380329,briefcase,0,4883,"[""briefcase""]",False,False
1373356,yellow_kimono,0,5355,"[""yellow_kimono"", ""yellow_yukata""]",False,True
703219,multicolored_wings,0,5690,"[""multicolored_wings""]",True,True
382440,pantylines,0,4466,"[""pantylines""]",False,True
1312614,blue_hakama,0,4507,"[""blue_hakama""]",False,True
1441884,rectangular_eyewear,0,6654,"[""rectangular_eyewear"", ""rectangular_glasses""]",True,True
619633,baozi,0,0,"[""baozi"", ""steamed_bun"", ""bean_bun"", ""manjuu"", ""nikuman"", ""pork_bun"", ""porkbun"", ""meat_bun"", ""meatbun""]",False,False
7646,slave,0,4345,"[""slave""]",False,False
483981,american_flag,0,8572,"[""american_flag""]",False,False
605759,skirt_suit,0,4322,"[""skirt_suit"", ""skirtsuit""]",False,True
1371311,aqua_bowtie,0,5477,"[""aqua_bowtie""]",False,True
613840,happy_halloween,0,4946,"[""happy_halloween""]",False,False
378767,bleeding,0,5242,"[""bleeding""]",False,False
12733,thinking,0,5292,"[""thinking""]",False,False
493576,feather_boa,0,5079,"[""feather_boa"", ""boa""]",False,True
575181,o-ring_bottom,0,4423,"[""o-ring_bottom"", ""o_ring_bottom""]",False,True
7641,piggyback,0,5018,"[""piggyback"", ""carrying_on_back""]",False,False
375460,ceiling,0,5121,"[""ceiling""]",False,False
590746,goggles_around_neck,0,4743,"[""goggles_around_neck""]",False,False
583009,arm_around_waist,0,5228,"[""arm_around_waist""]",False,False
494260,purple_wings,0,5541,"[""purple_wings""]",True,True
1316028,american_flag_legwear,0,4117,"[""american_flag_legwear""]",False,True
484752,clothes_grab,0,10226,"[""clothes_grab""]",False,True
488365,letterman_jacket,0,5053,"[""letterman_jacket"", ""varsity_jacket""]",False,True
1390670,breast_tattoo,0,5378,"[""breast_tattoo"", ""tattooed_breast""]",False,False
375792,kogal,0,5514,"[""kogal""]",False,False
207834,mascara,0,4479,"[""mascara""]",False,False
578557,digital_media_player,0,4545,"[""digital_media_player"", ""mp3_player""]",False,False
403195,squirrel_ears,0,4785,"[""squirrel_ears""]",True,False
2833,collage,0,4955,"[""collage""]",False,False
548910,chain_necklace,0,6600,"[""chain_necklace""]",False,False
1410709,ejaculating_while_penetrated,0,4428,"[""ejaculating_while_penetrated"", ""ejaculation_when_penetrated"", ""cum_while_penetrated""]",False,False
682128,hands_on_another's_shoulders,0,5280,"[""hands_on_another's_shoulders""]",False,False
662265,object_namesake,0,4350,"[""object_namesake""]",False,False
347508,miniboy,0,5486,"[""miniboy""]",False,False
511645,single_kneehigh,0,4575,"[""single_kneehigh"", ""one_kneehigh""]",False,True
585305,ear_ribbon,0,5047,"[""ear_ribbon"", ""animal_ear_bow""]",True,True
1400382,barbell_piercing,0,7795,"[""barbell_piercing""]",False,True
725441,black_headband,0,5684,"[""black_headband""]",True,True
707150,finger_on_trigger,0,4775,"[""finger_on_trigger""]",False,False
1684874,laevatein_(touhou),0,4180,"[""laevatein_(touhou)"", ""laevatein""]",False,False
1336997,green_coat,0,5672,"[""green_coat""]",False,True
1316609,mole_on_thigh,0,5708,"[""mole_on_thigh""]",False,True
677406,multiple_earrings,0,5887,"[""multiple_earrings""]",True,True
652707,domino_mask,0,5286,"[""domino_mask""]",False,True
743282,layered_clothes,0,6754,"[""layered_clothes"", ""layered_clothing""]",False,True
483264,yellow_rose,0,5208,"[""yellow_rose""]",False,False
1300235,purple_pants,0,5919,"[""purple_pants""]",False,True
585211,energy_gun,0,4982,"[""energy_gun""]",False,False
1280102,single_hair_intake,0,5735,"[""single_hair_intake"", ""single_hair_vent""]",True,False
1301494,spoken_interrobang,0,5134,"[""spoken_interrobang""]",False,False
467674,sake_bottle,0,4420,"[""sake_bottle""]",False,True
426621,grey_panties,0,4992,"[""grey_panties"", ""gray_panties""]",False,True
541137,kanzashi,0,4680,"[""kanzashi""]",False,True
650514,wet_swimsuit,0,4480,"[""wet_swimsuit""]",False,False
375886,sheep_girl,0,4723,"[""sheep_girl""]",True,False
375251,egyptian,0,0,"[""egyptian""]",False,True
405671,soda_can,0,4784,"[""soda_can"", ""pop_can""]",False,False
551584,updo,0,5331,"[""updo""]",True,False
470690,pancake,0,4907,"[""pancake"", ""pancakes""]",False,False
424961,remote_control_vibrator,0,4353,"[""remote_control_vibrator""]",False,False
631299,pillarboxed,0,5708,"[""pillarboxed"", ""pillarbox""]",False,False
1582181,string_of_fate,0,4705,"[""string_of_fate"", ""red_string"", ""red_thread"", ""red_string_of_fate""]",False,False
9511,spotlight,0,5626,"[""spotlight""]",False,False
488,flute,0,4553,"[""flute""]",False,False
1451190,white_wrist_cuffs,0,9792,"[""white_wrist_cuffs""]",False,True
442883,city_lights,0,4657,"[""city_lights""]",False,False
471821,debris,0,5147,"[""debris""]",False,False
1738,figure,0,4351,"[""figure"", ""figurine""]",False,False
1730,what,0,3993,"[""what"", ""wtf""]",False,False
460940,lily_pad,0,4742,"[""lily_pad"", ""water_lily_pad"", ""water_lily"", ""lilypads"", ""lilypad""]",False,False
386503,binoculars,0,4201,"[""binoculars""]",False,False
15004,toy,0,4646,"[""toy"", ""toys""]",False,False
656916,animal_penis,0,4866,"[""animal_penis""]",False,False
447189,spitroast,0,4917,"[""spitroast""]",False,False
722842,frilled_kimono,0,4972,"[""frilled_kimono"", ""frilled_yukata""]",False,True
1395493,eyepatch_bikini,0,4790,"[""eyepatch_bikini""]",False,True
1308608,bag_charm,0,4637,"[""bag_charm""]",False,False
438208,throwing,0,4588,"[""throwing"", ""throw""]",False,False
1853327,bar_(place),0,4892,"[""bar_(place)"", ""pub"", ""bar""]",False,False
1319452,hand_on_another's_arm,0,6073,"[""hand_on_another's_arm""]",False,False
1839475,chips_(food),0,4646,"[""chips_(food)"", ""chips"", ""crisps""]",False,False
1400511,fur-trimmed_hood,0,4740,"[""fur-trimmed_hood""]",False,True
669594,bat_hair_ornament,0,4289,"[""bat_hair_ornament""]",True,True
2065896,diagonal-striped_clothes,0,7292,"[""diagonal-striped_clothes"", ""diagonal-striped_clothing""]",False,False
1382349,goggles_on_headwear,0,5259,"[""goggles_on_headwear"", ""goggles_on_helmet"", ""goggles_on_hat""]",True,True
667185,burn_scar,0,4892,"[""burn_scar""]",False,True
847095,sparkle_background,0,4699,"[""sparkle_background""]",False,False
580695,big_belly,0,5170,"[""big_belly"", ""large_belly""]",False,False
656171,hand_on_another's_chest,0,5558,"[""hand_on_another's_chest""]",False,False
1277869,horned_headwear,0,4591,"[""horned_headwear""]",True,False
856710,neck_tattoo,0,6211,"[""neck_tattoo""]",False,False
1468130,paradis_military_uniform,0,3866,"[""paradis_military_uniform""]",False,False
4262,surreal,0,4988,"[""surreal""]",False,False
461788,scowl,0,4777,"[""scowl""]",False,False
409293,open_dress,0,4316,"[""open_dress""]",False,True
1408401,white_scrunchie,0,4879,"[""white_scrunchie""]",True,True
514260,left-handed,0,4562,"[""left-handed"", ""left_handed""]",False,False
1304169,au_ra,0,4957,"[""au_ra""]",False,False
455038,capri_pants,0,4113,"[""capri_pants"", ""cropped_pants"", ""capris""]",False,True
476787,talons,0,5054,"[""talons""]",False,False
1312757,bra_peek,0,4928,"[""bra_peek""]",False,True
475209,button_badge,0,4928,"[""button_badge"", ""can_badge"", ""pin_button"", ""pinback_button"", ""pin-back_button"", ""button_badges""]",False,True
1450243,weibo_logo,0,0,"[""weibo_logo""]",False,False
378782,hiding,0,4473,"[""hiding""]",False,False
13976,frying_pan,0,4750,"[""frying_pan"", ""skillet"", ""cooking_pan""]",False,False
462213,peeing_self,0,4155,"[""peeing_self"", ""peeing_panties"", ""peeing_pants""]",False,False
1504889,rudder_footwear,0,4515,"[""rudder_footwear""]",False,True
653049,red_eyeliner,0,9203,"[""red_eyeliner""]",True,True
1417504,nanamori_school_uniform,0,3820,"[""nanamori_school_uniform""]",False,False
404857,cupcake,0,4787,"[""cupcake"", ""cupcakes""]",False,False
480444,shouji,0,5108,"[""shouji"", ""japanese_sliding_door"", ""screen_door""]",False,False
465450,trash_can,0,4763,"[""trash_can"", ""wastebasket"", ""garbage_can"", ""dustbin"", ""trashcan""]",False,False
685091,hand_on_another's_back,0,6339,"[""hand_on_another's_back""]",False,False
378151,megaphone,0,4686,"[""megaphone"", ""bull_horn"", ""bullhorn""]",False,False
1399079,holding_drink,0,6251,"[""holding_drink""]",False,True
380157,shovel,0,4390,"[""shovel""]",False,False
1636673,wiffle_gag,0,4837,"[""wiffle_gag""]",False,True
1455114,hair_tie_in_mouth,0,4788,"[""hair_tie_in_mouth"", ""scrunchie_in_mouth""]",False,False
1407477,black_scrunchie,0,4913,"[""black_scrunchie""]",True,True
12650,subtitled,0,5089,"[""subtitled"", ""subtitles""]",False,False
479397,white_headband,0,5234,"[""white_headband""]",True,True
1373025,blue-framed_eyewear,0,4382,"[""blue-framed_eyewear"", ""blue-framed_glasses""]",True,True
411566,nightcap,0,4244,"[""nightcap"", ""sleeping_hat"", ""sleeping_cap""]",False,True
540767,abstract_background,0,5981,"[""abstract_background"", ""/abstractbg""]",False,False
4470,duel,0,3977,"[""duel""]",False,False
626084,bangs_pinned_back,0,4727,"[""bangs_pinned_back""]",False,False
380265,skates,0,4888,"[""skates""]",False,False
403196,squirrel_tail,0,4506,"[""squirrel_tail""]",True,False
398608,hair_twirling,0,0,"[""hair_twirling"", ""twirling_hair"", ""hair_twirl""]",False,False
513195,bird_on_head,0,4542,"[""bird_on_head""]",False,True
12326,owl,0,4440,"[""owl""]",False,False
425142,submerged,0,4051,"[""submerged""]",False,False
2230,guro,0,4862,"[""guro"", ""gore""]",False,False
10624,exercise,0,0,"[""exercise""]",False,False
1322674,latin_cross,0,4750,"[""latin_cross"", ""christian_cross""]",False,False
612379,bubble_tea,0,4456,"[""bubble_tea"", ""boba_tea""]",False,False
1330167,american_flag_dress,0,3859,"[""american_flag_dress""]",False,True
1328271,layered_bikini,0,4323,"[""layered_bikini""]",False,True
1623670,diamond_button,0,5638,"[""diamond_button"", ""diamond_shaped_buttons""]",False,True
1413751,print_bowtie,0,3845,"[""print_bowtie""]",False,True
1392360,black_camisole,0,5900,"[""black_camisole""]",False,True
384248,trefoil,0,3743,"[""trefoil""]",False,True
1304208,black_cardigan,0,4821,"[""black_cardigan""]",False,True
508748,horn_bow,0,3964,"[""horn_bow""]",True,True
460475,naked_sweater,0,3763,"[""naked_sweater""]",False,True
2571,mochi,0,4257,"[""mochi""]",False,False
1291568,pink_apron,0,4612,"[""pink_apron""]",False,True
1251054,okobo,0,5503,"[""okobo""]",False,True
592316,colored_pubic_hair,0,5967,"[""colored_pubic_hair""]",False,True
12721,gas_mask,0,4298,"[""gas_mask"", ""gas-mask""]",False,True
5597,newspaper,0,4304,"[""newspaper""]",False,False
1384369,green_hairband,0,4837,"[""green_hairband""]",True,True
1422860,two-tone_swimsuit,0,4786,"[""two-tone_swimsuit""]",False,True
378810,grinding,0,4331,"[""grinding""]",False,False
1312906,rei_no_himo,0,3680,"[""rei_no_himo""]",False,False
950553,yoga_pants,0,4790,"[""yoga_pants""]",False,True
538859,kindergarten_uniform,0,4391,"[""kindergarten_uniform""]",False,False
2377,piano,0,4548,"[""piano"", ""manual_piano"", ""analog_piano"", ""acoustic_piano"", ""electric_piano""]",False,False
1314965,horizontal_pupils,0,4983,"[""horizontal_pupils"", ""frog_eyes"", ""goat_eyes""]",True,False
13273,stained_glass,0,4414,"[""stained_glass""]",True,False
1427966,yellow_cardigan,0,5435,"[""yellow_cardigan""]",False,True
759492,wolf_boy,0,6200,"[""wolf_boy""]",True,False
447824,doorway,0,6084,"[""doorway""]",False,False
1365001,black_robe,0,6564,"[""black_robe""]",False,True
1471518,horseshoe_ornament,0,4338,"[""horseshoe_ornament""]",True,False
462978,??,0,5519,"[""??"", ""???""]",False,False
1201870,prone_bone,0,4600,"[""prone_bone""]",False,False
1579047,rabbit_pose,0,5113,"[""rabbit_pose"", ""bunny_pose""]",False,False
828858,hand_over_own_mouth,0,4719,"[""hand_over_own_mouth""]",False,True
1507443,sidelighting,0,6409,"[""sidelighting""]",False,False
1925724,basketball_(object),0,4354,"[""basketball_(object)""]",False,True
473217,green_bra,0,4200,"[""green_bra""]",False,True
8808,hallway,0,4475,"[""hallway"", ""school_hall"", ""corridor""]",False,False
480578,hagoromo,0,4603,"[""hagoromo""]",False,True
16978,writing,0,4445,"[""writing""]",False,False
588534,in_box,0,4382,"[""in_box"", ""boy_in_a_box"", ""girl_in_a_box""]",False,False
1791866,holding_smoking_pipe,0,4703,"[""holding_smoking_pipe"", ""holding_kiseru"", ""holding_pipe""]",False,True
405984,snot,0,4395,"[""snot""]",False,False
4807,spill,0,4256,"[""spill"", ""spilled""]",False,False
680046,carrying_person,0,7616,"[""carrying_person"", ""person_carrying""]",False,True
486210,tie_clip,0,5727,"[""tie_clip"", ""necktie_clip"", ""necktie_pin"", ""tie_tack"", ""tie_pin""]",False,True
474988,speaker,0,4323,"[""speaker"", ""loudspeaker"", ""speakers""]",False,False
1270233,1koma,0,4490,"[""1koma"", ""1panel""]",False,False
14861,chef_hat,0,4593,"[""chef_hat""]",True,True
1379954,diffraction_spikes,0,4608,"[""diffraction_spikes""]",False,False
491714,santa_dress,0,5433,"[""santa_dress""]",False,True
1472233,high-waist_shorts,0,6176,"[""high-waist_shorts""]",False,True
473427,green_thighhighs,0,6084,"[""green_thighhighs""]",False,True
1425516,uranohoshi_school_uniform,0,4381,"[""uranohoshi_school_uniform""]",False,False
619145,orange_gloves,0,4833,"[""orange_gloves""]",False,True
1403286,black_mask,0,7319,"[""black_mask""]",False,True
637971,heart_tattoo,0,4702,"[""heart_tattoo""]",False,True
1383796,rabbit_hood,0,4245,"[""rabbit_hood"", ""rabbit-ear_hood"", ""bunny_hood""]",False,True
644051,aiming_at_viewer,0,4610,"[""aiming_at_viewer"", ""pov_aiming""]",False,False
2075860,lifting_another's_clothes,0,4117,"[""lifting_another's_clothes"", ""lifted_by_another""]",False,False
484394,four-leaf_clover,0,4186,"[""four-leaf_clover"", ""four_leaf_clover""]",False,True
548668,excalibur_(fate/stay_night),0,3933,"[""excalibur_(fate/stay_night)"", ""excalibur""]",False,False
406895,tunic,0,10323,"[""tunic""]",False,True
4550,grenade,0,4266,"[""grenade"", ""grenades""]",False,False
514768,grey_sky,0,5076,"[""grey_sky""]",False,False
399829,magazine_cover,0,4216,"[""magazine_cover""]",False,False
1342976,rabbit_print,0,4078,"[""rabbit_print"", ""bunny_print""]",False,True
379306,public_nudity,0,4162,"[""public_nudity""]",False,False
471929,cum_on_stomach,0,4520,"[""cum_on_stomach""]",False,False
1408498,japari_symbol,0,3977,"[""japari_symbol""]",False,False
663385,crossed_ankles,0,5194,"[""crossed_ankles""]",False,False
1410099,purple_sleeves,0,6163,"[""purple_sleeves""]",False,True
11381,frogtie,0,4171,"[""frogtie""]",False,False
453895,mechanical_parts,0,0,"[""mechanical_parts"", ""mechabare"", ""cybernetic_parts"", ""robotic_parts"", ""parts_exposed"", ""mechanical_organs""]",False,False
647907,dragon_print,0,5793,"[""dragon_print""]",False,False
589610,spider_web_print,0,4784,"[""spider_web_print"", ""web_print""]",False,True
465416,sleeveless_sweater,0,4971,"[""sleeveless_sweater""]",False,False
488487,ankle_socks,0,6588,"[""ankle_socks"", ""short_socks"", ""anklehighs""]",False,True
602690,stuffed_cat,0,4329,"[""stuffed_cat""]",False,False
567734,shikishi,0,4220,"[""shikishi""]",False,False
519804,black_lips,0,5496,"[""black_lips"", ""black_lipstick""]",True,False
385637,earbuds,0,4193,"[""earbuds""]",False,False
473206,grey_socks,0,6833,"[""grey_socks"", ""grey_kneehighs""]",False,True
469445,sleepwear,0,4472,"[""sleepwear"", ""nightwear"", ""sleep_wear""]",False,True
2025977,qingdai_guanmao,0,4279,"[""qingdai_guanmao"", ""qing_guanmao""]",False,True
402497,lotus,0,4385,"[""lotus""]",False,False
5272,dice,0,4158,"[""dice""]",False,False
666648,mitsudomoe_(shape),0,4759,"[""mitsudomoe_(shape)""]",False,False
682862,hand_on_another's_hip,0,4550,"[""hand_on_another's_hip""]",False,False
3237,goldfish,0,4142,"[""goldfish""]",False,False
449458,bullpup,0,4112,"[""bullpup"", ""bullpup_rifle""]",False,False
1372792,fox_boy,0,6578,"[""fox_boy""]",True,False
688378,multi-tied_hair,0,6340,"[""multi-tied_hair""]",True,False
478568,medal,0,4196,"[""medal"", ""medals""]",False,False
530091,corruption,0,4559,"[""corruption""]",False,False
466613,slime_girl,0,4314,"[""slime_girl"", ""goo_girl"", ""googirl"", ""slimegirl""]",True,True
1976321,animal_ear_piercing,0,9520,"[""animal_ear_piercing""]",True,False
1514281,shark_hair_ornament,0,4327,"[""shark_hair_ornament""]",True,True
490993,colored_tongue,0,5620,"[""colored_tongue""]",False,False
484121,leg_lock,0,4174,"[""leg_lock"", ""legs_around_waist"", ""legs_lock""]",False,False
540545,rod_of_remorse,0,3685,"[""rod_of_remorse""]",False,False
10731,chainsaw,0,4146,"[""chainsaw""]",False,False
1283223,shibari_over_clothes,0,4448,"[""shibari_over_clothes""]",False,False
502177,bird_girl,0,4791,"[""bird_girl""]",True,False
1393855,holding_flag,0,4975,"[""holding_flag""]",False,True
471357,treble_clef,0,4291,"[""treble_clef""]",False,False
390685,darkness,0,3857,"[""darkness""]",False,False
1259682,ribbed_dress,0,3924,"[""ribbed_dress""]",False,True
1335455,watson_cross,0,4108,"[""watson_cross""]",False,False
413033,gaping,0,5038,"[""gaping"", ""gape""]",False,False
523488,flower_pot,0,4598,"[""flower_pot"", ""flowerpot"", ""pot_(plant)"", ""plant_pot""]",False,False
1448570,gold_earrings,0,6996,"[""gold_earrings""]",True,True
378,cheese,0,4988,"[""cheese""]",False,False
1430633,two-tone_bikini,0,4351,"[""two-tone_bikini""]",False,True
457141,lace_panties,0,4346,"[""lace_panties""]",False,True
1697967,tassel_hair_ornament,0,7359,"[""tassel_hair_ornament"", ""hair_tassel""]",True,True
380355,chained,0,3983,"[""chained""]",False,True
1554926,wide_spread_legs,0,4211,"[""wide_spread_legs""]",False,True
577161,in_tree,0,4039,"[""in_tree""]",False,False
379713,bad_feet,0,3583,"[""bad_feet""]",False,False
557508,loose_belt,0,3997,"[""loose_belt""]",False,True
494802,on_shoulder,0,4426,"[""on_shoulder""]",False,False
14111,candy_cane,0,4223,"[""candy_cane""]",False,False
440796,triangle,0,5624,"[""triangle""]",False,False
629659,food_on_head,0,4358,"[""food_on_head""]",False,True
621930,mandarin_collar,0,8923,"[""mandarin_collar""]",False,True
539295,feather_hair,0,5023,"[""feather_hair"", ""head_feathers""]",True,False
9335,5koma,0,3959,"[""5koma""]",False,False
615041,finger_to_cheek,0,4732,"[""finger_to_cheek""]",False,False
433704,super_saiyan,0,4806,"[""super_saiyan""]",False,False
531896,2020,0,3837,"[""2020""]",False,False
540150,puckered_lips,0,4629,"[""puckered_lips""]",True,False
15201,soldier,0,4265,"[""soldier"", ""infantry"", ""soldiers""]",False,False
702200,sailor_bikini,0,3744,"[""sailor_bikini""]",False,True
350,ramen,0,4214,"[""ramen""]",False,False
396737,striped_bra,0,3677,"[""striped_bra""]",False,True
1402835,scene_reference,0,6540,"[""scene_reference""]",False,False
1384365,orange_hairband,0,4833,"[""orange_hairband""]",True,True
572410,ankle_ribbon,0,3814,"[""ankle_ribbon""]",True,True
11433,nipple_rings,0,4601,"[""nipple_rings"", ""nipple_ring""]",False,False
682638,flower_earrings,0,5257,"[""flower_earrings"", ""rose_earrings"", ""flower_earring""]",True,True
15667,riding_crop,0,4276,"[""riding_crop""]",False,False
407041,profanity,0,4299,"[""profanity"", ""swearing""]",False,False
428664,embers,0,4603,"[""embers"", ""ember""]",False,False
2641,paint,0,4099,"[""paint""]",False,False
1342770,strappy_heels,0,4351,"[""strappy_heels""]",False,True
505313,torn_sleeves,0,4379,"[""torn_sleeves"", ""ripped_sleeves""]",False,True
1488457,grey_horns,0,4231,"[""grey_horns"", ""grey_horn""]",True,False
517255,plum_blossoms,0,3969,"[""plum_blossoms"", ""plum_blossom""]",False,False
670773,happy_valentine,0,4046,"[""happy_valentine"", ""happy_valentine's_day""]",False,False
1901,orgy,0,5869,"[""orgy""]",False,False
393166,bloom,0,4052,"[""bloom""]",False,False
1438722,plunging_neckline,0,4820,"[""plunging_neckline""]",False,True
487143,bamboo_forest,0,3806,"[""bamboo_forest""]",False,False
458232,flats,0,4328,"[""flats""]",False,True
528325,red_pantyhose,0,6293,"[""red_pantyhose""]",False,True
440956,fluffy,0,4217,"[""fluffy""]",False,False
1394292,blue_serafuku,0,5427,"[""blue_serafuku""]",False,True
1402052,white_cloak,0,5185,"[""white_cloak""]",False,False
709557,torn_bodysuit,0,4164,"[""torn_bodysuit"", ""ripped_bodysuit""]",False,True
1762322,greyscale_with_colored_background,0,6596,"[""greyscale_with_colored_background""]",False,False
613940,white_cat,0,5350,"[""white_cat""]",False,False
1280149,crescent_earrings,0,4220,"[""crescent_earrings"", ""crescent_earring""]",True,True
1318470,yellow_pupils,0,5513,"[""yellow_pupils""]",True,False
1371098,purple_umbrella,0,3781,"[""purple_umbrella""]",False,True
1945860,drill_sidelocks,0,4922,"[""drill_sidelocks"", ""drill_locks""]",True,False
667460,real_life_insert,0,3421,"[""real_life_insert""]",False,False
144057,harem_outfit,0,4307,"[""harem_outfit"", ""harem_clothes""]",False,True
1315142,pink_scrunchie,0,4177,"[""pink_scrunchie""]",True,True
6339,dusk,0,4265,"[""dusk""]",False,False
1481015,hands_in_opposite_sleeves,0,3688,"[""hands_in_opposite_sleeves"", ""hands_in_sleeves""]",False,True
8796,electric_fan,0,4247,"[""electric_fan"", ""fan_(electric)""]",False,False
1515727,strap_between_breasts,0,4317,"[""strap_between_breasts"", ""paisura"", ""strap_cleavage""]",True,True
458132,winged_hat,0,3961,"[""winged_hat""]",True,False
526914,licking_finger,0,3724,"[""licking_finger"", ""finger_licking"", ""licking_fingers""]",False,False
7526,crotch_rope,0,3905,"[""crotch_rope"", ""crotchrope""]",False,False
482791,tusks,0,4914,"[""tusks"", ""tusk""]",False,False
470441,plastic_bag,0,4272,"[""plastic_bag""]",False,False
1343573,holding_arrow,0,4270,"[""holding_arrow""]",False,True
375231,shirt_tug,0,3790,"[""shirt_tug""]",False,True
1311981,meiji_schoolgirl_uniform,0,3494,"[""meiji_schoolgirl_uniform""]",False,True
1613301,obliques,0,3655,"[""obliques""]",False,False
488260,purple_cape,0,5152,"[""purple_cape""]",False,True
617590,wa_maid,0,4766,"[""wa_maid"", ""japanese_maid""]",False,True
9002,stethoscope,0,4090,"[""stethoscope""]",False,False
533035,undersized_clothes,0,4086,"[""undersized_clothes"", ""undersized_clothing"", ""too_small""]",False,True
1215711,numbered,0,4544,"[""numbered""]",False,False
279898,shell_casing,0,3932,"[""shell_casing"", ""bullet_casings"", ""shell_casings""]",False,False
1291177,orange_bodysuit,0,3858,"[""orange_bodysuit""]",False,True
546133,ghost_tail,0,3746,"[""ghost_tail""]",True,False
503705,paw_shoes,0,4182,"[""paw_shoes"", ""paw_boots""]",False,True
1289525,cross_scar,0,4964,"[""cross_scar"", ""x_scar""]",False,True
497966,penis_grab,0,4693,"[""penis_grab""]",False,False
692418,suspender_shorts,0,4483,"[""suspender_shorts""]",False,True
1422416,twitter_logo,0,5018,"[""twitter_logo""]",False,False
16992,see-through_dress,0,5381,"[""see-through_dress""]",False,True
604468,eye_mask,0,5909,"[""eye_mask"", ""eyemask""]",False,True
617471,female_pov,0,4908,"[""female_pov""]",False,True
505860,tally,0,4100,"[""tally"", ""tally_marks"", ""tallies""]",False,False
4177,lotion,0,3987,"[""lotion""]",False,False
1463294,holding_controller,0,4945,"[""holding_controller""]",False,True
572264,gold_chain,0,4856,"[""gold_chain""]",False,True
4773,puppet,0,4335,"[""puppet"", ""puppets""]",False,False
665350,microdress,0,4939,"[""microdress""]",False,True
581551,covered_face,0,4547,"[""covered_face"", ""face_covered""]",False,False
1443349,blue_cardigan,0,4931,"[""blue_cardigan""]",False,True
695265,clitoral_stimulation,0,4015,"[""clitoral_stimulation"", ""clitoris_stimulation""]",False,False
448292,porkpie_hat,0,3767,"[""porkpie_hat""]",True,True
380173,seashell,0,4020,"[""seashell"", ""seashells""]",False,False
379595,breast_slip,0,3457,"[""breast_slip"", ""boob_slip""]",False,True
1397450,plantar_flexion,0,3924,"[""plantar_flexion"", ""toe-point_down"", ""toe-point"", ""toe_point""]",False,False
633092,arm_held_back,0,4118,"[""arm_held_back""]",False,False
552818,parted_hair,0,4954,"[""parted_hair"", ""center_part""]",True,False
426384,clitoral_hood,0,4660,"[""clitoral_hood""]",False,True
512534,squirrel_girl,0,4062,"[""squirrel_girl""]",True,False
1480168,white_sports_bra,0,4306,"[""white_sports_bra""]",False,True
722453,thumb_ring,0,3688,"[""thumb_ring""]",False,True
587679,vibrator_under_clothes,0,3772,"[""vibrator_under_clothes""]",False,False
1434382,spade_(shape),0,4604,"[""spade_(shape)"", ""spades_(card_suit)""]",False,False
495857,arm_around_neck,0,4737,"[""arm_around_neck""]",False,False
1383769,dot_mouth,0,5948,"[""dot_mouth""]",False,False
586749,mismatched_footwear,0,4202,"[""mismatched_footwear""]",False,False
422957,come_hither,0,4142,"[""come_hither""]",False,False
493298,police_hat,0,4405,"[""police_hat""]",True,True
1344680,holding_doll,0,4910,"[""holding_doll""]",False,True
658525,white_cardigan,0,4449,"[""white_cardigan""]",False,True
2025868,cellphone_photo,0,3786,"[""cellphone_photo"", ""cellphone_picture""]",False,False
1441888,over-rim_eyewear,0,3860,"[""over-rim_eyewear"", ""over-rim_glasses"", ""over_rim_glasses""]",True,True
1484339,diagonal-striped_bow,0,4609,"[""diagonal-striped_bow""]",True,True
1163924,blue_fur,0,5469,"[""blue_fur""]",False,False
1874313,covering_own_eyes,0,3962,"[""covering_own_eyes"", ""covering_eyes"", ""hands_over_eyes""]",False,True
11243,shower_head,0,3831,"[""shower_head""]",True,False
390347,flask,0,4175,"[""flask""]",False,False
1119065,heart-shaped_pillow,0,3927,"[""heart-shaped_pillow"", ""heart_pillow""]",False,True
516930,hanfu,0,9551,"[""hanfu""]",False,True
462454,small_penis,0,4205,"[""small_penis"", ""little_penis""]",False,False
665809,hugging_doll,0,4074,"[""hugging_doll"", ""doll_hug"", ""plush_hug""]",False,True
2006755,unworn_helmet,0,4109,"[""unworn_helmet"", ""helmet_removed"", ""helmet_off""]",False,True
11717,mohawk,0,4078,"[""mohawk"", ""mohican_(hairstyle)""]",False,False
1497777,multi-strapped_bikini_bottom,0,4560,"[""multi-strapped_bikini_bottom""]",False,True
558702,pinching,0,4063,"[""pinching"", ""pinch""]",False,False
419192,monkey_tail,0,4205,"[""monkey_tail""]",True,False
397935,ladder,0,3952,"[""ladder""]",False,False
406406,shoe_dangle,0,3794,"[""shoe_dangle"", ""heels_dangling"", ""flats_dangling""]",False,False
586819,energy_wings,0,4223,"[""energy_wings""]",True,False
8874,pudding,0,4174,"[""pudding"", ""flan""]",False,False
574719,multicolored_swimsuit,0,4234,"[""multicolored_swimsuit""]",False,True
713394,hand_on_another's_thigh,0,5100,"[""hand_on_another's_thigh""]",False,False
11316,abstract,0,3877,"[""abstract""]",False,False
13958,locker_room,0,3974,"[""locker_room""]",False,False
649327,wide_ponytail,0,3582,"[""wide_ponytail""]",True,False
1253185,snowflake_hair_ornament,0,3697,"[""snowflake_hair_ornament""]",True,True
1321301,purple_shorts,0,4858,"[""purple_shorts""]",False,True
407322,smell,0,4073,"[""smell"", ""stink"", ""body_odor""]",False,False
1551114,covered_abs,0,4150,"[""covered_abs""]",False,True
1475838,blue_overalls,0,6140,"[""blue_overalls""]",False,True
569544,condom_on_penis,0,3909,"[""condom_on_penis""]",False,True
1178138,snowflake_print,0,3870,"[""snowflake_print""]",False,True
515468,head-mounted_display,0,4232,"[""head-mounted_display"", ""vr_goggles"", ""vr_headset"", ""head_mounted_display"", ""vr_visor""]",False,False
472424,skull_and_crossbones,0,3790,"[""skull_and_crossbones""]",False,False
547698,sunburst,0,3791,"[""sunburst""]",False,False
1515357,orange_theme,0,3911,"[""orange_theme""]",False,False
409789,rubber_boots,0,4068,"[""rubber_boots"", ""rain_boots"", ""wellingtons"", ""galoshes""]",False,True
607667,checkered_scarf,0,4860,"[""checkered_scarf""]",False,True
643426,reverse_upright_straddle,0,4034,"[""reverse_upright_straddle""]",False,False
1396985,holding_sheath,0,4240,"[""holding_sheath""]",False,True
9554,g-string,0,3521,"[""g-string"", ""g_string""]",False,True
501057,breastless_clothes,0,3802,"[""breastless_clothes"", ""breastless_clothing""]",False,True
1304064,black_apron,0,4413,"[""black_apron""]",False,True
447780,peeking,0,3685,"[""peeking"", ""peeping"", ""spying"", ""peek""]",False,False
520473,beard_stubble,0,6945,"[""beard_stubble""]",False,True
721674,purple_scarf,0,4457,"[""purple_scarf""]",False,True
420964,hip_bones,0,3831,"[""hip_bones"", ""pelvic_bone"", ""pelvic_bones""]",False,False
389161,french_fries,0,4376,"[""french_fries""]",False,False
637281,mechanical_legs,0,4797,"[""mechanical_legs"", ""robot_legs"", ""robotic_legs""]",False,False
1515361,white_theme,0,3763,"[""white_theme""]",False,False
1327736,purple_coat,0,4788,"[""purple_coat""]",False,True
633519,american_flag_bikini,0,3683,"[""american_flag_bikini""]",False,True
419258,child_on_child,0,0,"[""child_on_child""]",False,False
2848,wedding,0,3829,"[""wedding"", ""marriage""]",False,False
493584,striped_pants,0,4798,"[""striped_pants""]",False,True
1819565,jirai_kei,0,4827,"[""jirai_kei""]",False,True
1326377,black_corset,0,6367,"[""black_corset""]",False,True
489623,glowstick,0,5090,"[""glowstick"", ""light_stick"", ""glow_stick""]",False,False
1338640,yellow_scrunchie,0,3929,"[""yellow_scrunchie""]",True,True
433752,yunomi,0,3758,"[""yunomi"", ""japanese_teacup""]",False,False
662701,brown_ribbon,0,4118,"[""brown_ribbon""]",True,True
15996,moonlight,0,3680,"[""moonlight""]",False,False
481778,stage_lights,0,4524,"[""stage_lights""]",False,False
816551,jackal_ears,0,3831,"[""jackal_ears""]",True,True
464876,bento,0,3784,"[""bento"", ""obentou"", ""bentou"", ""bento-box"", ""bento_box"", ""obento""]",False,False
1637933,evolutionary_line,0,4704,"[""evolutionary_line""]",False,False
523426,hand_grab,0,4250,"[""hand_grab"", ""holding_hand""]",False,False
2316,carpet,0,3924,"[""carpet""]",False,False
1447394,whistle_around_neck,0,5469,"[""whistle_around_neck""]",False,False
640820,spoken_anger_vein,0,4692,"[""spoken_anger_vein""]",False,False
9101,cigar,0,4036,"[""cigar""]",False,False
511736,heart_in_mouth,0,4058,"[""heart_in_mouth""]",False,True
1627141,gae_bolg_(fate),0,3666,"[""gae_bolg_(fate)"", ""gae_bolg""]",False,False
587435,side_cutout,0,6276,"[""side_cutout""]",False,True
1300390,bandaged_head,0,5032,"[""bandaged_head""]",True,True
619992,world_war_ii,0,3423,"[""world_war_ii"", ""/wwii"", ""wwii""]",False,False
1928414,high_side_ponytail,0,4109,"[""high_side_ponytail""]",True,False
526974,coffee_cup,0,0,"[""coffee_cup""]",False,False
1343802,holding_basket,0,4751,"[""holding_basket""]",False,True
1431325,mismatched_bikini,0,3794,"[""mismatched_bikini""]",False,True
429439,fetal_position,0,3788,"[""fetal_position""]",False,False
521817,black_feathers,0,4679,"[""black_feathers""]",False,False
471577,red_socks,0,6260,"[""red_socks"", ""red_kneehighs""]",False,True
459289,blue_lips,0,4409,"[""blue_lips"", ""light_blue_lipstick"", ""blue_lipstick""]",True,False
449624,bass_guitar,0,4399,"[""bass_guitar"", ""bass""]",False,False
590943,neck_ruff,0,3772,"[""neck_ruff""]",False,True
1409831,kuromorimine_military_uniform,0,3490,"[""kuromorimine_military_uniform""]",False,False
7867,orc,0,3862,"[""orc"", ""ork""]",False,False
1261354,feather_trim,0,3883,"[""feather_trim""]",False,True
578713,giving,0,3842,"[""giving""]",False,False
10631,paddle,0,3662,"[""paddle""]",False,False
2490,pirate,0,3618,"[""pirate"", ""pirates""]",False,True
1252969,white_nails,0,4186,"[""white_nails"", ""white_fingernails""]",False,False
1287705,song_name,0,4902,"[""song_name"", ""song_title""]",False,False
399594,urethra,0,3430,"[""urethra""]",False,False
540097,turtle_shell,0,3683,"[""turtle_shell""]",False,False
437149,tongue_piercing,0,4519,"[""tongue_piercing""]",False,False
470159,jealous,0,3946,"[""jealous"", ""jealousy""]",False,False
410379,praying,0,4081,"[""praying"", ""pray""]",False,False
510070,:i,0,4217,"["":i""]",False,False
160066,driving,0,4367,"[""driving""]",False,False
699975,shoulder_spikes,0,4401,"[""shoulder_spikes"", ""spiked_shoulders""]",False,False
402204,holding_panties,0,3588,"[""holding_panties""]",False,True
1328016,o-ring_choker,0,6044,"[""o-ring_choker""]",False,True
381372,cold,0,3796,"[""cold""]",False,False
1349485,clover_hair_ornament,0,3916,"[""clover_hair_ornament""]",True,True
375272,evening_gown,0,4380,"[""evening_gown"", ""evening_dress""]",False,True
1582499,scar_on_forehead,0,4353,"[""scar_on_forehead"", ""forehead_scar""]",False,True
32298,duffel_bag,0,3650,"[""duffel_bag"", ""gym_bag""]",False,False
610726,shared_clothes,0,3631,"[""shared_clothes""]",False,False
1392007,pink_bodysuit,0,3778,"[""pink_bodysuit""]",False,True
1258390,holding_leash,0,5293,"[""holding_leash""]",False,True
1474162,gekkoukan_high_school_uniform,0,4411,"[""gekkoukan_high_school_uniform""]",False,False
9921,panda,0,3671,"[""panda"", ""giant_panda""]",False,False
692860,alternate_legwear,0,3396,"[""alternate_legwear""]",False,True
486062,on_lap,0,4015,"[""on_lap""]",False,False
390154,left-to-right_manga,0,2679,"[""left-to-right_manga"", ""left-to-right"", ""left_to_right_manga""]",False,False
1312065,chinese_knot,0,4109,"[""chinese_knot""]",False,False
10340,shark,0,3933,"[""shark""]",False,False
699142,diamond-shaped_pupils,0,5564,"[""diamond-shaped_pupils""]",True,False
482936,long_pointy_ears,0,5155,"[""long_pointy_ears""]",True,False
675346,frilled_ribbon,0,3946,"[""frilled_ribbon""]",True,True
1350232,orange_shorts,0,4242,"[""orange_shorts""]",False,True
400905,talisman,0,3749,"[""talisman""]",False,False
1446770,instant_loss,0,4377,"[""instant_loss"", ""instant_loss_2koma""]",False,False
456655,broken_glass,0,4160,"[""broken_glass""]",True,True
1386147,holding_hammer,0,4652,"[""holding_hammer""]",False,True
2006756,unworn_shirt,0,3853,"[""unworn_shirt"", ""shirt_removed"", ""shirt_off""]",False,True
581705,sitting_on_desk,0,0,"[""sitting_on_desk""]",False,True
776463,enpera,0,3572,"[""enpera"", ""hair_in_scarf""]",False,True
409034,bite_mark,0,5091,"[""bite_mark"", ""bitemark""]",False,False
556999,two-footed_footjob,0,5289,"[""two-footed_footjob""]",False,True
3874,sink,0,3960,"[""sink""]",False,False
1984282,cum_on_male,0,3380,"[""cum_on_male"", ""cum_on_boy""]",False,True
468923,screaming,0,4073,"[""screaming"", ""scream""]",False,False
575698,torn_cape,0,4203,"[""torn_cape"", ""tattered_cape""]",False,True
550123,sitting_on_face,0,3813,"[""sitting_on_face"", ""sit_on_face"", ""facesitting"", ""face_sitting""]",False,False
514239,holding_condom,0,4007,"[""holding_condom""]",False,True
417408,keyhole,0,3524,"[""keyhole""]",False,True
700189,finger_in_another's_mouth,0,4134,"[""finger_in_another's_mouth""]",False,False
612542,bow_bikini,0,3800,"[""bow_bikini""]",False,True
572679,rubbing_eyes,0,3899,"[""rubbing_eyes"", ""wiping_eyes"", ""rubbing_eye"", ""eye_rub""]",False,False
676653,mouse_(computer),0,0,"[""mouse_(computer)"", ""computer_mouse""]",False,False
1793456,cooperative_fellatio,0,3968,"[""cooperative_fellatio"", ""multiple_fellatio"", ""double_fellatio""]",False,False
10309,fashion,0,4861,"[""fashion""]",False,True
673057,matching_outfits,0,4254,"[""matching_outfits"", ""matching_outfit""]",False,False
622606,anime_coloring,0,4509,"[""anime_coloring"", ""cel_shading_(2d)""]",False,False
1389873,orange_kimono,0,4026,"[""orange_kimono"", ""orange_yukata""]",False,True
1457889,red_armband,0,5721,"[""red_armband""]",False,True
466898,strangling,0,4075,"[""strangling"", ""choking_another"", ""strangle""]",False,False
1723482,flame-tipped_tail,0,3814,"[""flame-tipped_tail"", ""fire-tipped_tail"", ""flame_tipped_tail"", ""flaming_tip_tail"", ""tail-tip_fire""]",True,False
1321704,string_of_flags,0,3889,"[""string_of_flags""]",False,False
653053,strapless_shirt,0,4456,"[""strapless_shirt""]",False,False
628271,turning_head,0,6185,"[""turning_head""]",True,False
1482386,tiger_boy,0,4324,"[""tiger_boy""]",True,False
474252,path,0,4025,"[""path""]",False,False
393321,scratches,0,3966,"[""scratches"", ""scratch""]",False,False
615392,hair_horns,0,4575,"[""hair_horns""]",True,False
1268348,pawpads,0,5336,"[""pawpads"", ""toe_beans""]",False,False
10412,shaved_ice,0,3662,"[""shaved_ice"", ""snow_cone"", ""kakigoori"", ""kakigori"", ""shavedice""]",False,False
242,princess,0,3844,"[""princess""]",False,False
1343930,black_hakama,0,3982,"[""black_hakama""]",False,True
644284,holding_sign,0,4153,"[""holding_sign""]",False,True
413035,soccer_ball,0,3556,"[""soccer_ball"", ""football_(object)""]",False,False
438849,pill,0,4244,"[""pill"", ""pills""]",False,False
1631337,shimakaze_(kancolle)_(cosplay),0,3677,"[""shimakaze_(kancolle)_(cosplay)""]",False,True
961827,pink_hoodie,0,4416,"[""pink_hoodie""]",False,True
12396,ice_cube,0,4036,"[""ice_cube"", ""ice_cubes""]",False,True
1449257,gem_uniform_(houseki_no_kuni),0,3332,"[""gem_uniform_(houseki_no_kuni)""]",False,False
10168,suspension,0,3669,"[""suspension"", ""suspended""]",False,False
1515354,brown_theme,0,3862,"[""brown_theme""]",False,False
645791,patterned_background,0,3905,"[""patterned_background""]",False,False
395226,shoulder_carry,0,3467,"[""shoulder_carry"", ""shoulder_ride""]",False,False
390993,sigh,0,3600,"[""sigh"", ""sighing""]",False,False
473040,tombstone,0,3684,"[""tombstone"", ""grave_stone"", ""headstone"", ""gravestone""]",False,False
1856853,asticassia_school_uniform,0,3894,"[""asticassia_school_uniform""]",False,True
684621,puffy_detached_sleeves,0,4459,"[""puffy_detached_sleeves""]",False,True
616023,aqua_dress,0,4835,"[""aqua_dress""]",False,True
1521615,skin_fangs,0,4180,"[""skin_fangs""]",True,False
691977,egyptian_clothes,0,0,"[""egyptian_clothes""]",False,True
409526,thigh_sex,0,3755,"[""thigh_sex"", ""thighjob"", ""thigh_job"", ""intercrural_sex"", ""straddle_penis"", ""sumata"", ""intercrural""]",False,False
484124,deer_ears,0,4348,"[""deer_ears"", ""reindeer_ears""]",True,False
573757,beach_towel,0,3707,"[""beach_towel""]",False,False
549590,uneven_gloves,0,3652,"[""uneven_gloves""]",False,True
862221,club_(weapon),0,3934,"[""club_(weapon)"", ""club""]",False,False
1411720,medium_dress,0,7372,"[""medium_dress""]",False,True
554120,dirty_face,0,4131,"[""dirty_face"", ""dirt_on_face""]",False,False
376473,mallet,0,3455,"[""mallet""]",False,False
426146,fur_coat,0,3827,"[""fur_coat""]",False,True
1499947,looking_over_eyewear,0,4396,"[""looking_over_eyewear"", ""looking_over_sunglasses"", ""looking_over_glasses""]",True,True
1403936,bodysuit_under_clothes,0,4273,"[""bodysuit_under_clothes""]",False,True
374334,open_shorts,0,3668,"[""open_shorts""]",False,True
717296,hand_in_another's_hair,0,5072,"[""hand_in_another's_hair""]",False,False
1234797,foot_up,0,4754,"[""foot_up""]",False,False
3917,toothbrush,0,3899,"[""toothbrush""]",False,False
468817,flower_wreath,0,5702,"[""flower_wreath""]",False,False
640801,clothes_in_mouth,0,4646,"[""clothes_in_mouth""]",False,False
400527,skirt_tug,0,3541,"[""skirt_tug""]",False,True
11486,jellyfish,0,3903,"[""jellyfish""]",False,False
482447,tailcoat,0,3626,"[""tailcoat""]",False,True
1373030,pink-framed_eyewear,0,3737,"[""pink-framed_eyewear"", ""pink-framed_glasses""]",True,True
1344462,blue_apron,0,4141,"[""blue_apron""]",False,True
1305007,chest_belt,0,5021,"[""chest_belt""]",False,True
1330014,year_of_the_tiger,0,3185,"[""year_of_the_tiger""]",False,True
859661,red_cloak,0,4432,"[""red_cloak""]",False,False
5871,restaurant,0,3874,"[""restaurant""]",False,False
876681,year_of_the_rabbit,0,3236,"[""year_of_the_rabbit""]",False,True
1261917,looking_at_phone,0,4571,"[""looking_at_phone""]",False,False
1434570,hadanugi_dousa,0,3373,"[""hadanugi_dousa""]",False,True
475709,bandaid_on_pussy,0,3490,"[""bandaid_on_pussy""]",False,False
664440,lace-trimmed_dress,0,4021,"[""lace-trimmed_dress""]",False,True
662500,caterpillar_tracks,0,3168,"[""caterpillar_tracks""]",False,False
700045,stray_pubic_hair,0,3825,"[""stray_pubic_hair""]",False,False
1307801,feather_earrings,0,3987,"[""feather_earrings"", ""feather_earring""]",True,True
1427258,holding_sack,0,4043,"[""holding_sack""]",False,True
14074,raincoat,0,4874,"[""raincoat""]",False,True
380573,quill,0,3753,"[""quill"", ""feather_pen""]",False,False
525182,santa_bikini,0,3416,"[""santa_bikini""]",False,True
1502082,brown_sweater_vest,0,4912,"[""brown_sweater_vest""]",False,True
513765,broken_horn,0,3751,"[""broken_horn""]",True,False
588453,laurel_crown,0,4740,"[""laurel_crown""]",True,False
1975377,loose_hair_strand,0,5625,"[""loose_hair_strand""]",False,False
477184,large_hat,0,4210,"[""large_hat"", ""big_hat""]",True,True
519626,on_table,0,4096,"[""on_table""]",False,False
1468295,quarter_note,0,3294,"[""quarter_note"", ""crotchet""]",False,False
618149,yugake,0,3117,"[""yugake""]",False,True
427771,omelet,0,4105,"[""omelet"", ""omelette""]",False,False
69844,pig,0,3581,"[""pig"", ""piglet"", ""pigs""]",False,False
297185,drumsticks,0,3989,"[""drumsticks"", ""drumstick""]",False,False
633809,eastern_dragon,0,4713,"[""eastern_dragon"", ""chinese_dragon""]",False,False
414783,padlock,0,3491,"[""padlock""]",False,False
673352,flaming_eye,0,3462,"[""flaming_eye"", ""fiery_eye"", ""burning_eye""]",True,False
702226,holding_cat,0,4508,"[""holding_cat""]",False,True
410525,typo,0,3475,"[""typo""]",False,False
468765,pith_helmet,0,3130,"[""pith_helmet""]",False,True
398229,people,0,5071,"[""people"", ""background_people""]",False,False
3537,sticker,0,4140,"[""sticker"", ""stickers""]",False,False
400119,melting,0,3634,"[""melting""]",False,False
390096,hill,0,3882,"[""hill"", ""hills""]",False,False
1403984,brown_capelet,0,4074,"[""brown_capelet""]",False,True
1279634,mating_press,0,3839,"[""mating_press""]",False,False
1298625,open-chest_sweater,0,3033,"[""open-chest_sweater"", ""keyhole_sweater""]",False,True
1667891,pom_pom_hair_ornament,0,5609,"[""pom_pom_hair_ornament"", ""hair_pom_pom""]",True,True
377197,desert,0,3768,"[""desert""]",False,False
494832,faux_traditional_media,0,3661,"[""faux_traditional_media"", ""/ftrad""]",False,False
382047,sunrise,0,3627,"[""sunrise""]",False,False
444189,arabian_clothes,0,3692,"[""arabian_clothes""]",False,True
1446284,looking_at_animal,0,5341,"[""looking_at_animal""]",False,False
527607,magazine_(object),0,3355,"[""magazine_(object)"", ""magazine"", ""magazines""]",False,False
1262166,seamed_legwear,0,3091,"[""seamed_legwear""]",False,True
662965,tokkuri,0,3328,"[""tokkuri"", ""sake_pottery_bottle""]",False,False
1609053,twitching_penis,0,3692,"[""twitching_penis"", ""trembling_penis""]",False,False
466731,ear_tag,0,4395,"[""ear_tag""]",False,False
421506,head_grab,0,4236,"[""head_grab""]",False,False
625484,glitch,0,4631,"[""glitch""]",False,False
378452,hand_in_panties,0,3142,"[""hand_in_panties"", ""finger_in_panties""]",False,True
1333530,grey_fur,0,4859,"[""grey_fur""]",False,False
1315557,grey_bow,0,4177,"[""grey_bow""]",True,True
570082,swirl_lollipop,0,3543,"[""swirl_lollipop""]",False,False
405207,arch,0,3888,"[""arch""]",False,False
25477,chemise,0,3109,"[""chemise""]",False,True
661191,aqua_skirt,0,4863,"[""aqua_skirt""]",False,True
605757,pant_suit,0,3346,"[""pant_suit"", ""pants_suit"", ""pantsuit""]",False,True
595850,hooded_cape,0,3981,"[""hooded_cape""]",False,True
399308,walk-in,0,3398,"[""walk-in"", ""walk_in""]",False,False
687728,hands_on_own_head,0,3977,"[""hands_on_own_head""]",False,False
2553,basketball,0,3170,"[""basketball""]",False,False
1467949,single_ear_cover,0,5088,"[""single_ear_cover""]",False,False
602427,wrestling_outfit,0,3202,"[""wrestling_outfit""]",False,True
9032,attack,0,3888,"[""attack""]",False,False
379555,graffiti,0,3884,"[""graffiti""]",False,False
484578,disembodied_head,0,3462,"[""disembodied_head"", ""detached_head""]",True,False
1700602,thick_arms,0,4044,"[""thick_arms""]",False,False
1334708,holding_paintbrush,0,4584,"[""holding_paintbrush""]",False,True
1350604,cat_ear_panties,0,3201,"[""cat_ear_panties""]",False,False
844443,red_umbrella,0,4282,"[""red_umbrella""]",False,True
1422826,sangvis_ferri,0,3006,"[""sangvis_ferri""]",False,False
445826,phimosis,0,3341,"[""phimosis""]",False,False
784913,wife_and_wife,0,3818,"[""wife_and_wife""]",False,False
528555,flat_ass,0,3199,"[""flat_ass"", ""no_ass""]",False,False
477241,birthday_cake,0,4146,"[""birthday_cake""]",False,False
1338653,fur_scarf,0,4057,"[""fur_scarf""]",False,True
619600,zombie_pose,0,3261,"[""zombie_pose"", ""jiangshi_pose""]",False,False
686220,pink_sleeves,0,4360,"[""pink_sleeves""]",False,True
388452,sweets,0,3495,"[""sweets""]",False,True
1247633,narrowed_eyes,0,4723,"[""narrowed_eyes""]",True,False
396063,asphyxiation,0,3348,"[""asphyxiation"", ""suffocation""]",False,False
422821,safety_pin,0,3546,"[""safety_pin""]",False,False
669792,futa_with_male,0,3457,"[""futa_with_male"", ""male_on_futa""]",False,False
1076181,flower_(symbol),0,0,"[""flower_(symbol)""]",False,False
11943,zero_suit,0,3307,"[""zero_suit""]",False,True
13691,bomber_jacket,0,3259,"[""bomber_jacket"", ""flight_jacket""]",False,True
553947,>_o,0,3986,"["">_o"", ""o_<""]",False,False
1399795,no_eyewear,0,3475,"[""no_eyewear"", ""no_glasses""]",True,True
379208,smelling,0,4827,"[""smelling"", ""sniffing""]",False,False
1338775,patterned_clothing,0,4010,"[""patterned_clothing""]",False,False
1943362,very_sweaty,0,5365,"[""very_sweaty""]",False,False
1451957,naoetsu_high_school_uniform,0,3262,"[""naoetsu_high_school_uniform""]",False,False
1390886,brown_kimono,0,3526,"[""brown_kimono"", ""brown_yukata""]",False,True
109323,cliff,0,3549,"[""cliff""]",False,False
1286664,kabedon,0,3629,"[""kabedon"", ""wall_slam""]",False,False
469020,rice_bowl,0,3362,"[""rice_bowl"", ""rice_bowls"", ""ricebowl""]",False,True
613439,roman_numeral,0,3550,"[""roman_numeral"", ""roman_numerals"", ""roman_number"", ""roman_numbers""]",False,False
1420004,blur_censor,0,3609,"[""blur_censor""]",False,False
404541,hexagram,0,3212,"[""hexagram""]",False,False
1253523,\||/,0,5117,"[""\\||/"", ""middle_and_ring_fingers_together"", ""open_\\m/""]",False,False
13606,cervix,0,3313,"[""cervix""]",False,False
821841,2019,0,3221,"[""2019""]",False,False
1330708,purple_sweater,0,4158,"[""purple_sweater""]",False,True
393832,impregnation,0,3585,"[""impregnation"", ""impregnate""]",False,False
1438761,high-waist_pants,0,5445,"[""high-waist_pants""]",False,True
375083,tuxedo,0,3319,"[""tuxedo""]",False,True
598410,ceiling_light,0,4016,"[""ceiling_light""]",False,False
473703,car_interior,0,3814,"[""car_interior"", ""inside_car""]",False,False
104991,have_to_pee,0,3063,"[""have_to_pee"", ""need_to_pee""]",False,False
688904,overskirt,0,3994,"[""overskirt""]",False,True
420294,yellow_skin,0,4519,"[""yellow_skin""]",True,False
422126,moss,0,3783,"[""moss""]",False,False
1597364,chain_leash,0,3899,"[""chain_leash"", ""collar_with_chain""]",False,True
543351,crossed_bandaids,0,3727,"[""crossed_bandaids"", ""x_bandaids""]",False,False
423600,bit_gag,0,3153,"[""bit_gag"", ""bitgag""]",False,False
1416804,orange_scrunchie,0,3155,"[""orange_scrunchie""]",True,True
189096,anal_fingering,0,3378,"[""anal_fingering"", ""fingering_ass"", ""fingering_asshole""]",False,False
2626,volleyball,0,3249,"[""volleyball""]",False,False
622943,cover_image,0,3237,"[""cover_image""]",False,False
4031,negligee,0,3149,"[""negligee""]",False,True
673610,green_choker,0,3526,"[""green_choker""]",False,True
381887,caught,0,3507,"[""caught""]",False,False
395568,cyberpunk,0,3407,"[""cyberpunk""]",False,False
1768472,borrowed_clothes,0,3861,"[""borrowed_clothes"", ""borrowed_garments""]",False,True
14927,dessert,0,3646,"[""dessert""]",False,True
643796,power_symbol,0,3005,"[""power_symbol""]",False,False
534340,calendar_(object),0,3408,"[""calendar_(object)""]",False,False
1578780,diagonal-striped_necktie,0,5423,"[""diagonal-striped_necktie""]",False,True
653262,back_tattoo,0,3922,"[""back_tattoo""]",False,False
16335,spatula,0,3542,"[""spatula""]",False,False
1404865,brown_sailor_collar,0,3891,"[""brown_sailor_collar""]",False,True
518423,black_leggings,0,5428,"[""black_leggings""]",False,True
666929,light_trail,0,3917,"[""light_trail""]",False,False
564233,hand_on_hilt,0,3270,"[""hand_on_hilt""]",False,False
1161083,2018,0,3002,"[""2018""]",False,False
418007,o3o,0,3414,"[""o3o"", "".3.""]",False,False
664066,aqua_ribbon,0,4001,"[""aqua_ribbon""]",True,True
673694,large_tail,0,3763,"[""large_tail"", ""big_tail""]",True,True
1695986,tied_up_(nonsexual),0,3144,"[""tied_up_(nonsexual)"", ""tied_up"", ""tied""]",False,False
1581461,bread_slice,0,3780,"[""bread_slice"", ""slice_of_bread""]",False,False
467696,black_rose,0,3427,"[""black_rose"", ""black_rose_(flower)""]",False,False
697213,averting_eyes,0,6136,"[""averting_eyes""]",True,False
550621,head_back,0,3915,"[""head_back""]",False,False
433619,dreadlocks,0,3673,"[""dreadlocks"", ""hairlocs"", ""hair_loc"", ""hair_locs""]",True,False
87501,wire,0,3394,"[""wire"", ""wires""]",False,False
499060,ainu_clothes,0,3133,"[""ainu_clothes""]",False,True
1344665,yellow_vest,0,3863,"[""yellow_vest""]",False,True
539585,sleeping_upright,0,3299,"[""sleeping_upright""]",False,True
657424,candlestand,0,3857,"[""candlestand"", ""candlestick""]",False,False
455175,smiley_face,0,3340,"[""smiley_face""]",False,False
1416546,red_hoodie,0,4140,"[""red_hoodie""]",False,True
1052255,drawing_(object),0,3853,"[""drawing_(object)"", ""picture_(object)""]",False,False
481514,white_suit,0,4121,"[""white_suit""]",False,True
1260991,pink_pants,0,4456,"[""pink_pants""]",False,True
1331430,bandaid_on_arm,0,3990,"[""bandaid_on_arm"", ""bandaid_on_elbow""]",False,False
511515,grimace,0,3637,"[""grimace""]",False,False
396726,wreath,0,3221,"[""wreath""]",False,False
1268355,carrot_necklace,0,3132,"[""carrot_necklace""]",False,True
1253396,character_hair_ornament,0,3821,"[""character_hair_ornament""]",True,True
1370858,mechanical_horns,0,3630,"[""mechanical_horns""]",True,False
880368,humanoid_robot,0,5203,"[""humanoid_robot""]",False,True
2075856,pulling_another's_clothes,0,3351,"[""pulling_another's_clothes"", ""pulled_by_another""]",False,False
1374594,grey-framed_eyewear,0,3695,"[""grey-framed_eyewear"", ""silver-framed_eyewear""]",True,True
398742,pastry,0,3310,"[""pastry""]",False,False
1277599,ribbon-trimmed_skirt,0,3461,"[""ribbon-trimmed_skirt""]",False,True
683211,carrying_over_shoulder,0,3363,"[""carrying_over_shoulder""]",False,False
379432,lights,0,2854,"[""lights""]",False,False
663171,sun_symbol,0,3266,"[""sun_symbol"", ""sun_(symbol)""]",False,False
457376,milk_bottle,0,3418,"[""milk_bottle""]",False,False
1605926,see-through_legwear,0,3167,"[""see-through_legwear"", ""sheer_legwear""]",False,True
555933,sword_of_hisou,0,2934,"[""sword_of_hisou""]",False,False
1423058,facing_to_the_side,0,4851,"[""facing_to_the_side""]",False,False
712510,bare_hips,0,3586,"[""bare_hips""]",False,True
601821,nape,0,3362,"[""nape"", ""kubisuji""]",False,False
1673151,uneven_sleeves,0,3487,"[""uneven_sleeves""]",False,True
480812,steam_censor,0,3215,"[""steam_censor"", ""censor_steam"", ""convenient_bath_steam""]",False,False
478965,light_bulb,0,3603,"[""light_bulb"", ""lightbulb""]",False,False
560724,belly_chain,0,3994,"[""belly_chain"", ""waist_chain""]",False,True
909672,star_halo,0,3877,"[""star_halo""]",True,False
521350,color_guide,0,4755,"[""color_guide"", ""palette_(guide)"", ""color_palette""]",False,False
1606642,white_male_underwear,0,3269,"[""white_male_underwear"", ""white_underwear_(male)""]",False,True
3139,samurai,0,3194,"[""samurai""]",False,False
478424,striker_unit,0,2801,"[""striker_unit"", ""striker_units""]",False,False
377993,petting,0,4128,"[""petting""]",False,False
647581,look-alike,0,3145,"[""look-alike"", ""look_alike"", ""appearance_connection"", ""lookalike""]",False,False
1285391,turtleneck_dress,0,3925,"[""turtleneck_dress""]",False,True
646637,cocktail_glass,0,3479,"[""cocktail_glass"", ""martini_glass""]",True,False
1243347,mega_pokemon,0,4145,"[""mega_pokemon""]",False,False
514885,after_kiss,0,4155,"[""after_kiss""]",False,False
491230,horseback_riding,0,3508,"[""horseback_riding""]",False,False
453104,cameo,0,3029,"[""cameo""]",False,False
506895,ankle_cuffs,0,3281,"[""ankle_cuffs""]",False,True
1505132,russian_text,0,3238,"[""russian_text"", ""russian""]",False,False
835764,untied_panties,0,2987,"[""untied_panties""]",False,True
3993,mop,0,3357,"[""mop""]",False,False
1241321,striped_horns,0,3339,"[""striped_horns""]",True,False
623327,creator_connection,0,3359,"[""creator_connection"", ""artist_connection""]",False,False
666137,aqua_bikini,0,3614,"[""aqua_bikini""]",False,True
1328259,multiple_moles,0,6998,"[""multiple_moles""]",True,False
1476167,holding_handheld_game_console,0,4057,"[""holding_handheld_game_console""]",False,True
1665195,reference_inset,0,6087,"[""reference_inset""]",False,False
1397369,year_of_the_ox,0,2834,"[""year_of_the_ox""]",False,True
478305,striped_sleeves,0,3625,"[""striped_sleeves""]",False,True
1270535,curtained_hair,0,9601,"[""curtained_hair"", ""ribbon_bangs""]",True,False
403183,nail,0,0,"[""nail"", ""nails""]",False,False
427930,liquid,0,3259,"[""liquid""]",False,False
475076,cat_hat,0,3979,"[""cat_hat"", ""cathat""]",True,True
660754,aqua_shirt,0,5395,"[""aqua_shirt"", ""aqua_blouse""]",False,True
485269,clothes_hanger,0,3666,"[""clothes_hanger"", ""coat_hanger""]",False,False
514196,cat_print,0,3569,"[""cat_print""]",False,False
222208,eraser,0,3232,"[""eraser""]",False,False
1336227,red_bag,0,4188,"[""red_bag"", ""red_backpack""]",False,True
1853,tribadism,0,3328,"[""tribadism"", ""scissoring""]",False,False
839099,green_lips,0,3304,"[""green_lips"", ""green_lipstick""]",True,False
1538888,kitauji_high_school_uniform,0,3185,"[""kitauji_high_school_uniform""]",False,False
1410787,st._gloriana's_school_uniform,0,2887,"[""st._gloriana's_school_uniform""]",False,False
490692,shading_eyes,0,3258,"[""shading_eyes""]",False,False
1438860,black_sash,0,5017,"[""black_sash""]",False,True
1618015,slime_(creature),0,3638,"[""slime_(creature)""]",False,False
879036,false_smile,0,3546,"[""false_smile"", ""fake_smile""]",False,False
1356833,frilled_capelet,0,3637,"[""frilled_capelet""]",False,True
1231015,character_print,0,3759,"[""character_print""]",False,False
448198,shako_cap,0,3636,"[""shako_cap""]",True,True
16614,diadem,0,3193,"[""diadem""]",False,True
3054,curry,0,3173,"[""curry""]",False,False
1233843,impossible_bodysuit,0,3586,"[""impossible_bodysuit""]",False,True
416356,corpse,0,3570,"[""corpse""]",False,False
452530,ok_sign,0,3860,"[""ok_sign"", ""ok""]",False,False
555866,pillow_grab,0,3336,"[""pillow_grab""]",False,False
484182,nose_piercing,0,3699,"[""nose_piercing""]",False,False
1393295,orange_choker,0,2966,"[""orange_choker""]",False,True
10638,boxers,0,3216,"[""boxers"", ""boxer_shorts""]",False,True
461720,buzz_cut,0,3510,"[""buzz_cut""]",True,False
1426454,holding_clipboard,0,4063,"[""holding_clipboard""]",False,True
1360724,brown_cape,0,3739,"[""brown_cape""]",False,True
8279,church,0,3325,"[""church""]",False,False
374542,daisy,0,3766,"[""daisy"", ""aster_(flower)"", ""daisy_(flower)"", ""daisies""]",False,False
498627,short_sword,0,3108,"[""short_sword""]",False,False
1204400,playing_with_own_hair,0,3488,"[""playing_with_own_hair""]",False,False
1345684,holding_syringe,0,4004,"[""holding_syringe""]",False,True
514943,torn_shorts,0,3718,"[""torn_shorts"", ""ripped_shorts""]",False,True
1240596,mole_on_neck,0,6997,"[""mole_on_neck""]",False,True
475212,very_long_sleeves,0,3934,"[""very_long_sleeves""]",False,True
420749,turban,0,3250,"[""turban""]",False,True
551169,transparent_umbrella,0,3438,"[""transparent_umbrella""]",False,True
495002,skirt_around_one_leg,0,2871,"[""skirt_around_one_leg""]",False,True
644564,butterfly_print,0,3261,"[""butterfly_print""]",False,True
911862,mask_pull,0,5352,"[""mask_pull""]",False,True
631055,tree_shade,0,3246,"[""tree_shade""]",False,False
460050,sleep_molestation,0,3283,"[""sleep_molestation"", ""somnophilia""]",False,False
495234,inflatable_toy,0,3299,"[""inflatable_toy""]",False,False
655271,naked_jacket,0,3581,"[""naked_jacket"", ""naked_gakuran"", ""naked_track_jacket""]",False,True
530881,spilling,0,3276,"[""spilling""]",False,False
1835734,red_one-piece_swimsuit,0,3131,"[""red_one-piece_swimsuit"", ""red_swimsuit""]",False,True
643401,dragon_boy,0,5902,"[""dragon_boy""]",True,False
550560,oni_mask,0,3075,"[""oni_mask""]",False,True
417809,denim_skirt,0,3723,"[""denim_skirt"", ""jean_skirt""]",False,True
724196,thigh_pouch,0,4030,"[""thigh_pouch""]",False,False
10736,spandex,0,2897,"[""spandex""]",False,True
648389,spread_fingers,0,3332,"[""spread_fingers""]",False,False
854287,ribbed_legwear,0,2964,"[""ribbed_legwear""]",False,True
379744,counter,0,3379,"[""counter"", ""countertop""]",False,False
1305912,notched_lapels,0,8764,"[""notched_lapels""]",False,True
585851,bound_ankles,0,3582,"[""bound_ankles""]",False,False
433470,fanny_pack,0,3703,"[""fanny_pack""]",False,True
540105,fleeing,0,3284,"[""fleeing"", ""escaping"", ""escape"", ""running_away"", ""run_away""]",False,False
440361,lipstick_mark,0,4482,"[""lipstick_mark""]",False,False
1513962,tam_o'_shanter,0,2937,"[""tam_o'_shanter""]",False,True
632927,alternate_headwear,0,2839,"[""alternate_headwear"", ""alternative_hat"", ""alternate_hat"", ""/ahw"", ""alternative_headwear""]",True,False
556491,convenient_arm,0,2891,"[""convenient_arm""]",False,False
1281997,asymmetrical_horns,0,4491,"[""asymmetrical_horns""]",True,False
1418114,green_hoodie,0,3976,"[""green_hoodie""]",False,True
413782,d-pad,0,2748,"[""d-pad""]",False,False
695921,white_sash,0,3795,"[""white_sash""]",False,True
1161081,2016,0,2769,"[""2016""]",False,False
1412053,magatama_necklace,0,3272,"[""magatama_necklace""]",False,True
690509,purple_sky,0,3898,"[""purple_sky""]",False,False
1408089,star_choker,0,3338,"[""star_choker""]",False,True
667237,oversized_animal,0,3480,"[""oversized_animal"", ""giant_animal""]",False,True
1726780,egg_(food),0,3347,"[""egg_(food)""]",False,True
667586,single_pauldron,0,4733,"[""single_pauldron"", ""single_spaulder""]",False,True
1414514,purple_sailor_collar,0,3588,"[""purple_sailor_collar""]",False,True
10861,town,0,3381,"[""town""]",False,False
419919,diving_mask,0,2864,"[""diving_mask""]",False,True
519346,short_bangs,0,4660,"[""short_bangs""]",True,False
410599,crotchless_panties,0,3054,"[""crotchless_panties""]",False,True
379758,cave,0,3107,"[""cave"", ""caves""]",False,False
458230,strapless_bra,0,2777,"[""strapless_bra""]",False,True
1289190,vertical-striped_skirt,0,3165,"[""vertical-striped_skirt""]",False,True
1448374,reflective_water,0,4499,"[""reflective_water""]",False,False
479466,fine_art_parody,0,3201,"[""fine_art_parody""]",False,False
1608327,mixed-language_text,0,5139,"[""mixed-language_text""]",False,False
1494963,orange-tinted_eyewear,0,4214,"[""orange-tinted_eyewear""]",True,True
546937,cracked_skin,0,3997,"[""cracked_skin""]",True,False
8371,hamster,0,3241,"[""hamster""]",False,False
539390,insignia,0,3249,"[""insignia"", ""military_insignia""]",False,False
711978,clothed_animal,0,4130,"[""clothed_animal""]",False,True
419890,rug,0,3487,"[""rug""]",False,False
399776,torch,0,3054,"[""torch""]",False,False
1614785,finger_to_own_chin,0,3560,"[""finger_to_own_chin"", ""finger_to_chin""]",False,False
381796,satchel,0,2958,"[""satchel""]",False,False
439517,nose_bubble,0,3359,"[""nose_bubble"", ""snot_bubble""]",False,False
374503,strawberry_shortcake,0,3414,"[""strawberry_shortcake""]",False,False
1670355,furry_with_furry,0,3640,"[""furry_with_furry""]",False,False
376636,confused,0,3786,"[""confused""]",False,False
488880,fourth_wall,0,3063,"[""fourth_wall"", ""4th_wall""]",False,False
1174935,hand_on_own_leg,0,3848,"[""hand_on_own_leg""]",False,False
4381,ufo,0,3031,"[""ufo""]",False,False
631042,pool_ladder,0,3042,"[""pool_ladder""]",False,False
442051,dust,0,3168,"[""dust""]",False,False
669534,clothes_down,0,3122,"[""clothes_down"", ""clothing_down""]",False,True
2909,cyclops,0,2893,"[""cyclops""]",False,False
1373028,yellow-framed_eyewear,0,4271,"[""yellow-framed_eyewear"", ""gold-framed_eyewear"", ""yellow-framed_glasses""]",True,True
5058,surfboard,0,3227,"[""surfboard""]",False,False
429442,patch,0,3380,"[""patch"", ""patches""]",False,False
1793517,legwear_garter,0,3522,"[""legwear_garter"", ""thighhigh_garter"", ""sock_garters""]",False,True
389909,potato_chips,0,3239,"[""potato_chips"", ""potato_chip""]",False,False
498823,burning,0,3435,"[""burning"", ""on_fire""]",False,False
1391834,feather-trimmed_sleeves,0,2880,"[""feather-trimmed_sleeves""]",False,True
1916192,traditional_nun,0,3033,"[""traditional_nun""]",False,True
561087,covering_nipples,0,2992,"[""covering_nipples""]",False,False
403072,rocket_launcher,0,3039,"[""rocket_launcher"", ""recoilless_rifle"", ""missile_launcher""]",False,False
1409556,ooarai_military_uniform,0,2711,"[""ooarai_military_uniform""]",False,False
385780,high_contrast,0,3293,"[""high_contrast""]",False,False
384086,jet,0,680,"[""jet""]",False,False
435180,bad_hands,0,2909,"[""bad_hands""]",False,False
519892,naked_coat,0,2971,"[""naked_coat"", ""naked_fur_coat"", ""nude_coat""]",False,True
1513986,creature_and_personification,0,3291,"[""creature_and_personification""]",False,False
377200,balcony,0,3359,"[""balcony""]",False,False
442279,vial,0,3050,"[""vial"", ""vials""]",False,False
562075,plaid_bikini,0,3037,"[""plaid_bikini"", ""plaid_bikini_bottom"", ""plaid_bikini_top""]",False,True
434965,studded_belt,0,3430,"[""studded_belt"", ""stud_belt"", ""studbelt""]",False,True
876848,bandage_on_face,0,3401,"[""bandage_on_face""]",True,False
541927,manga_(object),0,2980,"[""manga_(object)"", ""doujinshi_(object)"", ""doujin_(object)""]",False,False
402726,spanked,0,3963,"[""spanked"", ""red_butt""]",False,False
1739,shrimp,0,3557,"[""shrimp"", ""prawn""]",False,False
470701,cube,0,3242,"[""cube"", ""cubes""]",False,False
635465,twitching,0,4352,"[""twitching""]",False,False
674367,starry_sky_print,0,3434,"[""starry_sky_print""]",False,True
701781,calendar_(medium),0,2715,"[""calendar_(medium)""]",False,False
1793464,cheating_(relationship),0,3445,"[""cheating_(relationship)"", ""cheating""]",False,False
502382,hyur,0,3060,"[""hyur""]",False,False
398959,trick_or_treat,0,2989,"[""trick_or_treat""]",False,False
416493,red_sky,0,3330,"[""red_sky""]",False,False
541224,heart_hands_duo,0,3557,"[""heart_hands_duo""]",False,False
410605,shared_scarf,0,2905,"[""shared_scarf"", ""scarf_sharing""]",False,True
1609998,after_ejaculation,0,3504,"[""after_ejaculation""]",False,False
425236,pulling,0,2960,"[""pulling""]",False,False
1557673,pendant_choker,0,4012,"[""pendant_choker""]",False,True
1161082,2017,0,2705,"[""2017""]",False,False
1343849,fellatio_gesture,0,3536,"[""fellatio_gesture"", ""blowjob_gesture""]",False,False
536151,snake_tail,0,3476,"[""snake_tail""]",True,False
635980,impossible_leotard,0,2844,"[""impossible_leotard""]",False,True
641695,aerial_fireworks,0,4246,"[""aerial_fireworks""]",False,False
5494,harem,0,3197,"[""harem""]",False,False
1268086,pink_bag,0,4204,"[""pink_bag"", ""pink_handbag"", ""pink_backpack""]",False,False
77315,worried,0,3795,"[""worried"", ""concerned""]",False,False
447322,korean_clothes,0,3323,"[""korean_clothes""]",False,True
423171,prayer_beads,0,2873,"[""prayer_beads""]",False,False
1598810,nontraditional_playboy_bunny,0,4175,"[""nontraditional_playboy_bunny""]",False,True
612699,dirty_clothes,0,3446,"[""dirty_clothes""]",False,False
493037,drawer,0,3060,"[""drawer"", ""drawers""]",False,False
453756,;3,0,3292,"["";3""]",False,False
670532,holding_pencil,0,3536,"[""holding_pencil""]",False,True
542457,2015,0,2645,"[""2015""]",False,False
1787327,shuuchiin_academy_school_uniform,0,2688,"[""shuuchiin_academy_school_uniform"", ""shuuchiin_academy_uniform""]",False,True
421313,product_placement,0,2963,"[""product_placement"", ""brand_name""]",False,False
461237,skewer,0,3411,"[""skewer""]",False,False
576093,hands_on_lap,0,3322,"[""hands_on_lap"", ""hands_in_lap""]",False,False
551641,thigh_ribbon,0,3118,"[""thigh_ribbon"", ""thigh_lace-up""]",True,True
1276335,fur-trimmed_legwear,0,2815,"[""fur-trimmed_legwear""]",False,True
1227460,hands_on_another's_head,0,3399,"[""hands_on_another's_head""]",False,False
6267,whale,0,3013,"[""whale""]",False,False
526532,oversized_shirt,0,3741,"[""oversized_shirt""]",False,True
528616,drone,0,3283,"[""drone""]",False,False
492858,lemon_slice,0,3605,"[""lemon_slice""]",False,False
1342607,holding_lantern,0,4031,"[""holding_lantern""]",False,True
511657,alternate_form,0,4427,"[""alternate_form"", ""alternative_form""]",False,False
2281,festival,0,2893,"[""festival""]",False,False
521722,nengajou,0,2890,"[""nengajou""]",False,False
1574672,two-sided_cape,0,5288,"[""two-sided_cape""]",False,True
1098217,drawing_tablet,0,2994,"[""drawing_tablet""]",False,False
1332003,champagne_flute,0,3422,"[""champagne_flute""]",False,False
1577661,dynamax_band,0,2814,"[""dynamax_band""]",False,False
383903,vending_machine,0,3234,"[""vending_machine""]",False,False
1442709,fewer_digits,0,3696,"[""fewer_digits"", ""3finger_hand""]",False,False
453886,cosmetics,0,4261,"[""cosmetics""]",False,False
394155,instrument_case,0,3580,"[""instrument_case""]",False,False
547292,reflective_floor,0,3486,"[""reflective_floor""]",False,False
480182,keyboard_(instrument),0,3071,"[""keyboard_(instrument)"", ""electric_keyboard""]",False,False
645001,assault_visor,0,5757,"[""assault_visor""]",False,True
381727,open_skirt,0,2811,"[""open_skirt""]",False,True
401614,tennis_uniform,0,2788,"[""tennis_uniform""]",False,False
1372686,shark_hood,0,2897,"[""shark_hood""]",False,True
454425,juice_box,0,3152,"[""juice_box"", ""juicebox""]",False,False
423438,racket,0,2870,"[""racket""]",False,False
287085,boxing_gloves,0,3089,"[""boxing_gloves"", ""boxing_glove""]",False,True
1262479,plaid_bowtie,0,4002,"[""plaid_bowtie""]",False,True
661899,glowing_sword,0,3125,"[""glowing_sword""]",False,True
6327,afro,0,3232,"[""afro""]",True,False
1362227,holding_stick,0,3350,"[""holding_stick""]",False,True
1317604,panty_straps,0,4039,"[""panty_straps""]",False,True
1570687,starter_pokemon_trio,0,2824,"[""starter_pokemon_trio""]",False,False
1964758,fake_phone_screenshot,0,3156,"[""fake_phone_screenshot"", ""phone_screen"", ""lock_screen""]",False,False
1373024,white-framed_eyewear,0,4078,"[""white-framed_eyewear"", ""white-framed_glasses""]",True,True
5983,briefs,0,2955,"[""briefs""]",False,True
1392029,multicolored_bodysuit,0,3298,"[""multicolored_bodysuit""]",False,True
455722,curtain_grab,0,2752,"[""curtain_grab""]",False,False
428250,plectrum,0,3402,"[""plectrum"", ""guitar_pick""]",False,False
494944,flexing,0,3398,"[""flexing"", ""flex""]",False,False
118742,team_rocket,0,3069,"[""team_rocket""]",False,False
498946,turnaround,0,3526,"[""turnaround""]",False,True
1330230,black_wristband,0,0,"[""black_wristband""]",False,True
8721,breast_bondage,0,2799,"[""breast_bondage""]",False,False
405548,tail_bell,0,2865,"[""tail_bell"", ""tail_bells"", ""tailbells"", ""tailbell""]",False,False
539771,incoming_gift,0,2810,"[""incoming_gift""]",False,False
1691759,censored_nipples,0,3092,"[""censored_nipples"", ""nipple_censor""]",False,False
8235,shuriken,0,2998,"[""shuriken"", ""ninja_star"", ""throwing_stars""]",False,False
1447450,d-pad_hair_ornament,0,2549,"[""d-pad_hair_ornament""]",True,True
565089,caustics,0,2999,"[""caustics"", ""caustic_lighting""]",False,False
378768,dreaming,0,2975,"[""dreaming"", ""dream""]",False,False
381083,sketchbook,0,2952,"[""sketchbook"", ""sketchpad""]",False,False
506562,tri_tails,0,2612,"[""tri_tails"", ""triple-tails""]",True,False
1912119,champion's_tunic_(zelda),0,2829,"[""champion's_tunic_(zelda)""]",False,True
396962,sweatband,0,2849,"[""sweatband"", ""sweat_band"", ""sweat_bands"", ""sweatbands""]",False,True
543193,spread_wings,0,2928,"[""spread_wings""]",True,False
1113198,latex_bodysuit,0,3631,"[""latex_bodysuit""]",False,True
1314744,yellow_choker,0,2950,"[""yellow_choker""]",False,True
488259,skull_mask,0,2891,"[""skull_mask""]",False,True
468635,coral,0,3072,"[""coral"", ""corals""]",False,False
1409793,grey_kimono,0,3745,"[""grey_kimono""]",False,True
564526,vertical-striped_pantyhose,0,2978,"[""vertical-striped_pantyhose""]",False,True
379983,under_table,0,3082,"[""under_table"", ""under_the_table"", ""under_desk""]",False,False
1999097,little_busters!_school_uniform,0,2803,"[""little_busters!_school_uniform""]",False,True
1769934,finger_in_own_mouth,0,2947,"[""finger_in_own_mouth"", ""finger_in_mouth"", ""fingers_inside_mouth"", ""finger_inside_mouth"", ""fingers_in_mouth""]",False,False
379794,cafe,0,3093,"[""cafe"", ""coffee_shop""]",False,False
148824,dove,0,3455,"[""dove"", ""white_dove"", ""doves""]",False,False
413859,footprints,0,3203,"[""footprints"", ""footprint""]",False,False
523897,fried_egg,0,3287,"[""fried_egg"", ""sunny_side_up_egg""]",False,False
513424,millipen_(medium),0,2464,"[""millipen_(medium)"", ""millipen""]",False,False
457115,when_you_see_it,0,2767,"[""when_you_see_it""]",False,False
481420,blood_stain,0,3007,"[""blood_stain"", ""bloodstains"", ""blood_stains""]",False,True
559145,school_hat,0,3071,"[""school_hat"", ""kindergarten_hat""]",True,True
12284,gown,0,3488,"[""gown""]",False,True
501554,sweater_around_waist,0,2832,"[""sweater_around_waist""]",False,True
1383226,ofuda_on_clothes,0,3141,"[""ofuda_on_clothes""]",False,False
1378575,monsterification,0,3445,"[""monsterification""]",False,False
1282702,wooden_bucket,0,2850,"[""wooden_bucket""]",False,False
466439,sparks,0,3031,"[""sparks"", ""spark""]",False,False
570969,red_armor,0,4130,"[""red_armor""]",False,True
617893,sleeping_on_person,0,3241,"[""sleeping_on_person"", ""sleeping_on_another""]",False,True
1274924,hand_on_another's_ass,0,3849,"[""hand_on_another's_ass""]",False,False
530877,lace_bra,0,3208,"[""lace_bra""]",False,True
1651209,fanbox_username,0,3255,"[""fanbox_username""]",False,False
670645,tactical_clothes,0,2861,"[""tactical_clothes"", ""tactical_clothing""]",False,True
1039733,licking_nipple,0,3065,"[""licking_nipple"", ""nipple_licking"", ""licking_nipples"", ""nipple_lick""]",False,False
465814,video_camera,0,2792,"[""video_camera""]",False,False
1439570,tall_female,0,3617,"[""tall_female""]",True,False
585,taiyaki,0,2879,"[""taiyaki""]",False,False
9534,trumpet,0,2898,"[""trumpet""]",False,False
5114,turtle,0,2940,"[""turtle""]",False,False
499,toast,0,3155,"[""toast""]",False,False
4510,crepe,0,2988,"[""crepe""]",False,False
478938,impossible_dress,0,2894,"[""impossible_dress""]",False,True
1353605,standing_on_liquid,0,2912,"[""standing_on_liquid"", ""standing_on_water""]",False,True
1452471,hikarizaka_private_high_school_uniform,0,2537,"[""hikarizaka_private_high_school_uniform""]",False,False
1269637,hands_on_headwear,0,2769,"[""hands_on_headwear"", ""hands_on_hat""]",False,True
466441,sweet_potato,0,2826,"[""sweet_potato"", ""yam"", ""yams""]",False,False
1435804,bisexual_female,0,3238,"[""bisexual_female"", ""bisexual_(female)"", ""bisexual""]",True,False
560134,u_u,0,4523,"[""u_u""]",False,True
430139,single_vertical_stripe,0,2860,"[""single_vertical_stripe""]",False,False
16150,keychain,0,0,"[""keychain""]",False,False
1281566,spiked_armlet,0,2728,"[""spiked_armlet""]",False,True
1346997,holding_whip,0,3013,"[""holding_whip""]",False,True
1837805,traditional_youkai,0,2198,"[""traditional_youkai"", ""youkai""]",False,False
1926062,millennium_cheerleader_outfit_(blue_archive),0,3000,"[""millennium_cheerleader_outfit_(blue_archive)""]",False,True
1617800,see-through_leotard,0,3288,"[""see-through_leotard"", ""sheer_leotard""]",False,True
1396796,green_neckerchief,0,3715,"[""green_neckerchief""]",False,True
469082,milk_carton,0,3214,"[""milk_carton""]",False,False
1791862,industrial_pipe,0,3122,"[""industrial_pipe"", ""water_pipe"", ""pipe_(plumbing)"", ""pipe_(industrial)"", ""pipes""]",False,False
533490,adjusting_gloves,0,3085,"[""adjusting_gloves""]",False,True
1610038,o-ring_thigh_strap,0,4277,"[""o-ring_thigh_strap""]",False,True
1743,baseball,0,3098,"[""baseball""]",False,False
2130,tanuki,0,2692,"[""tanuki""]",False,False
175633,comb,0,2941,"[""comb"", ""hair_comb""]",False,False
558703,cheek_pinching,0,3010,"[""cheek_pinching"", ""pinching_cheeks"", ""cheek_pinch"", ""pinching_cheek""]",False,False
699964,pocky_day,0,2882,"[""pocky_day"", ""pepero_day""]",False,False
548895,frilled_socks,0,4202,"[""frilled_socks""]",False,True
421443,spinning,0,3020,"[""spinning"", ""twirling"", ""spin""]",False,False
1333731,hands_on_own_thighs,0,3047,"[""hands_on_own_thighs""]",False,False
460720,wind_chime,0,2797,"[""wind_chime"", ""windchime""]",False,False
2022435,cone_horns,0,4013,"[""cone_horns""]",True,False
1240137,swim_briefs,0,2795,"[""swim_briefs"", ""swimming_briefs"", ""speedo""]",False,True
610198,leotard_pull,0,3106,"[""leotard_pull""]",False,True
1320208,grey_necktie,0,3424,"[""grey_necktie""]",False,True
380490,alarm_clock,0,2915,"[""alarm_clock""]",False,False
1552758,breast_curtain,0,2784,"[""breast_curtain"", ""breast_veil""]",False,False
460146,hitachi_magic_wand,0,3076,"[""hitachi_magic_wand"", ""wand_vibrator""]",False,False
1307551,holstered,0,3015,"[""holstered"", ""holstered_weapon""]",False,False
440406,buck_teeth,0,2951,"[""buck_teeth""]",False,False
390242,variations,0,2496,"[""variations""]",False,False
15222,alley,0,3156,"[""alley""]",False,False
478170,anti-materiel_rifle,0,2647,"[""anti-materiel_rifle"", ""anti-tank_rifle"", ""anti-material_rifle"", ""anti_materiel_rifle"", ""anti_material_rifle""]",False,False
819855,puffy_shorts,0,3265,"[""puffy_shorts""]",False,True
378083,barrel,0,2940,"[""barrel""]",False,False
1409106,head_on_pillow,0,4343,"[""head_on_pillow""]",False,False
1416333,cherry_blossom_print,0,3027,"[""cherry_blossom_print""]",False,True
414749,helm,0,3274,"[""helm""]",False,True
1402473,blue_sash,0,4167,"[""blue_sash""]",False,True
1574674,two-sided_jacket,0,5026,"[""two-sided_jacket""]",False,True
512488,crotch_plate,0,2871,"[""crotch_plate""]",False,False
1304010,pink_pupils,0,6834,"[""pink_pupils""]",True,False
664405,plaid_necktie,0,3692,"[""plaid_necktie""]",False,True
589583,kappougi,0,2624,"[""kappougi""]",False,True
408254,tripping,0,2838,"[""tripping"", ""tripped"", ""trip""]",False,False
613216,multicolored_legwear,0,2321,"[""multicolored_legwear"", ""multicolored_pantyhose"", ""multicolored_leggings"", ""multicolored_thighhighs"", ""multicolored_kneehighs"", ""multicolored_socks""]",False,True
1456557,hair_through_headwear,0,2747,"[""hair_through_headwear""]",True,False
1306104,orange_scarf,0,3238,"[""orange_scarf""]",False,True
1401971,backless_leotard,0,3483,"[""backless_leotard""]",False,True
600284,cheek_poking,0,2977,"[""cheek_poking"", ""poking_cheek"", ""poking_cheeks"", ""cheek_poke""]",False,False
14562,holly,0,2897,"[""holly""]",False,False
1296384,multicolored_gloves,0,2973,"[""multicolored_gloves""]",False,True
2060120,holding_swim_ring,0,3456,"[""holding_swim_ring"", ""holding_lifebuoy"", ""holding_innertube""]",False,True
577309,multiple_condoms,0,2793,"[""multiple_condoms""]",False,True
15412,refrigerator,0,2937,"[""refrigerator"", ""fridge""]",False,False
1506804,pearl_(gemstone),0,3045,"[""pearl_(gemstone)""]",False,False
566340,loose_clothes,0,2942,"[""loose_clothes""]",False,True
599839,horned_helmet,0,4586,"[""horned_helmet""]",False,True
639779,mechanical_tail,0,3658,"[""mechanical_tail""]",True,True
412950,rubble,0,2993,"[""rubble""]",False,False
516894,tokusatsu,0,3808,"[""tokusatsu"", ""sentai""]",False,False
403432,hooves,0,3302,"[""hooves"", ""hoof""]",False,False
423281,mini-hakkero,0,2558,"[""mini-hakkero"", ""mini_hakkero""]",False,False
435549,veranda,0,2565,"[""veranda"", ""engawa"", ""verandah""]",False,False
974780,stomach_cutout,0,4629,"[""stomach_cutout"", ""midriff_cutout""]",False,True
527651,naked_sheet,0,2614,"[""naked_sheet"", ""nude_sheet""]",False,True
450205,prehensile_hair,0,2690,"[""prehensile_hair""]",True,False
1514953,cropped_shoulders,0,4347,"[""cropped_shoulders""]",False,False
521422,skull_print,0,3063,"[""skull_print""]",False,True
10884,crotch_rub,0,2693,"[""crotch_rub""]",False,False
645771,seigaiha,0,2938,"[""seigaiha""]",False,False
5707,chaps,0,2712,"[""chaps""]",False,True
7827,whisk,0,2984,"[""whisk"", ""eggbeater""]",False,False
593715,bird_on_hand,0,3133,"[""bird_on_hand"", ""bird_on_finger"", ""bird_in_hand""]",False,True
683983,poke_ball_print,0,3017,"[""poke_ball_print""]",False,False
1606641,black_male_underwear,0,3025,"[""black_male_underwear"", ""black_underwear_(male)""]",False,True
476158,traffic_light,0,2870,"[""traffic_light"", ""traffic_signal"", ""stoplight"", ""traffic_lights""]",False,False
391066,roller_skates,0,3138,"[""roller_skates""]",False,False
1499389,patchwork_skin,0,3009,"[""patchwork_skin""]",True,False
546293,happy_tears,0,2997,"[""happy_tears""]",False,True
381921,energy_ball,0,2855,"[""energy_ball""]",False,False
1345660,leaning_on_object,0,3011,"[""leaning_on_object""]",False,False
3946,faucet,0,2865,"[""faucet""]",False,False
478617,stripper_pole,0,3349,"[""stripper_pole""]",False,False
992674,emoji,0,3595,"[""emoji""]",False,False
638777,ritual_baton,0,2414,"[""ritual_baton""]",False,False
1320347,octarian,0,0,"[""octarian""]",False,False
1781330,nijigasaki_academy_school_uniform,0,0,"[""nijigasaki_academy_school_uniform""]",False,False
459931,prostitution,0,2811,"[""prostitution"", ""prostitute""]",False,False
380358,setsubun,0,2584,"[""setsubun""]",False,False
608539,column_lineup,0,2683,"[""column_lineup""]",False,False
650139,clothed_female_nude_female,0,3228,"[""clothed_female_nude_female"", ""nude_female_clothed_female"", ""/cfnf"", ""clothed_female_naked_female"", ""cfnf""]",False,True
2560,wrestling,0,2661,"[""wrestling""]",False,False
408365,tape_gag,0,3002,"[""tape_gag"", ""tapegag"", ""tape_gagged""]",False,False
1411023,st._gloriana's_military_uniform,0,2492,"[""st._gloriana's_military_uniform""]",False,False
1378645,constellation_print,0,2981,"[""constellation_print""]",False,True
472861,ovum,0,2937,"[""ovum""]",False,False
378821,watering_can,0,2861,"[""watering_can"", ""watering_pail"", ""watering_pot""]",False,False
440374,leg_belt,0,2893,"[""leg_belt""]",False,True
1317359,floating_clothes,0,6178,"[""floating_clothes"", ""blowing_clothes""]",False,False
1394090,see-through_skirt,0,3736,"[""see-through_skirt"", ""transparent_skirt""]",False,True
1454154,black_pubic_hair,0,3456,"[""black_pubic_hair""]",False,False
422427,sports_bikini,0,2583,"[""sports_bikini""]",False,True
1826631,tracen_training_uniform,0,4243,"[""tracen_training_uniform""]",False,False
419280,between_thighs,0,2614,"[""between_thighs""]",False,False
991822,blue_eyeshadow,0,3362,"[""blue_eyeshadow""]",True,True
642312,handsfree_ejaculation,0,2723,"[""handsfree_ejaculation"", ""untouched_ejaculation""]",False,True
548540,puckered_anus,0,2717,"[""puckered_anus"", ""puffy_anus""]",False,False
1242767,star_necklace,0,2971,"[""star_necklace""]",False,True
1353409,fine_fabric_emphasis,0,2962,"[""fine_fabric_emphasis""]",False,True
470025,open_pants,0,2732,"[""open_pants""]",False,True
586859,beckoning,0,2860,"[""beckoning"", ""beckon""]",False,False
1339894,fishnet_top,0,3246,"[""fishnet_top"", ""fishnet_shirt""]",False,True
549321,cum_on_penis,0,3493,"[""cum_on_penis""]",False,False
667138,hikimayu,0,3121,"[""hikimayu""]",False,False
1543640,inverted_bob,0,5310,"[""inverted_bob""]",False,False
512237,identity_censor,0,0,"[""identity_censor""]",False,False
1478253,drop_earrings,0,0,"[""drop_earrings""]",True,True
483095,birthmark,0,2436,"[""birthmark""]",False,False
380154,squirrel,0,2929,"[""squirrel""]",False,False
638540,multicolored_bikini,0,7189,"[""multicolored_bikini""]",False,True
1308909,barcode_tattoo,0,3015,"[""barcode_tattoo""]",False,True
1636694,sleeve_garter,0,3041,"[""sleeve_garter""]",False,True
585203,veiny_breasts,0,3126,"[""veiny_breasts""]",True,False
1768621,heart_o-ring,0,3666,"[""heart_o-ring"", ""heart_ring""]",False,True
1323958,pink_vest,0,3126,"[""pink_vest""]",False,True
1440529,two-tone_ribbon,0,2848,"[""two-tone_ribbon""]",True,True
1088997,bear_hair_ornament,0,3162,"[""bear_hair_ornament""]",True,True
1455250,chest_strap,0,3812,"[""chest_strap""]",False,True
1675931,kalashnikov_rifle,0,2761,"[""kalashnikov_rifle"", ""kalashinkov_rifle""]",False,False
1401067,face_to_breasts,0,2731,"[""face_to_breasts""]",False,False
1257581,bowl_hat,0,2365,"[""bowl_hat""]",True,True
2834,69,0,2645,"[""69""]",False,False
14637,tight_shirt,0,2844,"[""tight_shirt""]",False,True
1321158,brown_necktie,0,3383,"[""brown_necktie""]",False,True
399999,whipped_cream,0,3318,"[""whipped_cream""]",False,False
585021,spoken_sweatdrop,0,2823,"[""spoken_sweatdrop""]",False,False
1637,failure,0,2598,"[""failure"", ""fail""]",False,False
1434344,pencil_dress,0,2856,"[""pencil_dress""]",False,True
43623,scepter,0,2749,"[""scepter"", ""sceptre""]",False,False
495020,crazy_smile,0,3209,"[""crazy_smile""]",False,False
1496652,gold_hairband,0,2833,"[""gold_hairband""]",True,True
494375,shared_umbrella,0,2506,"[""shared_umbrella"", ""sharing_umbrella""]",False,True
843166,yellow_hoodie,0,3495,"[""yellow_hoodie""]",False,True
414746,spider_girl,0,2524,"[""spider_girl""]",True,False
706581,condom_packet_strip,0,2581,"[""condom_packet_strip""]",False,True
1641903,eye_focus,0,2917,"[""eye_focus"", ""eyes_focus""]",False,False
540139,different_reflection,0,3238,"[""different_reflection""]",False,False
1484368,white_bag,0,3964,"[""white_bag"", ""white_backpack""]",False,True
1495030,red-tinted_eyewear,0,4438,"[""red-tinted_eyewear""]",True,True
1329387,deviantart_username,0,3096,"[""deviantart_username""]",False,False
1504868,eyebrow_cut,0,3505,"[""eyebrow_cut"", ""scar_through_eyebrow""]",True,False
1613886,animal_ear_headwear,0,4262,"[""animal_ear_headwear""]",True,True
1452744,collared_coat,0,5497,"[""collared_coat""]",False,True
605455,volleyball_uniform,0,2718,"[""volleyball_uniform""]",False,False
396859,budget_sarashi,0,2403,"[""budget_sarashi""]",False,True
565996,goat_ears,0,3146,"[""goat_ears""]",True,False
1411065,anzio_school_uniform,0,2365,"[""anzio_school_uniform""]",False,False
1464685,collared_cape,0,3255,"[""collared_cape""]",False,True
413866,breasts_on_glass,0,2963,"[""breasts_on_glass"", ""breasts_against_glass""]",False,False
714422,sports_car,0,2953,"[""sports_car"", ""supercar""]",False,False
11395,swing,0,2920,"[""swing"", ""swings""]",False,False
1314693,grey_scarf,0,3110,"[""grey_scarf""]",False,True
462556,cuddling,0,3370,"[""cuddling"", ""snuggle"", ""cuddle""]",False,False
1344701,grey_border,0,3537,"[""grey_border"", ""gray_border""]",False,True
1853211,single_hair_ring,0,4448,"[""single_hair_ring""]",True,False
390436,birdcage,0,2922,"[""birdcage"", ""bird_cage""]",False,False
473417,yellow_thighhighs,0,3917,"[""yellow_thighhighs""]",False,True
10415,railroad_tracks,0,2785,"[""railroad_tracks"", ""railway_tracks"", ""railroad"", ""train_tracks""]",False,False
10911,pond,0,2864,"[""pond""]",False,False
1274842,two-handed,0,3710,"[""two-handed"", ""two_handed""]",False,False
1286826,cloud_print,0,3000,"[""cloud_print""]",False,True
1492898,green_sleeves,0,4981,"[""green_sleeves""]",False,True
473239,yellow_bra,0,2669,"[""yellow_bra""]",False,True
657469,rainbow_order,0,2438,"[""rainbow_order""]",False,False
472623,hammer_and_sickle,0,2341,"[""hammer_and_sickle""]",False,False
228746,spider,0,2804,"[""spider""]",False,False
1369179,orange_fur,0,3573,"[""orange_fur""]",False,False
4864,lion,0,2712,"[""lion""]",False,False
594938,window_blinds,0,2810,"[""window_blinds"", ""blinds""]",False,False
416114,symmetry,0,2627,"[""symmetry"", ""symmetrical""]",False,False
478821,teasing,0,3005,"[""teasing"", ""tease""]",False,False
493288,chasing,0,2684,"[""chasing"", ""chase""]",False,False
389904,cabinet,0,2917,"[""cabinet""]",False,False
418677,gate,0,2557,"[""gate""]",False,False
657500,fish_hair_ornament,0,3378,"[""fish_hair_ornament""]",True,True
155336,poncho,0,2776,"[""poncho""]",False,True
716395,dixie_cup_hat,0,2409,"[""dixie_cup_hat""]",True,True
379311,chandelier,0,2906,"[""chandelier""]",False,False
445622,leopard_ears,0,2150,"[""leopard_ears""]",True,True
8781,bomb,0,2692,"[""bomb""]",False,False
7728,tankini,0,2303,"[""tankini""]",False,True
1770613,purple_gemstone,0,3956,"[""purple_gemstone"", ""amethyst_(gemstone)""]",False,False
1076157,futanari_masturbation,0,2675,"[""futanari_masturbation"", ""newhalf_masturbation""]",False,False
535055,warship,0,2547,"[""warship""]",False,False
610495,bondage_outfit,0,2801,"[""bondage_outfit""]",False,True
377843,cousins,0,3135,"[""cousins""]",False,False
1582504,scar_on_neck,0,3116,"[""scar_on_neck"", ""neck_scar""]",False,True
499937,lip_piercing,0,3157,"[""lip_piercing""]",False,False
711883,checkered_kimono,0,2564,"[""checkered_kimono"", ""checkered_yukata""]",False,True
1383063,clover_print,0,2426,"[""clover_print""]",False,True
633435,magical_musket,0,2262,"[""magical_musket""]",False,False
1468298,beamed_sixteenth_notes,0,2525,"[""beamed_sixteenth_notes"", ""beamed_semiquavers""]",False,False
470667,board_game,0,2709,"[""board_game""]",False,False
497917,thrusters,0,2985,"[""thrusters""]",False,False
421489,ushanka,0,2518,"[""ushanka""]",False,True
1824446,lycoris_uniform,0,2925,"[""lycoris_uniform""]",False,True
1509564,holding_game_controller,0,3605,"[""holding_game_controller""]",False,True
567592,untucked_shirt,0,3042,"[""untucked_shirt""]",False,True
1284171,after_paizuri,0,2608,"[""after_paizuri""]",False,False
473421,pink_socks,0,3981,"[""pink_socks"", ""pink_kneehighs""]",False,True
1378370,black_buruma,0,2833,"[""black_buruma""]",False,True
592444,mars_symbol,0,2732,"[""mars_symbol"", ""iron_sign"", ""iron_symbol"", ""male_symbol"", ""mars_sign"", ""male_sign""]",False,False
29555,office,0,2905,"[""office""]",False,False
721109,visible_air,0,2441,"[""visible_air""]",False,False
521377,winged_helmet,0,3094,"[""winged_helmet"", ""wing_helmet""]",False,True
679014,greatsword,0,3155,"[""greatsword""]",False,False
6389,tickling,0,2871,"[""tickling"", ""tickle""]",False,False
1307800,skull_earrings,0,2710,"[""skull_earrings"", ""skull_earring""]",True,True
415735,sideways,0,3066,"[""sideways""]",False,False
705551,pixiv_id,0,2731,"[""pixiv_id""]",False,False
8806,train_station,0,2621,"[""train_station""]",False,False
1399019,multicolored_fur,0,3426,"[""multicolored_fur""]",False,False
418420,stuck,0,3027,"[""stuck""]",False,False
2684,fishing,0,2590,"[""fishing""]",False,False
1333955,side-tie_leotard,0,2740,"[""side-tie_leotard""]",False,True
452130,neon_lights,0,2707,"[""neon_lights""]",False,False
397906,party_hat,0,3260,"[""party_hat"", ""birthday_hat"", ""party_hats""]",True,True
1475076,blue_horns,0,3395,"[""blue_horns""]",True,False
892083,green_apron,0,2931,"[""green_apron""]",False,True
453979,gusset,0,2335,"[""gusset""]",False,True
418987,park_bench,0,2715,"[""park_bench""]",False,False
663528,wooden_wall,0,2774,"[""wooden_wall""]",False,False
16006,union_jack,0,2402,"[""union_jack"", ""united_kingdom_flag"", ""uk_flag"", ""british_flag""]",False,False
433424,if_they_mated,0,2670,"[""if_they_mated"", ""fanchild""]",False,False
477329,brushing_hair,0,2783,"[""brushing_hair"", ""combing"", ""hair_brushing"", ""combing_hair"", ""hairbrushing""]",True,False
1379633,fff_threesome,0,2885,"[""fff_threesome""]",False,False
543247,eyebrow_piercing,0,3160,"[""eyebrow_piercing""]",False,False
490349,head_bump,0,2496,"[""head_bump"", ""bump"", ""headbump""]",False,False
1039289,gold_necklace,0,4429,"[""gold_necklace""]",False,True
1557024,mouth_veil,0,2967,"[""mouth_veil""]",False,True
590886,bird_legs,0,3140,"[""bird_legs""]",False,False
542055,polka_dot_dress,0,2788,"[""polka_dot_dress"", ""polka-dot_dress""]",False,True
5001,squid,0,2265,"[""squid""]",False,False
11353,twincest,0,2506,"[""twincest""]",False,False
485953,puffy_pants,0,2846,"[""puffy_pants""]",False,True
2232,tarot,0,2916,"[""tarot"", ""tarot_card"", ""tarot_cards"", ""tarot_(card)""]",False,False
1568979,plaid_headwear,0,1201,"[""plaid_headwear"", ""plaid_hat""]",True,True
603414,space_helmet,0,3218,"[""space_helmet"", ""astronaut_helmet""]",False,True
512928,white_tail,0,4009,"[""white_tail""]",True,False
15614,tube,0,2534,"[""tube"", ""tubes""]",False,False
4651,dominatrix,0,2492,"[""dominatrix""]",False,False
719573,doyagao,0,2579,"[""doyagao"", ""doya-gao""]",False,False
430228,pole_dancing,0,2662,"[""pole_dancing""]",False,False
1396461,brown_hairband,0,3175,"[""brown_hairband""]",True,True
1298471,blood_from_eyes,0,3075,"[""blood_from_eyes"", ""bloody_tears"", ""crying_blood"", ""blood_tears""]",True,True
644441,fiery_hair,0,3182,"[""fiery_hair"", ""flaming_hair"", ""fire_hair""]",True,False
1624910,sidepec,0,2684,"[""sidepec""]",False,True
548122,strawberry_print,0,2620,"[""strawberry_print""]",False,True
565136,projected_inset,0,2559,"[""projected_inset""]",False,False
461218,selfcest,0,2827,"[""selfcest""]",False,False
1349615,red_fur,0,3484,"[""red_fur""]",False,False
400313,beam_rifle,0,2872,"[""beam_rifle""]",False,False
412890,tissue,0,2442,"[""tissue"", ""tissues""]",False,False
617246,leather_belt,0,2670,"[""leather_belt""]",False,True
375862,butler,0,2877,"[""butler""]",False,False
382271,destruction,0,2533,"[""destruction""]",False,False
688139,implied_futanari,0,2630,"[""implied_futanari""]",False,False
1854324,green_halo,0,7235,"[""green_halo""]",True,False
408804,bad_proportions,0,2220,"[""bad_proportions""]",False,False
692799,choko_(cup),0,2632,"[""choko_(cup)"", ""sake_cup""]",False,True
3532,ink,0,2655,"[""ink""]",False,False
396795,menu,0,2685,"[""menu""]",False,False
1476489,pokemon_on_head,0,2569,"[""pokemon_on_head""]",False,False
492105,groin_tendon,0,2548,"[""groin_tendon""]",False,False
10293,marker,0,2635,"[""marker""]",False,False
628220,claw_ring,0,2713,"[""claw_ring"", ""finger_armor_ring""]",False,True
443220,you're_doing_it_wrong,0,2376,"[""you're_doing_it_wrong""]",False,False
473259,artificial_vagina,0,2507,"[""artificial_vagina"", ""pocket_pussy"", ""fleshlight"", ""onahole""]",False,False
377878,hairdressing,0,2582,"[""hairdressing"", ""hair_dressing""]",False,False
1721304,dyed_bangs,0,2536,"[""dyed_bangs""]",True,False
1298573,sanshoku_dango,0,2639,"[""sanshoku_dango"", ""tricolor_dango"", ""hanami_dango""]",False,True
16279,air_conditioner,0,2532,"[""air_conditioner"", ""a/c"", ""aircon""]",False,False
406767,super_robot,0,2659,"[""super_robot""]",False,True
534507,two-tone_eyes,0,8876,"[""two-tone_eyes""]",True,False
400296,gatling_gun,0,2469,"[""gatling_gun"", ""gatling""]",False,False
499376,wrinkled_skin,0,3089,"[""wrinkled_skin"", ""wrinkles""]",True,False
662800,fake_antlers,0,2961,"[""fake_antlers""]",False,False
699609,frilled_cuffs,0,2667,"[""frilled_cuffs""]",False,True
1901538,scissor_blade_(kill_la_kill),0,2225,"[""scissor_blade_(kill_la_kill)"", ""scissor_blade""]",False,False
1713028,two-tone_bowtie,0,2457,"[""two-tone_bowtie""]",False,True
385733,baseball_uniform,0,3454,"[""baseball_uniform""]",False,False
408976,bat_ears,0,3158,"[""bat_ears""]",True,False
180889,morning,0,2897,"[""morning""]",False,False
397626,guitar_case,0,2880,"[""guitar_case""]",False,False
673730,palm_leaf,0,2945,"[""palm_leaf""]",False,False
475729,through_clothes,0,2555,"[""through_clothes""]",False,False
1265860,pink_blood,0,2979,"[""pink_blood""]",False,True
1296314,single_gauntlet,0,3114,"[""single_gauntlet""]",False,True
4948,mimikaki,0,2529,"[""mimikaki"", ""japanese_ear_pick"", ""ear_cleaner""]",False,False
664546,taut_dress,0,2628,"[""taut_dress""]",False,True
1279653,holding_brush,0,2833,"[""holding_brush""]",False,True
1405888,harvin,0,2284,"[""harvin"", ""harbin""]",False,False
1515352,aqua_theme,0,2536,"[""aqua_theme""]",False,False
472,monkey,0,2550,"[""monkey""]",False,False
660019,color_connection,0,2628,"[""color_connection""]",False,False
406727,against_tree,0,2451,"[""against_tree""]",False,False
1768427,black_halo,0,6888,"[""black_halo""]",True,False
403478,suppressor,0,2601,"[""suppressor"", ""sound_suppressor"", ""silencer""]",False,False
708792,checkered_necktie,0,2795,"[""checkered_necktie""]",False,True
1400049,on_bench,0,4833,"[""on_bench""]",False,False
535613,upturned_eyes,0,3542,"[""upturned_eyes""]",True,False
1231742,three-dimensional_maneuver_gear,0,2166,"[""three-dimensional_maneuver_gear"", ""3dmg""]",False,False
544204,bowl_cut,0,2974,"[""bowl_cut""]",True,False
431012,tangzhuang,0,2792,"[""tangzhuang""]",False,True
1686527,jack-o'_challenge,0,2330,"[""jack-o'_challenge""]",False,False
700119,cropped_vest,0,3037,"[""cropped_vest""]",False,True
1796972,e.g.o_(project_moon),0,4741,"[""e.g.o_(project_moon)""]",False,False
399875,beach_chair,0,2752,"[""beach_chair""]",False,False
585543,pussy_juice_puddle,0,2496,"[""pussy_juice_puddle""]",False,False
394771,utility_belt,0,2706,"[""utility_belt""]",False,False
1179281,bear_girl,0,2693,"[""bear_girl""]",True,False
1023384,white_serafuku,0,2267,"[""white_serafuku""]",False,True
1419859,fur-trimmed_cloak,0,2858,"[""fur-trimmed_cloak""]",False,True
8309,straitjacket,0,1591,"[""straitjacket"", ""straight_jacket"", ""straightjacket""]",False,True
1613542,electrokinesis,0,2638,"[""electrokinesis"", ""electricity_manipulation""]",False,True
388868,m4_carbine,0,2445,"[""m4_carbine"", ""m4_sopmod_ii"", ""mk_18_carbine"", ""m4a1""]",False,False
622601,window_shade,0,0,"[""window_shade""]",False,False
1323483,fangs_out,0,2738,"[""fangs_out""]",False,False
539536,blue_headband,0,2945,"[""blue_headband""]",True,True
721724,gold_bracelet,0,4651,"[""gold_bracelet""]",False,True
379603,hair_brush,0,2619,"[""hair_brush"", ""hairbrush""]",False,False
726943,pink_coat,0,3108,"[""pink_coat""]",False,True
1470700,black_undershirt,0,4435,"[""black_undershirt""]",False,True
547081,incoming_attack,0,3203,"[""incoming_attack"", ""attacking_viewer""]",False,False
723472,stiletto_heels,0,2912,"[""stiletto_heels""]",False,True
403915,wheel,0,2501,"[""wheel"", ""wheels""]",False,False
1489808,poke_ball_symbol,0,2383,"[""poke_ball_symbol""]",False,False
1324692,pink_fur,0,3427,"[""pink_fur""]",False,False
465863,cum_on_legs,0,3688,"[""cum_on_legs"", ""cum_on_leg"", ""cum_on_thighs""]",False,True
1279772,yellow_wings,0,2690,"[""yellow_wings""]",True,False
825568,shortstack,0,2976,"[""shortstack"", ""short_stack""]",False,False
412179,polka_dot_bra,0,2220,"[""polka_dot_bra"", ""polka-dot_bra""]",False,True
1438305,holding_baseball_bat,0,4073,"[""holding_baseball_bat"", ""holding_bat_(baseball)""]",False,True
1441880,hand_on_eyewear,0,2839,"[""hand_on_eyewear"", ""hand_on_glasses""]",False,True
451262,notepad,0,2496,"[""notepad""]",False,False
379633,fertilization,0,2639,"[""fertilization""]",False,True
83990,tennis_racket,0,2363,"[""tennis_racket""]",False,False
486179,naked_cape,0,2253,"[""naked_cape"", ""nude_cape""]",False,True
473475,orange_thighhighs,0,3264,"[""orange_thighhighs""]",False,True
400230,akeome,0,2141,"[""akeome""]",False,False
614243,plaid_background,0,2576,"[""plaid_background"", ""/plaidbg""]",False,False
550124,sitting_in_tree,0,2442,"[""sitting_in_tree"", ""sitting_on_tree"", ""tree_sitting""]",False,False
712381,thigh_cutout,0,2750,"[""thigh_cutout""]",False,True
4313,pointer,0,2387,"[""pointer""]",False,False
508957,health_bar,0,2706,"[""health_bar"", ""hp_bar"", ""lifebar""]",False,False
544708,fish_girl,0,2573,"[""fish_girl""]",True,False
582361,head_between_breasts,0,2887,"[""head_between_breasts"", ""head_in_breasts""]",False,False
660778,knees_apart_feet_together,0,2892,"[""knees_apart_feet_together""]",False,False
549629,ankle_lace-up,0,2113,"[""ankle_lace-up"", ""ankle_lace_up""]",False,True
632853,fake_wings,0,3123,"[""fake_wings"", ""faux_wings""]",True,False
380828,open_bra,0,2517,"[""open_bra"", ""untied_bra"", ""unfastened_bra"", ""unhooked_bra""]",False,True
1258088,ribbon-trimmed_clothes,0,2141,"[""ribbon-trimmed_clothes""]",False,True
514889,polo_shirt,0,2606,"[""polo_shirt""]",False,True
1363208,blue_bag,0,3763,"[""blue_bag"", ""blue_backpack""]",False,False
7737,soap,0,2287,"[""soap""]",False,False
1405177,purple_belt,0,3486,"[""purple_belt""]",False,True
411198,leg_hold,0,2392,"[""leg_hold""]",False,False
683789,wooden_table,0,3066,"[""wooden_table""]",False,False
629486,used_tissue,0,2441,"[""used_tissue"", ""tissue_wad"", ""tissue_wads""]",False,False
538746,lipstick_tube,0,2813,"[""lipstick_tube"", ""red_lipstick_tube""]",False,False
2431,missile,0,2359,"[""missile""]",False,False
1648167,x-shaped_pupils,0,4374,"[""x-shaped_pupils""]",True,False
541092,tegaki,0,2069,"[""tegaki""]",False,False
406711,strap-on,0,2597,"[""strap-on"", ""strapon"", ""strap_on""]",False,False
486968,red_bandana,0,3371,"[""red_bandana""]",False,True
1274419,spoken_character,0,3369,"[""spoken_character"", ""spoken_person""]",False,False
15124,pain,0,2587,"[""pain"", ""ouch""]",False,False
714136,hand_on_another's_stomach,0,3064,"[""hand_on_another's_stomach""]",False,False
684567,looking_at_mirror,0,3275,"[""looking_at_mirror""]",False,False
1605421,halloween_bucket,0,2894,"[""halloween_bucket"", ""halloween_basket"", ""pumpkin_bucket"", ""pumpkin_basket""]",False,False
668887,shallow_water,0,2372,"[""shallow_water""]",False,False
495137,tulip,0,3318,"[""tulip"", ""tulips""]",False,False
524875,nail_art,0,2449,"[""nail_art""]",False,False
589659,in_bucket,0,2181,"[""in_bucket"", ""girl_in_bucket""]",False,False
188238,crossbow,0,2369,"[""crossbow""]",False,False
655903,fake_facial_hair,0,2677,"[""fake_facial_hair""]",True,False
1413210,blue_collar,0,3001,"[""blue_collar""]",False,True
622860,spring_(season),0,2633,"[""spring_(season)""]",False,False
464556,dolphin,0,2392,"[""dolphin"", ""dolphins""]",False,False
495132,autobot,0,2324,"[""autobot""]",False,False
4654,flustered,0,3628,"[""flustered""]",False,False
443879,gorget,0,3230,"[""gorget""]",False,False
1426521,white_veil,0,6001,"[""white_veil""]",False,True
516012,clothed_masturbation,0,2262,"[""clothed_masturbation""]",False,False
467618,belt_bra,0,2325,"[""belt_bra"", ""beltbra""]",False,True
1561753,yellow_armband,0,2478,"[""yellow_armband""]",False,True
555276,surprise_kiss,0,2501,"[""surprise_kiss""]",False,True
1267456,holding_leaf,0,2716,"[""holding_leaf""]",False,True
547320,excessive_cum,0,2670,"[""excessive_cum""]",False,False
396286,cockpit,0,2264,"[""cockpit""]",False,False
4144,mace,0,2433,"[""mace""]",False,False
500760,flower_ornament,0,2890,"[""flower_ornament""]",True,False
437999,full_nelson,0,2639,"[""full_nelson""]",False,False
621654,pale_color,0,2836,"[""pale_color"", ""pale_colors""]",False,False
549041,vocaloid_append,0,2036,"[""vocaloid_append""]",False,False
1551,drill,0,2264,"[""drill""]",False,False
1275036,german_clothes,0,2430,"[""german_clothes""]",False,True
415621,blueberry,0,2920,"[""blueberry"", ""blue_berry"", ""blueberries""]",False,False
638838,in_food,0,2304,"[""in_food"", ""girl_in_food""]",False,False
1397563,fur-trimmed_skirt,0,2785,"[""fur-trimmed_skirt""]",False,True
1445710,shoulder_boards,0,3094,"[""shoulder_boards""]",False,True
524796,age_progression,0,2814,"[""age_progression""]",False,False
593466,flame_print,0,2913,"[""flame_print"", ""fire_print""]",False,True
412925,cupless_bra,0,2386,"[""cupless_bra"", ""nippleless_bra"", ""breastless_bra""]",False,True
1533721,fish_(food),0,2737,"[""fish_(food)""]",False,False
600210,perineum,0,2683,"[""perineum"", ""taint""]",False,False
13185,spitting,0,2285,"[""spitting""]",False,False
412641,steering_wheel,0,3254,"[""steering_wheel""]",False,False
594785,blowing_kiss,0,3190,"[""blowing_kiss"", ""blown_kiss"", ""thrown_kiss"", ""air_kiss"", ""flying_kiss""]",False,False
528496,holding_shoes,0,2534,"[""holding_shoes"", ""shoes_on_hands""]",False,True
633053,hooded_sweater,0,2340,"[""hooded_sweater""]",False,True
607798,arm_wrap,0,2802,"[""arm_wrap"", ""arm_wraps""]",False,True
419998,:x,0,0,"["":x"", ""x_mouth""]",False,False
450823,x_x,0,2373,"[""x_x""]",False,False
1238376,multicolored_shirt,0,3081,"[""multicolored_shirt"", ""multicolored_blouse""]",False,True
572579,cooking_pot,0,3122,"[""cooking_pot"", ""pot_(cooking)""]",False,False
450208,chocolate_bar,0,2433,"[""chocolate_bar""]",False,False
478228,title,0,2905,"[""title""]",False,False
8989,viera,0,2588,"[""viera""]",False,False
534991,pillbox_hat,0,2530,"[""pillbox_hat""]",True,True
394047,circle_cut,0,2301,"[""circle_cut""]",True,False
544443,penis_out,0,2488,"[""penis_out"", ""penis_outside""]",False,False
526083,brown_socks,0,3593,"[""brown_socks"", ""brown_kneehighs""]",False,True
454517,unconscious,0,2555,"[""unconscious""]",False,False
487161,breasts_on_head,0,2352,"[""breasts_on_head"", ""headboob""]",False,False
1283900,single_fingerless_glove,0,3635,"[""single_fingerless_glove""]",False,True
542357,red_cross,0,2544,"[""red_cross""]",False,False
1490146,yellow_horns,0,3765,"[""yellow_horns""]",True,False
593552,plaid_pants,0,2825,"[""plaid_pants""]",False,True
11960,tanabata,0,2298,"[""tanabata""]",False,False
658254,holding_helmet,0,2879,"[""holding_helmet""]",False,True
376486,skyline,0,2629,"[""skyline"", ""city_skyline""]",False,False
574422,claw_(weapon),0,2891,"[""claw_(weapon)""]",False,False
1233871,circle_name,0,2366,"[""circle_name""]",False,False
507379,yellow_belt,0,3222,"[""yellow_belt""]",False,True
1414389,pink_sailor_collar,0,2685,"[""pink_sailor_collar""]",False,True
1806377,homurahara_academy_school_uniform,0,0,"[""homurahara_academy_school_uniform""]",False,False
380988,goblin,0,2741,"[""goblin""]",False,False
420546,spear_the_gungnir,0,2132,"[""spear_the_gungnir""]",False,False
480324,staff_(music),0,0,"[""staff_(music)"", ""musical_staff""]",False,False
400656,red_hood,0,2882,"[""red_hood""]",False,True
1469769,grey_sleeves,0,3321,"[""grey_sleeves""]",False,True
671484,stuffed_shark,0,2438,"[""stuffed_shark""]",False,False
444545,pocky_kiss,0,2286,"[""pocky_kiss"", ""pocky_game""]",False,True
669791,futa_with_futa,0,2402,"[""futa_with_futa"", ""futa_on_futa""]",False,False
1657712,veiny_arms,0,3401,"[""veiny_arms""]",False,False
1296346,stationary_restraints,0,2567,"[""stationary_restraints""]",False,False
473312,camellia,0,2617,"[""camellia"", ""camellia_(flower)""]",False,False
2006757,unworn_bikini_top,0,2234,"[""unworn_bikini_top"", ""bikini_top_removed""]",False,True
542882,against_railing,0,2894,"[""against_railing"", ""leaning_on_rail""]",False,False
643516,pyrokinesis,0,2991,"[""pyrokinesis"", ""pyromancy"", ""fire_manipulation"", ""fire_magic""]",False,False
501689,body_hair,0,2196,"[""body_hair""]",True,False
670994,chocolate_on_body,0,2298,"[""chocolate_on_body""]",False,False
469368,striped_gloves,0,2243,"[""striped_gloves""]",False,True
10562,truck,0,2469,"[""truck"", ""lorry""]",False,False
1518970,pectoral_grab,0,2421,"[""pectoral_grab""]",False,False
430449,spine,0,2416,"[""spine""]",False,False
504308,redesign,0,2743,"[""redesign""]",False,False
523847,omurice,0,2748,"[""omurice"", ""rice_omelet""]",False,False
1161092,2024,0,5217,"[""2024""]",False,False
671651,hair_ears,0,2837,"[""hair_ears""]",True,False
1410489,shower_(place),0,2793,"[""shower_(place)""]",False,False
709214,alternate_skin_color,0,3070,"[""alternate_skin_color""]",False,False
1361800,bow_earrings,0,2740,"[""bow_earrings""]",True,True
557675,no_wings,0,2223,"[""no_wings""]",True,False
1326818,fur-trimmed_kimono,0,2628,"[""fur-trimmed_kimono""]",False,True
723924,very_long_fingernails,0,2418,"[""very_long_fingernails""]",False,False
1339824,cropped_hoodie,0,2958,"[""cropped_hoodie""]",False,True
1365638,bandaid_on_hand,0,2648,"[""bandaid_on_hand"", ""bandaid_on_finger""]",False,True
1761435,onee-loli,0,3829,"[""onee-loli""]",False,False
476416,biker_clothes,0,2608,"[""biker_clothes""]",False,True
1637102,doughnut_hair_bun,0,0,"[""doughnut_hair_bun"", ""donut_hair_bun""]",True,False
423915,wooden_sword,0,2120,"[""wooden_sword""]",False,False
1782264,sticker_on_face,0,3162,"[""sticker_on_face"", ""sticker_on_cheek"", ""cheek_sticker"", ""cheek_ornament""]",False,False
585862,reach-around,0,2715,"[""reach-around"", ""handjob_from_behind"", ""reach_around"", ""reacharound""]",False,False
1372846,pink_pajamas,0,3177,"[""pink_pajamas""]",False,True
600401,wooden_fence,0,2587,"[""wooden_fence""]",False,False
610944,mixed_media,0,2963,"[""mixed_media""]",False,False
1373026,green-framed_eyewear,0,2347,"[""green-framed_eyewear"", ""green-framed_glasses""]",True,True
1293722,bandaged_neck,0,3756,"[""bandaged_neck""]",False,True
9781,pacifier,0,2469,"[""pacifier"", ""binky""]",False,False
472201,baguette,0,2845,"[""baguette"", ""french_bread""]",False,False
1342774,rabbit_house_uniform,0,2000,"[""rabbit_house_uniform""]",False,False
1926,chart,0,2159,"[""chart""]",False,False
1373018,striped_kimono,0,2419,"[""striped_kimono"", ""striped_yukata""]",False,True
1637843,crescent_facial_mark,0,2200,"[""crescent_facial_mark""]",False,True
659938,poker_chip,0,2708,"[""poker_chip"", ""chip_(poker)"", ""poker_chips""]",False,False
1265402,heart_balloon,0,3294,"[""heart_balloon"", ""heart-shaped_balloon""]",False,False
10399,x,0,2700,"[""x""]",False,False
16695,magnifying_glass,0,2568,"[""magnifying_glass"", ""magnifying_glasses""]",True,False
8775,mahjong,0,2251,"[""mahjong"", ""mahjongg""]",False,False
1402459,blue_cloak,0,2729,"[""blue_cloak""]",False,False
1501189,stitched_face,0,3110,"[""stitched_face""]",False,True
8918,inflation,0,2374,"[""inflation""]",False,False
545758,wisteria,0,2444,"[""wisteria""]",False,False
1457953,sparse_pubic_hair,0,3124,"[""sparse_pubic_hair""]",False,True
603830,on_person,0,2156,"[""on_person"", ""on_another""]",False,False
538158,shared_food,0,2049,"[""shared_food"", ""mouth-to-mouth_feeding"", ""mouth_to_mouth_feeding""]",False,False
760104,hand_on_another's_waist,0,4635,"[""hand_on_another's_waist""]",False,False
626479,orange_slice,0,2633,"[""orange_slice""]",False,False
1342945,behind_another,0,3239,"[""behind_another""]",False,False
442852,old_woman,0,2457,"[""old_woman""]",False,False
416448,yagasuri,0,2169,"[""yagasuri""]",False,False
415310,overgrown,0,2515,"[""overgrown""]",False,False
394997,sweatpants,0,2925,"[""sweatpants"", ""sweat_pants""]",False,True
602058,shoulder_strap,0,2813,"[""shoulder_strap""]",False,True
541729,rotational_symmetry,0,2369,"[""rotational_symmetry""]",False,False
399302,drying,0,2449,"[""drying"", ""toweling_off""]",False,False
550778,checkerboard_cookie,0,2262,"[""checkerboard_cookie""]",False,False
556841,sitting_on_stairs,0,2601,"[""sitting_on_stairs""]",False,True
1442004,eyewear_on_headwear,0,2626,"[""eyewear_on_headwear""]",True,True
476602,kusazuri,0,2223,"[""kusazuri""]",False,False
405026,large_insertion,0,2195,"[""large_insertion"", ""huge_insertion"", ""extreme_insertion""]",False,False
452157,hagoita,0,2166,"[""hagoita""]",False,False
1514129,sunburst_background,0,2260,"[""sunburst_background"", ""macedonian_flag""]",False,False
1696268,cowboy_western,0,2189,"[""cowboy_western"", ""western""]",False,True
1314748,pink_collar,0,2766,"[""pink_collar""]",False,True
1488134,brown_horns,0,5332,"[""brown_horns""]",True,False
501344,fallen_down,0,2313,"[""fallen_down"", ""fell_down""]",False,False
1684797,grabbing_another's_chin,0,2309,"[""grabbing_another's_chin"", ""chin_lift"", ""chin_hold"", ""chin_grab""]",False,True
387935,spirit,0,2328,"[""spirit""]",False,False
410111,bowing,0,2269,"[""bowing""]",False,False
488193,slap_mark,0,2728,"[""slap_mark"", ""spank_mark""]",False,False
612104,respirator,0,2639,"[""respirator""]",False,True
2006761,unworn_boots,0,2264,"[""unworn_boots"", ""boots_removed""]",False,True
1415469,torpedo_tubes,0,2167,"[""torpedo_tubes""]",False,False
465754,spanking,0,2519,"[""spanking""]",False,False
2812,ramune,0,2194,"[""ramune""]",False,False
612635,sidesaddle,0,2035,"[""sidesaddle""]",False,False
396872,ribbon_bondage,0,2358,"[""ribbon_bondage""]",False,True
1598686,male_playboy_bunny,0,2509,"[""male_playboy_bunny"", ""playboy_bunny_(male)"", ""bunny_suit_(male)"", ""bunnysuit_(male)""]",False,True
453719,plant_girl,0,2423,"[""plant_girl"", ""plantgirl""]",True,False
475794,column,0,2468,"[""column"", ""columns""]",False,False
1373313,excessive_pubic_hair,0,2595,"[""excessive_pubic_hair""]",False,True
1086828,bow_(music),0,2785,"[""bow_(music)"", ""bow_(instrument)"", ""violin_bow"", ""bow_(musical)""]",False,False
493565,timestamp,0,2634,"[""timestamp"", ""time_stamp""]",False,False
457418,fighter_jet,0,2310,"[""fighter_jet"", ""jet_fighter""]",False,False
537025,thigh_belt,0,5001,"[""thigh_belt""]",False,True
414700,buttjob,0,2291,"[""buttjob"", ""assjob"", ""shirikoki"", ""hotdogging""]",False,False
489995,bulletproof_vest,0,3804,"[""bulletproof_vest"", ""kevlar_vest""]",False,False
1515355,black_theme,0,2260,"[""black_theme""]",False,False
587202,shoelaces,0,2602,"[""shoelaces""]",False,True
701996,nipple_bar,0,4117,"[""nipple_bar""]",False,False
1452545,kibito_high_school_uniform,0,2054,"[""kibito_high_school_uniform""]",False,False
664350,tail_censor,0,2215,"[""tail_censor"", ""convenient_tail"", ""censor_tail""]",False,False
401422,screen,0,2542,"[""screen""]",False,False
1414657,purple_capelet,0,2902,"[""purple_capelet""]",False,True
1304063,yellow_bag,0,3124,"[""yellow_bag"", ""yellow_backpack""]",False,True
1373454,instagram_username,0,3432,"[""instagram_username""]",False,False
1467809,3others,0,2850,"[""3others""]",False,False
1602480,index_fingers_together,0,2682,"[""index_fingers_together""]",False,False
483333,pavement,0,2337,"[""pavement""]",False,False
1409636,furrification,0,2640,"[""furrification""]",False,False
695232,mismatched_pubic_hair,0,2730,"[""mismatched_pubic_hair""]",False,False
587990,bodice,0,2379,"[""bodice""]",False,True
2075818,nike_(company),0,2337,"[""nike_(company)"", ""nike""]",False,False
11754,neck,0,2459,"[""neck""]",False,False
1376893,pink_eyeshadow,0,3502,"[""pink_eyeshadow""]",True,True
628115,open_window,0,2402,"[""open_window""]",False,False
1678267,palette_(object),0,2335,"[""palette_(object)"", ""palette""]",False,False
688960,holding_pillow,0,2802,"[""holding_pillow""]",False,True
461401,treasure_chest,0,2411,"[""treasure_chest""]",False,False
459174,dress_tug,0,2194,"[""dress_tug""]",False,True
615369,blue_sclera,0,2554,"[""blue_sclera""]",False,False
11745,breast_smother,0,2119,"[""breast_smother""]",False,False
15578,eagle,0,2132,"[""eagle""]",False,False
624870,imminent_fellatio,0,2303,"[""imminent_fellatio""]",False,False
379164,messy,0,2105,"[""messy""]",False,False
661864,pink_belt,0,3434,"[""pink_belt""]",False,True
395436,reindeer_costume,0,2198,"[""reindeer_costume""]",False,True
1505167,simplified_chinese_text,0,2285,"[""simplified_chinese_text"", ""simplified_chinese""]",False,False
1258091,ribbon-trimmed_collar,0,2226,"[""ribbon-trimmed_collar""]",False,True
418781,pet_play,0,2545,"[""pet_play"", ""petboy""]",False,False
581056,multiple_braids,0,2794,"[""multiple_braids""]",True,False
695246,hakama_pants,0,2790,"[""hakama_pants""]",False,True
482956,caution_tape,0,2397,"[""caution_tape"", ""warning_tape"", ""police_tape""]",False,False
607070,caressing_testicles,0,2279,"[""caressing_testicles"", ""fondling_testicles"", ""ball_caress""]",False,False
1375732,snap-fit_buckle,0,2331,"[""snap-fit_buckle"", ""side_release_buckle"", ""quick_release_buckle""]",False,True
549281,in_the_face,0,2162,"[""in_the_face""]",False,False
14860,chef,0,2241,"[""chef"", ""chef_uniform""]",False,False
1262922,head_on_another's_shoulder,0,3047,"[""head_on_another's_shoulder"", ""head_on_shoulder""]",False,False
1835746,pink_one-piece_swimsuit,0,2034,"[""pink_one-piece_swimsuit"", ""pink_swimsuit""]",False,True
531186,gold_armor,0,2955,"[""gold_armor""]",False,True
629555,desk_lamp,0,2498,"[""desk_lamp""]",False,False
1307726,magatama_earrings,0,1987,"[""magatama_earrings"", ""magatama_earring""]",True,True
399246,stadium,0,2253,"[""stadium""]",False,False
663896,hand_on_another's_neck,0,3428,"[""hand_on_another's_neck""]",False,False
1349162,holding_balloon,0,2770,"[""holding_balloon""]",False,True
1373027,brown-framed_eyewear,0,2587,"[""brown-framed_eyewear"", ""brown-framed_glasses""]",True,True
1464853,blue-tinted_eyewear,0,2908,"[""blue-tinted_eyewear""]",True,True
442232,scarlet_devil_mansion,0,1995,"[""scarlet_devil_mansion""]",False,False
1328688,moon_(ornament),0,2068,"[""moon_(ornament)""]",False,False
1924272,buttoned_cuffs,0,2802,"[""buttoned_cuffs""]",False,True
12083,graveyard,0,2178,"[""graveyard"", ""cemetery""]",False,False
508969,cow_boy,0,2187,"[""cow_boy""]",True,True
392935,tree_stump,0,2264,"[""tree_stump""]",False,False
507655,freediving,0,1926,"[""freediving""]",False,False
444634,torn,0,2095,"[""torn""]",False,False
406104,psychic,0,2187,"[""psychic"", ""esper""]",False,False
412357,lounge_chair,0,2035,"[""lounge_chair"", ""sun_lounger""]",False,False
3489,dinosaur,0,2567,"[""dinosaur""]",False,False
1374895,spiked_tail,0,2248,"[""spiked_tail""]",True,False
1185237,hair_in_own_mouth,0,2183,"[""hair_in_own_mouth"", ""hair_in_mouth""]",False,False
545201,micro_panties,0,2220,"[""micro_panties""]",False,True
1672391,viewer_holding_leash,0,2311,"[""viewer_holding_leash"", ""pov_leash""]",False,True
1223536,banknote,0,2706,"[""banknote"", ""paper_money""]",False,False
520939,wiping_tears,0,2329,"[""wiping_tears""]",False,True
723185,stone_floor,0,2371,"[""stone_floor""]",False,False
393579,mechanical_pencil,0,2215,"[""mechanical_pencil""]",False,False
380,priest,0,2319,"[""priest""]",False,True
671725,purple_eyeshadow,0,3060,"[""purple_eyeshadow""]",True,True
1326209,yellow_sash,0,3312,"[""yellow_sash""]",False,True
995808,penis_size_difference,0,2333,"[""penis_size_difference""]",False,False
427833,palms,0,2439,"[""palms""]",False,False
585009,sword_over_shoulder,0,2267,"[""sword_over_shoulder""]",False,False
476495,dowsing_rod,0,1942,"[""dowsing_rod"", ""dowsing_rods""]",False,False
389416,impaled,0,2428,"[""impaled""]",False,False
376147,hanging,0,2194,"[""hanging""]",False,False
9587,love_letter,0,2253,"[""love_letter"", ""loveletter""]",False,False
362945,garden,0,2213,"[""garden""]",False,False
1791857,painting_(action),0,2205,"[""painting_(action)"", ""painting""]",False,False
16135,cotton_candy,0,2251,"[""cotton_candy"", ""fairy_floss"", ""candy_floss""]",False,False
705858,partially_underwater_shot,0,2226,"[""partially_underwater_shot""]",False,False
1367101,holding_scissors,0,2893,"[""holding_scissors""]",False,True
162717,triforce,0,2406,"[""triforce""]",False,False
665766,carrying_under_arm,0,2285,"[""carrying_under_arm""]",False,False
1288040,incoming_food,0,2413,"[""incoming_food"", ""feeding_viewer""]",False,False
444567,tail_wrap,0,2670,"[""tail_wrap"", ""hugging_with_tail""]",False,False
1399177,brown_cloak,0,2555,"[""brown_cloak""]",False,False
903375,flip_phone,0,2625,"[""flip_phone""]",False,True
414232,cum_on_hands,0,2408,"[""cum_on_hands"", ""cum_in_hands""]",False,True
464552,cucumber,0,2194,"[""cucumber"", ""cucumbers""]",False,False
1425103,body_freckles,0,2846,"[""body_freckles""]",True,False
565907,utaite,0,3205,"[""utaite"", ""utaite_(singer)""]",False,False
487203,overcast,0,2728,"[""overcast""]",False,False
488375,rainbow_gradient,0,2214,"[""rainbow_gradient""]",False,False
2062461,chibi_only,0,23975,"[""chibi_only""]",False,False
533100,sitting_on_object,0,2173,"[""sitting_on_object""]",False,True
712801,pussy_piercing,0,2128,"[""pussy_piercing""]",False,False
419304,crosswalk,0,2457,"[""crosswalk"", ""pedestrian_crossing"", ""zebra_crossing""]",False,False
1559079,light_areolae,0,2014,"[""light_areolae""]",False,False
496388,._.,0,2452,"[""._.""]",False,False
494932,hickey,0,3159,"[""hickey""]",False,False
1302628,ace_(playing_card),0,2981,"[""ace_(playing_card)"", ""ace""]",False,False
5873,confession,0,2028,"[""confession""]",False,False
5323,kettle,0,2338,"[""kettle""]",False,False
1317361,multicolored_bow,0,2718,"[""multicolored_bow""]",True,True
492764,heart_tail,0,2235,"[""heart_tail"", ""tail_heart"", ""heart_tails""]",True,False
1259138,mole_on_ass,0,2391,"[""mole_on_ass""]",False,True
564789,romper,0,3920,"[""romper""]",False,True
1537058,diamond_cutout,0,2353,"[""diamond_cutout""]",False,True
1410984,kuromorimine_school_uniform,0,2020,"[""kuromorimine_school_uniform""]",False,False
469396,role_reversal,0,2123,"[""role_reversal""]",False,False
6303,naginata,0,2439,"[""naginata""]",False,False
674500,large_testicles,0,2440,"[""large_testicles""]",False,True
609486,single_strap,0,2194,"[""single_strap""]",False,True
10429,shinsengumi,0,1964,"[""shinsengumi""]",False,False
598269,kissing_forehead,0,2331,"[""kissing_forehead"", ""forehead_kiss"", ""kiss_on_forehead""]",False,True
615984,bendy_straw,0,2099,"[""bendy_straw""]",False,False
511641,single_pantsleg,0,2648,"[""single_pantsleg"", ""one_pantsleg""]",False,False
475249,large_wings,0,2175,"[""large_wings""]",True,False
568512,bird_on_shoulder,0,2417,"[""bird_on_shoulder""]",False,False
389374,cat_teaser,0,2186,"[""cat_teaser"", ""cat_toy""]",False,False
586366,prosthetic_leg,0,2431,"[""prosthetic_leg"", ""artificial_leg""]",False,False
1426293,yasogami_school_uniform,0,2080,"[""yasogami_school_uniform""]",False,False
391175,stove,0,2195,"[""stove""]",False,False
662045,lotion_bottle,0,2188,"[""lotion_bottle""]",False,False
696698,gold_bikini,0,3959,"[""gold_bikini""]",False,True
559601,cheering,0,2379,"[""cheering"", ""cheered"", ""cheer""]",False,False
661553,grey_belt,0,3037,"[""grey_belt"", ""gray_belt""]",False,True
1560,mascot,0,2327,"[""mascot""]",False,False
1470859,black_garter_straps,0,3354,"[""black_garter_straps""]",False,True
686531,undone_necktie,0,2364,"[""undone_necktie"", ""untied_necktie""]",False,True
1413926,orange_sailor_collar,0,2055,"[""orange_sailor_collar""]",False,True
661926,ankle_strap,0,2202,"[""ankle_strap""]",False,True
1424925,holding_needle,0,1982,"[""holding_needle""]",False,True
660817,opening_door,0,2454,"[""opening_door""]",False,False
1493305,heel_up,0,2607,"[""heel_up"", ""heel_raised""]",False,False
1465373,triangle_earrings,0,2949,"[""triangle_earrings""]",True,True
578012,talking_on_phone,0,2366,"[""talking_on_phone"", ""on_phone""]",False,False
391475,fireflies,0,2153,"[""fireflies""]",False,False
1259665,bow_choker,0,3050,"[""bow_choker""]",False,True
646459,striped_shorts,0,2630,"[""striped_shorts""]",False,True
58241,platform_heels,0,2590,"[""platform_heels""]",False,True
420607,delinquent,0,2228,"[""delinquent"", ""yankee""]",False,False
1276269,ribbed_sleeves,0,2134,"[""ribbed_sleeves""]",False,True
609657,animal_hug,0,2408,"[""animal_hug"", ""hugging_animal""]",False,True
393602,severed_head,0,2296,"[""severed_head""]",False,False
1478379,dress_flower,0,3705,"[""dress_flower""]",False,True
1349438,animal_bag,0,2719,"[""animal_bag"", ""animal_backpack""]",False,False
1592986,rabbit_boy,0,2770,"[""rabbit_boy""]",True,False
1441520,horns_through_headwear,0,2160,"[""horns_through_headwear""]",True,False
601192,mechanical_hands,0,2854,"[""mechanical_hands"", ""robot_hands""]",False,False
1354736,green_flower,0,2533,"[""green_flower""]",False,False
405444,helicopter,0,2086,"[""helicopter""]",False,False
431361,baseball_mitt,0,2595,"[""baseball_mitt"", ""baseball_glove""]",False,False
541262,disgust,0,2519,"[""disgust"", ""disgusted""]",False,False
330013,pie,0,2524,"[""pie""]",False,False
613128,embellished_costume,0,1937,"[""embellished_costume""]",False,True
526470,thighhighs_pull,0,1916,"[""thighhighs_pull"", ""thighhigh_pull""]",False,True
467745,japanese_flag,0,2196,"[""japanese_flag""]",False,False
8234,radio,0,1622,"[""radio""]",False,False
1467811,6+others,0,2693,"[""6+others"", ""6others""]",False,False
877384,hooded_robe,0,2715,"[""hooded_robe""]",False,True
600460,group_picture,0,2624,"[""group_picture"", ""group_shot""]",False,False
384969,intravenous_drip,0,2333,"[""intravenous_drip"", ""iv_drip"", ""iv""]",False,False
437614,boned_meat,0,2173,"[""boned_meat"", ""manga_meat""]",False,False
1505130,german_text,0,1970,"[""german_text"", ""german""]",False,False
15227,screentones,0,2913,"[""screentones""]",False,False
1494956,purple-tinted_eyewear,0,2870,"[""purple-tinted_eyewear""]",True,True
592445,venus_symbol,0,2220,"[""venus_symbol"", ""copper_symbol"", ""copper_sign"", ""female_symbol"", ""venus_sign"", ""female_sign""]",False,False
420884,countdown,0,2507,"[""countdown""]",False,False
618406,yellow_pants,0,2745,"[""yellow_pants""]",False,True
1318253,purple_fur,0,2743,"[""purple_fur""]",False,False
1861756,straddling_paizuri,0,2978,"[""straddling_paizuri""]",False,False
1593160,unusually_open_eyes,0,3247,"[""unusually_open_eyes""]",True,False
1399082,heart_button,0,2911,"[""heart_button"", ""heart-shaped_buttons""]",False,True
2839,lube,0,2082,"[""lube""]",False,False
439406,shiba_inu,0,2188,"[""shiba_inu""]",False,False
1237065,sunflower_hair_ornament,0,2209,"[""sunflower_hair_ornament""]",True,True
466411,invisible_penis,0,2080,"[""invisible_penis"", ""invisicock""]",False,False
374515,hawaiian_shirt,0,2797,"[""hawaiian_shirt"", ""aloha_shirt""]",False,True
1287846,ammunition_pouch,0,2511,"[""ammunition_pouch"", ""magazine_pouch"", ""ammo_pouch""]",False,False
667190,plate_armor,0,2637,"[""plate_armor""]",False,False
2660,lettuce,0,2500,"[""lettuce""]",False,False
485203,video_game,0,1975,"[""video_game"", ""videogame"", ""videogames"", ""video_games""]",False,False
8617,potion,0,2406,"[""potion""]",False,False
374573,centaur,0,2037,"[""centaur""]",False,False
1377225,bruise_on_face,0,2600,"[""bruise_on_face""]",True,True
1820926,sleeveless_turtleneck_leotard,0,2551,"[""sleeveless_turtleneck_leotard""]",False,True
501337,39,0,2048,"[""39""]",False,False
689483,plaid_jacket,0,2674,"[""plaid_jacket""]",False,True
668383,lace-trimmed_sleeves,0,3126,"[""lace-trimmed_sleeves""]",False,True
636872,lizard_tail,0,2442,"[""lizard_tail"", ""salamander_tail""]",True,True
1411229,orange_neckerchief,0,3865,"[""orange_neckerchief""]",False,True
1781886,stroking_own_chin,0,2273,"[""stroking_own_chin"", ""stroking_chin"", ""chin_stroking""]",False,False
1476481,multicolored_horns,0,3284,"[""multicolored_horns""]",True,False
1325039,oral_invitation,0,2061,"[""oral_invitation""]",False,False
646260,pointless_condom,0,2079,"[""pointless_condom""]",False,True
1373700,grid_background,0,5889,"[""grid_background"", ""tile_background""]",False,False
397693,shikigami,0,1904,"[""shikigami"", ""paper_ghost""]",False,False
1516826,drinking_straw_in_mouth,0,2809,"[""drinking_straw_in_mouth"", ""straw_in_mouth_(drinking)""]",False,True
398110,diving_suit,0,2158,"[""diving_suit""]",False,True
580394,dirndl,0,2246,"[""dirndl""]",False,True
1501551,sakuramon,0,1975,"[""sakuramon""]",False,False
1440480,holding_water_gun,0,2608,"[""holding_water_gun""]",False,True
1386173,pixiv_username,0,2476,"[""pixiv_username""]",False,False
656250,arm_between_breasts,0,2027,"[""arm_between_breasts"", ""hand_between_breasts""]",True,False
1553320,two-tone_headwear,0,2245,"[""two-tone_headwear""]",True,True
1349919,brown_bowtie,0,2457,"[""brown_bowtie""]",False,True
543408,real_world_location,0,2351,"[""real_world_location""]",False,False
451782,brushing_teeth,0,2163,"[""brushing_teeth""]",False,False
460511,hand_puppet,0,2380,"[""hand_puppet"", ""handpuppet"", ""hand_puppets""]",False,False
781851,user_interface,0,3508,"[""user_interface""]",False,False
442863,heckler_&_koch,0,1809,"[""heckler_&_koch""]",False,False
374909,whispering,0,2427,"[""whispering"", ""whisper""]",False,False
434522,gym_storeroom,0,1960,"[""gym_storeroom"", ""gym_storage_room"", ""gym_equipment_shed""]",False,False
578544,leg_armor,0,2380,"[""leg_armor""]",False,False
405498,panda_ears,0,2130,"[""panda_ears""]",True,False
1346802,spiked_shell,0,1915,"[""spiked_shell""]",False,False
394989,hexagon,0,1988,"[""hexagon""]",False,False
1436311,u.a._school_uniform,0,1979,"[""u.a._school_uniform""]",False,False
535,molestation,0,2146,"[""molestation"", ""molester"", ""molesting""]",False,False
503126,ribbon_in_mouth,0,2024,"[""ribbon_in_mouth""]",False,True
1295529,frilled_shorts,0,2559,"[""frilled_shorts""]",False,True
1392009,green_bodysuit,0,2414,"[""green_bodysuit""]",False,True
449943,stab,0,2392,"[""stab"", ""stabbing"", ""stabbed""]",False,False
395712,christmas_lights,0,2210,"[""christmas_lights""]",False,False
480571,mechanization,0,1922,"[""mechanization"", ""robotization"", ""robotification""]",False,False
569173,spread_pussy_under_clothes,0,2046,"[""spread_pussy_under_clothes""]",False,False
479250,tricorne,0,2881,"[""tricorne"", ""tricorne_hat""]",False,True
815986,fortissimo,0,1983,"[""fortissimo""]",False,False
410544,handkerchief,0,2347,"[""handkerchief""]",False,True
421056,spiked_club,0,2068,"[""spiked_club""]",False,True
549142,yes-no_pillow,0,2084,"[""yes-no_pillow""]",False,False
1282898,cloth_gag,0,2259,"[""cloth_gag"", ""otm_gag""]",False,True
8803,cleaning,0,2082,"[""cleaning""]",False,False
389933,harem_pants,0,2169,"[""harem_pants""]",False,True
3197,takoyaki,0,2112,"[""takoyaki"", ""octopus_balls""]",False,False
457562,fake_mustache,0,2302,"[""fake_mustache"", ""fake_moustache"", ""mustached_girl""]",True,False
656303,shirt_in_mouth,0,1988,"[""shirt_in_mouth""]",False,False
9348,wheelchair,0,2289,"[""wheelchair""]",False,False
642015,expressive_hair,0,2200,"[""expressive_hair""]",True,False
399269,tablecloth,0,2313,"[""tablecloth""]",False,False
1886311,in-franchise_crossover,0,5378,"[""in-franchise_crossover"", ""series_connection""]",False,False
663848,naked_kimono,0,1997,"[""naked_kimono""]",False,True
410102,yes,0,2056,"[""yes""]",False,False
452581,vibrator_under_panties,0,1909,"[""vibrator_under_panties""]",False,True
1504221,purple_tail,0,2498,"[""purple_tail""]",True,False
593696,leather_gloves,0,2125,"[""leather_gloves""]",False,True
2145,juice,0,2236,"[""juice""]",False,False
546044,sleeveless_hoodie,0,2224,"[""sleeveless_hoodie""]",False,True
632854,naked_hoodie,0,1885,"[""naked_hoodie"", ""nude_hoodie""]",False,True
1409470,multicolored_coat,0,2606,"[""multicolored_coat""]",False,True
1443767,team_rocket_uniform,0,2145,"[""team_rocket_uniform""]",False,False
500820,stone_lantern,0,2002,"[""stone_lantern""]",False,False
12254,tribal,0,1967,"[""tribal""]",False,True
1797270,colored_shoe_soles,0,2394,"[""colored_shoe_soles""]",False,True
1791399,neck_fur,0,2645,"[""neck_fur""]",False,False
1328687,earth_(ornament),0,1895,"[""earth_(ornament)""]",False,False
614276,bow_legwear,0,2672,"[""bow_legwear"", ""bow_socks"", ""sock_bow"", ""thighhigh_bow"", ""bow_thighhighs""]",False,True
251194,gym,0,2227,"[""gym"", ""gymnasium""]",False,False
468159,sparkler,0,2669,"[""sparkler"", ""sparklers""]",False,True
1531641,light_blue_background,0,0,"[""light_blue_background""]",False,False
501095,berry,0,2452,"[""berry"", ""berries""]",False,False
1940710,mustache_stubble,0,3000,"[""mustache_stubble""]",False,True
1403859,3d_background,0,2395,"[""3d_background""]",False,False
2006135,greco-roman_clothes,0,3748,"[""greco-roman_clothes""]",False,True
600052,butterfly_on_hand,0,2486,"[""butterfly_on_hand"", ""butterfly_on_finger""]",False,True
479141,raised_fist,0,2136,"[""raised_fist"", ""air_punch""]",False,False
1542756,turtleneck_leotard,0,2259,"[""turtleneck_leotard""]",False,True
492677,bolo_tie,0,2272,"[""bolo_tie""]",False,False
457946,stone_wall,0,2338,"[""stone_wall""]",False,False
500152,breathing_fire,0,2327,"[""breathing_fire"", ""fire_spit"", ""spitting_fire""]",False,False
1235654,gradient_clothes,0,6542,"[""gradient_clothes""]",False,True
1595384,blank_censor,0,2675,"[""blank_censor"", ""full_censor""]",False,False
1340897,blue_feathers,0,2334,"[""blue_feathers""]",False,False
5632,laser,0,2162,"[""laser"", ""lasers"", ""laser_beam""]",False,False
536429,cupping_hands,0,2090,"[""cupping_hands"", ""cupped_hands""]",False,False
424682,horse_penis,0,2178,"[""horse_penis"", ""horsecock"", ""horse_cock""]",False,False
478497,sleep_mask,0,2741,"[""sleep_mask"", ""sleeping_mask""]",False,True
10125,halberd,0,2142,"[""halberd"", ""poleaxe"", ""pollaxe"", ""pole_axe""]",False,False
2006849,unworn_bag,0,2130,"[""unworn_bag"", ""bag_removed""]",False,False
388093,hakurei_reimu_(cosplay),0,1811,"[""hakurei_reimu_(cosplay)""]",False,True
595751,ass_cutout,0,1940,"[""ass_cutout"", ""heart_ass_cutout""]",False,True
413721,latex_gloves,0,2353,"[""latex_gloves""]",False,True
1810603,back_focus,0,2114,"[""back_focus""]",False,False
656386,hands_on_another's_cheeks,0,2517,"[""hands_on_another's_cheeks""]",False,False
1372592,bath_yukata,0,2044,"[""bath_yukata""]",False,True
1397373,year_of_the_dragon,0,2242,"[""year_of_the_dragon""]",False,True
590941,santa_boots,0,1844,"[""santa_boots""]",False,True
480430,bear_print,0,1989,"[""bear_print""]",False,True
12086,globe,0,2007,"[""globe""]",False,False
9590,jersey,0,2917,"[""jersey"", ""official_jersey"", ""sports_jersey""]",False,False
1424211,sakugawa_school_uniform,0,1802,"[""sakugawa_school_uniform""]",False,False
1427360,gold_choker,0,3123,"[""gold_choker""]",False,True
11998,open_robe,0,2401,"[""open_robe""]",False,True
395851,log,0,2110,"[""log""]",False,False
1249520,drawing_bow,0,2140,"[""drawing_bow""]",True,True
8411,sheet_music,0,2112,"[""sheet_music"", ""musical_sheet"", ""musical_sheets"", ""music_sheet"", ""music_sheets""]",False,False
698204,multiple_piercings,0,2553,"[""multiple_piercings""]",False,False
1641153,icho_private_high_school_uniform,0,1698,"[""icho_private_high_school_uniform""]",False,True
1251057,ginkgo_leaf,0,2211,"[""ginkgo_leaf"", ""gingko_leaf""]",False,True
822829,suspended_congress,0,2122,"[""suspended_congress"", ""stand_and_carry""]",False,False
477355,chainmail,0,2652,"[""chainmail"", ""mail_armor""]",False,False
713479,2014,0,1746,"[""2014""]",False,False
1874891,object_through_head,0,2334,"[""object_through_head""]",True,False
453530,power_suit,0,1851,"[""power_suit"", ""powersuit""]",False,False
1582502,scar_on_stomach,0,2539,"[""scar_on_stomach""]",False,True
1957010,strongman_waist,0,2548,"[""strongman_waist""]",False,False
494781,makizushi,0,1856,"[""makizushi"", ""sushi_roll""]",False,False
1334561,loose_bowtie,0,2607,"[""loose_bowtie""]",False,True
610123,forehead-to-forehead,0,2115,"[""forehead-to-forehead"", ""forehead_to_forehead""]",False,False
724478,pink_wings,0,2477,"[""pink_wings""]",True,False
1793460,cooperative_paizuri,0,2015,"[""cooperative_paizuri"", ""multiple_paizuri"", ""double_paizuri""]",False,False
472922,inset,0,2487,"[""inset""]",False,False
537130,arm_blade,0,2505,"[""arm_blade""]",False,False
632801,blue_tongue,0,2701,"[""blue_tongue""]",False,False
510646,blue_pupils,0,4282,"[""blue_pupils""]",True,False
666658,grey_bikini,0,2196,"[""grey_bikini"", ""grey_bikini_top"", ""grey_bikini_bottom"", ""gray_bikini""]",False,True
631074,tropical_fish,0,1896,"[""tropical_fish""]",False,False
416904,cat_on_head,0,2020,"[""cat_on_head""]",False,False
2006764,unworn_sandals,0,2046,"[""unworn_sandals"", ""sandals_removed""]",False,True
1347286,yellow_coat,0,2773,"[""yellow_coat""]",False,True
558489,white_armor,0,3001,"[""white_armor""]",False,True
411563,forked_tongue,0,2734,"[""forked_tongue"", ""split_tongue"", ""snake_tongue""]",False,True
382610,skateboard,0,2268,"[""skateboard""]",False,False
1465616,eyewear_strap,0,2716,"[""eyewear_strap"", ""glasses_chain"", ""eyewear_chain""]",False,True
1859633,a_certain_high_school_uniform,0,1709,"[""a_certain_high_school_uniform""]",False,False
537783,bamboo_broom,0,1744,"[""bamboo_broom"", ""bamboo-shafted_broom""]",False,False
1238314,transparent_wings,0,2039,"[""transparent_wings""]",True,False
473249,print_bra,0,1953,"[""print_bra""]",False,True
378038,pentacle,0,1736,"[""pentacle""]",False,True
468165,mixing_bowl,0,1980,"[""mixing_bowl""]",False,False
1353065,falling_feathers,0,3121,"[""falling_feathers""]",False,False
1981666,gun_sling,0,2065,"[""gun_sling"", ""sling_(firearms)"", ""sling""]",False,False
1646953,shimaidon_(sex),0,1988,"[""shimaidon_(sex)""]",False,True
9355,humiliation,0,3436,"[""humiliation""]",False,False
708149,blue_armor,0,3016,"[""blue_armor""]",False,True
456305,pink_pantyhose,0,3255,"[""pink_pantyhose""]",False,True
1481466,purple_horns,0,2916,"[""purple_horns""]",True,False
3334,kigurumi,0,2139,"[""kigurumi"", ""masker""]",False,True
721466,pointy_nose,0,2494,"[""pointy_nose""]",False,False
497295,happi,0,2109,"[""happi""]",False,True
496608,master_sword,0,2012,"[""master_sword""]",False,False
179157,tent,0,2106,"[""tent""]",False,False
505317,lily_of_the_valley,0,2052,"[""lily_of_the_valley"", ""suzuran""]",False,False
1507608,h&k_hk416,0,1871,"[""h&k_hk416"", ""m27_iar"", ""hk416""]",False,False
1682706,phoenix_crown,0,0,"[""phoenix_crown""]",True,False
629461,duffel_coat,0,1872,"[""duffel_coat""]",False,True
891632,artificial_eye,0,1997,"[""artificial_eye""]",True,False
637282,pants_rolled_up,0,1971,"[""pants_rolled_up"", ""rolled_pants_legs"", ""rolled-up_pants""]",False,True
2006759,unworn_gloves,0,2073,"[""unworn_gloves"", ""gloves_removed"", ""glove_removed""]",False,True
1332978,short_jumpsuit,0,1913,"[""short_jumpsuit""]",False,True
652002,no_lineart,0,3348,"[""no_lineart"", ""lineless"", ""no_line-art""]",False,False
711344,hand_on_own_shoulder,0,2239,"[""hand_on_own_shoulder""]",False,False
419288,cum_on_feet,0,2423,"[""cum_on_feet""]",False,False
664061,grey_ribbon,0,2325,"[""grey_ribbon""]",True,True
632009,blonde_pubic_hair,0,2090,"[""blonde_pubic_hair""]",False,False
3408,origami,0,2017,"[""origami""]",False,False
703456,sorcerer's_sutra_scroll,0,1708,"[""sorcerer's_sutra_scroll""]",False,False
12727,phonograph,0,2118,"[""phonograph"", ""victrola"", ""gramophone"", ""record_machine"", ""record_player""]",False,False
518732,anilingus,0,2211,"[""anilingus"", ""analingus"", ""annilingus"", ""rimjob""]",False,False
373823,ketchup,0,2225,"[""ketchup""]",False,False
1925772,volleyball_(object),0,1997,"[""volleyball_(object)""]",False,True
392251,fireplace,0,2052,"[""fireplace""]",False,False
1665347,full-body_tattoo,0,2013,"[""full-body_tattoo"", ""full_body_tattoo""]",False,False
1845182,guiding_hand,0,2064,"[""guiding_hand""]",False,False
551591,deerstalker,0,2216,"[""deerstalker""]",False,True
1327857,red_apron,0,2288,"[""red_apron""]",False,True
1023597,large_hands,0,2228,"[""large_hands"", ""yaoi_hands""]",False,False
1518587,striped_headwear,0,2470,"[""striped_headwear"", ""striped_hat""]",True,False
1637827,star_facial_mark,0,2750,"[""star_facial_mark""]",False,True
1375970,hair_flowing_over,0,4432,"[""hair_flowing_over""]",False,False
451184,holographic_interface,0,2110,"[""holographic_interface""]",False,False
635016,broken_chain,0,1983,"[""broken_chain"", ""broken_chains""]",False,True
1465100,grey_sports_bra,0,2352,"[""grey_sports_bra""]",False,True
1302681,orange_pants,0,2861,"[""orange_pants""]",False,True
1294981,digitigrade,0,2461,"[""digitigrade""]",False,False
507520,goat_girl,0,2273,"[""goat_girl""]",True,False
1558733,tulip_hat,0,1728,"[""tulip_hat""]",True,True
1549885,crane_(machine),0,1841,"[""crane_(machine)""]",False,False
588173,sex_machine,0,2007,"[""sex_machine"", ""dildo_machine""]",False,False
533771,kitchen_knife,0,2203,"[""kitchen_knife""]",False,False
381954,untying,0,1790,"[""untying""]",False,True
1603616,blunt_tresses,0,2552,"[""blunt_tresses""]",False,False
1240006,bishamonten's_pagoda,0,1698,"[""bishamonten's_pagoda"", ""jeweled_pagoda""]",False,False
414107,gamepad,0,2073,"[""gamepad""]",False,False
626246,crystal_hair,0,1814,"[""crystal_hair""]",True,False
530749,orange_pantyhose,0,2269,"[""orange_pantyhose""]",False,True
683919,ajirogasa,0,1874,"[""ajirogasa""]",False,True
1589331,off-shoulder_bikini,0,2179,"[""off-shoulder_bikini""]",False,False
1534682,aqua_headwear,0,467,"[""aqua_headwear"", ""aqua_hat""]",True,False
473470,wrist_guards,0,2173,"[""wrist_guards""]",False,True
481054,grey_bra,0,2180,"[""grey_bra"", ""gray_bra""]",False,True
426371,through_wall,0,2339,"[""through_wall"", ""stuck_in_wall"", ""wall_stuck""]",False,False
1934523,arched_bangs,0,3623,"[""arched_bangs""]",True,False
431374,curtsey,0,2022,"[""curtsey"", ""curtsy"", ""curtsie""]",False,False
504744,load_bearing_vest,0,2019,"[""load_bearing_vest""]",False,False
13916,tempura,0,2124,"[""tempura""]",False,False
324075,ballerina,0,2201,"[""ballerina""]",False,True
61654,tail_grab,0,1928,"[""tail_grab""]",False,False
1522714,broken_halo,0,2487,"[""broken_halo""]",True,False
563461,full-length_zipper,0,2107,"[""full-length_zipper"", ""full_length_zipper""]",False,True
590857,okamisty,0,1656,"[""okamisty""]",False,False
1923,truth,0,1730,"[""truth""]",False,False
3493,voyeurism,0,2016,"[""voyeurism"", ""voyeur""]",False,False
638293,novel_cover,0,1982,"[""novel_cover""]",False,True
1201168,undressing_another,0,2285,"[""undressing_another""]",False,False
1335609,cross_print,0,2487,"[""cross_print""]",False,True
659417,mechanical_ears,0,2178,"[""mechanical_ears""]",True,False
628425,tiered_tray,0,1999,"[""tiered_tray""]",False,False
585400,inverted_cross,0,2581,"[""inverted_cross"", ""antichrist_cross"", ""upside-down_cross"", ""cross_of_saint_peter""]",False,False
677487,brown_wings,0,2402,"[""brown_wings""]",True,False
572582,masturbation_through_clothes,0,1864,"[""masturbation_through_clothes"", ""masturbation_through_clothing""]",False,True
557999,wiping_face,0,2153,"[""wiping_face""]",False,False
1430735,black_garter_belt,0,2272,"[""black_garter_belt""]",False,True
643912,tail_piercing,0,2083,"[""tail_piercing""]",False,False
617594,alternate_weapon,0,1766,"[""alternate_weapon"", ""alternative_weapon"", ""/awe""]",False,False
629694,leopard_tail,0,1463,"[""leopard_tail""]",True,False
1476395,pokemon_on_shoulder,0,2005,"[""pokemon_on_shoulder""]",False,False
450649,shin_guards,0,2077,"[""shin_guards"", ""leg_guards""]",False,False
483079,shards,0,2095,"[""shards""]",False,False
383835,runes,0,1880,"[""runes""]",False,False
1835740,purple_one-piece_swimsuit,0,1801,"[""purple_one-piece_swimsuit"", ""purple_swimsuit""]",False,True
389021,deer,0,2263,"[""deer""]",False,False
211997,battle_axe,0,2450,"[""battle_axe"", ""war_axe""]",False,False
410474,picnic_basket,0,2152,"[""picnic_basket""]",False,False
1440492,green_capelet,0,2287,"[""green_capelet""]",False,True
663918,holding_fishing_rod,0,2220,"[""holding_fishing_rod""]",False,True
518510,dust_cloud,0,2237,"[""dust_cloud""]",False,False
6259,park,0,2121,"[""park""]",False,False
4577,snorkel,0,1826,"[""snorkel""]",False,False
519211,ryona,0,2195,"[""ryona""]",False,False
1916642,grey_halo,0,6293,"[""grey_halo""]",True,False
1416877,two-tone_footwear,0,2950,"[""two-tone_footwear""]",False,True
466838,walkie-talkie,0,2891,"[""walkie-talkie"", ""walkie_talkie""]",False,False
1454017,debt,0,32,"[""debt""]",False,False
16601,overcoat,0,1830,"[""overcoat""]",False,True
460553,no_eyebrows,0,2030,"[""no_eyebrows""]",True,False
1781164,gem_(symbol),0,1603,"[""gem_(symbol)"", ""diamond_(emoji)"", ""diamond_(symbol)""]",False,False
798294,club_(shape),0,2106,"[""club_(shape)"", ""clubs_(card_suit)""]",False,False
583212,fingering_through_clothes,0,1968,"[""fingering_through_clothes""]",False,False
418106,dark_penis,0,2008,"[""dark_penis"", ""black_cock""]",False,True
525108,hands_on_feet,0,1769,"[""hands_on_feet""]",False,False
525748,dakimakura_(object),0,1844,"[""dakimakura_(object)""]",False,False
649700,full-package_futanari,0,1863,"[""full-package_futanari"", ""full_package_futanari""]",False,False
1775923,circled_9,0,1639,"[""circled_9"", ""(9)"", ""\u2468""]",False,False
1258484,key_necklace,0,2309,"[""key_necklace""]",False,True
1309935,notched_ear,0,4528,"[""notched_ear"", ""broken_ear"", ""chipped_ear"", ""torn_ear""]",True,False
389703,ema,0,1832,"[""ema""]",False,False
547391,winged_footwear,0,1924,"[""winged_footwear"", ""winged_boots"", ""winged_shoes""]",False,True
1298917,brown_apron,0,2342,"[""brown_apron""]",False,True
447287,high_kick,0,1994,"[""high_kick""]",False,True
494162,monkey_ears,0,1764,"[""monkey_ears""]",True,False
1494953,pink-tinted_eyewear,0,2950,"[""pink-tinted_eyewear""]",True,True
1554055,fiery_horns,0,1669,"[""fiery_horns"", ""burning_horns"", ""fiery_horn"", ""fire_horns""]",True,False
662488,palms_together,0,2356,"[""palms_together""]",False,False
652982,visor_(armor),0,1974,"[""visor_(armor)""]",False,False
1421046,holding_cane,0,3001,"[""holding_cane"", ""holding_walking_stick""]",False,True
701116,weighing_scale,0,2120,"[""weighing_scale"", ""weight_scale"", ""weighing_scales""]",False,False
1360843,neckwear_grab,0,3012,"[""neckwear_grab""]",False,False
1931519,uneven_horns,0,2625,"[""uneven_horns""]",True,False
542830,chest_of_drawers,0,1879,"[""chest_of_drawers"", ""dresser""]",False,False
389647,clock_tower,0,1771,"[""clock_tower""]",False,False
473050,crate,0,1962,"[""crate"", ""crates""]",False,False
1584543,pokedex_number,0,1913,"[""pokedex_number"", ""pokemon_number""]",False,False
1376753,crescent_print,0,2362,"[""crescent_print""]",False,True
707535,school_emblem,0,2607,"[""school_emblem""]",False,False
389048,donation_box,0,1736,"[""donation_box"", ""saisen-bako""]",False,False
1350077,mask_around_neck,0,2299,"[""mask_around_neck""]",False,True
1283735,grey_nails,0,2133,"[""grey_nails"", ""grey_fingernails""]",False,False
8260,ferris_wheel,0,2031,"[""ferris_wheel""]",False,False
1448822,brown_hoodie,0,2218,"[""brown_hoodie""]",False,True
1303272,print_jacket,0,2245,"[""print_jacket""]",False,True
1406765,jaguar_ears,0,2114,"[""jaguar_ears""]",True,True
408186,frottage,0,1865,"[""frottage"", ""frotting""]",False,False
603398,lace-trimmed_skirt,0,1983,"[""lace-trimmed_skirt""]",False,True
433212,bookmark,0,1908,"[""bookmark""]",False,False
658981,open_belt,0,2285,"[""open_belt"", ""unbuckled_belt"", ""undone_belt""]",False,True
1514232,breast_focus,0,2332,"[""breast_focus""]",False,False
469426,tiger_stripes,0,2392,"[""tiger_stripes""]",False,False
1076527,sidecut,0,2050,"[""sidecut""]",False,False
1257558,round_image,0,2365,"[""round_image"", ""circular_image"", ""tondo""]",False,False
593015,finger_to_face,0,1835,"[""finger_to_face""]",False,False
427020,stepped_on,0,2010,"[""stepped_on"", ""stepping_on_person""]",False,False
1780,cow,0,1764,"[""cow""]",False,False
507338,fishnet_gloves,0,2401,"[""fishnet_gloves""]",False,True
963327,yordle,0,1727,"[""yordle""]",False,False
498369,naked_bandage,0,2865,"[""naked_bandage"", ""nude_bandage""]",False,True
491621,cheek_bulge,0,1939,"[""cheek_bulge"", ""bulging_cheeks""]",False,False
1227348,back-seamed_legwear,0,1617,"[""back-seamed_legwear"", ""back_seamed_legwear""]",False,True
408474,flashlight,0,2041,"[""flashlight"", ""electric_torch""]",False,False
11216,soup,0,2004,"[""soup""]",False,False
534114,cocktail_dress,0,1998,"[""cocktail_dress""]",False,True
564677,playstation_controller,0,1824,"[""playstation_controller""]",False,False
539990,tail_between_legs,0,1835,"[""tail_between_legs""]",False,False
1691576,two-tone_bodysuit,0,3366,"[""two-tone_bodysuit""]",False,True
4930,doctor,0,1960,"[""doctor""]",False,False
652468,brown_bikini,0,2019,"[""brown_bikini""]",False,True
684234,perpendicular_paizuri,0,1759,"[""perpendicular_paizuri""]",False,False
1854330,purple_halo,0,4972,"[""purple_halo""]",True,False
562826,slapping,0,1899,"[""slapping"", ""slap""]",False,False
330372,sausage,0,2006,"[""sausage""]",False,False
393169,torn_jeans,0,2271,"[""torn_jeans"", ""ripped_jeans""]",False,True
1478006,holding_vegetable,0,2265,"[""holding_vegetable""]",False,True
1230150,leg_between_thighs,0,1876,"[""leg_between_thighs""]",False,False
1437142,purple_hoodie,0,2571,"[""purple_hoodie""]",False,True
399061,camcorder,0,1691,"[""camcorder""]",False,False
686725,sunflower_field,0,2047,"[""sunflower_field""]",False,True
1601080,animal_ear_legwear,0,1940,"[""animal_ear_legwear"", ""animal_band_legwear""]",False,True
1396963,holding_hose,0,2201,"[""holding_hose""]",False,True
374948,school_briefcase,0,1784,"[""school_briefcase""]",False,False
524686,hand_net,0,1912,"[""hand_net""]",False,False
1325030,new_school_swimsuit,0,1736,"[""new_school_swimsuit""]",False,True
374749,heartbeat,0,1785,"[""heartbeat""]",False,False
1429613,tomoeda_elementary_school_uniform,0,1804,"[""tomoeda_elementary_school_uniform""]",False,False
1499340,sphere_earrings,0,4342,"[""sphere_earrings""]",True,True
670923,bat_girl,0,2282,"[""bat_girl""]",True,False
1976343,hoop_piercing,0,0,"[""hoop_piercing""]",False,False
1335718,vibrator_cord,0,1912,"[""vibrator_cord""]",False,False
595244,hamaya,0,1721,"[""hamaya""]",False,True
646372,asa_no_ha_(pattern),0,1790,"[""asa_no_ha_(pattern)""]",False,False
724856,low_neckline,0,2425,"[""low_neckline""]",False,True
1262645,yellow_apron,0,2156,"[""yellow_apron""]",False,True
555432,head_down,0,2355,"[""head_down""]",False,False
1393881,green_bag,0,2281,"[""green_bag"", ""green_handbag"", ""green_backpack""]",False,True
662440,konohagakure_symbol,0,2029,"[""konohagakure_symbol""]",False,False
388798,hatsune_miku_(cosplay),0,2051,"[""hatsune_miku_(cosplay)""]",False,True
1374287,ribbed_bodysuit,0,1654,"[""ribbed_bodysuit""]",False,True
496346,impossible_swimsuit,0,1765,"[""impossible_swimsuit""]",False,True
471805,pastel_colors,0,2902,"[""pastel_colors""]",False,False
515008,cum_on_self,0,1861,"[""cum_on_self""]",False,True
1306233,triangle_print,0,1926,"[""triangle_print""]",False,True
443587,sunscreen,0,1908,"[""sunscreen"", ""sunblock"", ""suncream"", ""suntan_lotion""]",False,True
608070,boxer_briefs,0,1782,"[""boxer_briefs""]",False,True
4861,lighter,0,2051,"[""lighter""]",False,False
699876,imminent_anal,0,1888,"[""imminent_anal""]",False,False
476199,striped_sweater,0,2787,"[""striped_sweater""]",False,True
1349107,candy_hair_ornament,0,1964,"[""candy_hair_ornament""]",True,True
637922,2013,0,1623,"[""2013""]",False,False
516011,playstation_portable,0,1583,"[""playstation_portable"", ""psp""]",False,False
9396,april_fools,0,1785,"[""april_fools""]",False,False
381861,\o/,0,1645,"[""\\o/""]",False,False
645622,sleeveless_coat,0,2161,"[""sleeveless_coat""]",False,False
513421,acrylic_paint_(medium),0,1958,"[""acrylic_paint_(medium)"", ""acrylic_paint""]",False,False
2006760,unworn_socks,0,2090,"[""unworn_socks"", ""socks_removed"", ""socks_off""]",False,False
522405,kanabou,0,1815,"[""kanabou"", ""kanabo""]",False,False
721796,kesa,0,1657,"[""kesa""]",False,True
596634,gradient_legwear,0,1839,"[""gradient_legwear"", ""gradient_pantyhose"", ""gradient_leggings"", ""gradient_thighhighs"", ""gradient_kneehighs"", ""gradient_socks""]",False,True
705129,holding_jacket,0,2170,"[""holding_jacket""]",False,True
726190,breast_conscious,0,1823,"[""breast_conscious""]",False,False
574252,mismatched_sleeves,0,2042,"[""mismatched_sleeves""]",False,True
421282,pasta,0,1938,"[""pasta""]",False,False
1637838,teardrop_facial_mark,0,3583,"[""teardrop_facial_mark""]",False,False
9628,scooter,0,1854,"[""scooter""]",False,True
375527,kimono_skirt,0,1712,"[""kimono_skirt""]",False,True
1070114,single_stripe,0,1977,"[""single_stripe""]",False,False
1387512,orange_ascot,0,1755,"[""orange_ascot""]",False,True
657530,spoken_object,0,2221,"[""spoken_object""]",False,False
1248044,tooth_necklace,0,2283,"[""tooth_necklace"", ""teeth_necklace"", ""fang_necklace""]",False,True
652996,salaryman,0,1869,"[""salaryman"", ""salary_man"", ""office_man"", ""businessman""]",False,False
634911,photo_inset,0,2516,"[""photo_inset""]",False,False
462342,after_rape,0,1878,"[""after_rape"", ""broken_rape_victim""]",False,False
1400652,torpedo_launcher,0,1924,"[""torpedo_launcher""]",False,False
565797,tropical_drink,0,1697,"[""tropical_drink""]",False,False
460870,spell_card,0,1557,"[""spell_card"", ""spellcard""]",False,False
431872,balancing,0,1753,"[""balancing"", ""balance""]",False,False
16550,stream,0,1829,"[""stream"", ""creek""]",False,False
440354,yo-yo,0,1769,"[""yo-yo"", ""yoyo""]",False,False
411779,ankh,0,1897,"[""ankh"", ""egyptian_cross""]",False,False
1530487,off-shoulder_jacket,0,2061,"[""off-shoulder_jacket""]",False,False
494464,uvula,0,1760,"[""uvula""]",False,False
536575,cheek_press,0,2250,"[""cheek_press"", ""cheek_rub""]",False,False
1411208,purple_neckerchief,0,2360,"[""purple_neckerchief""]",False,True
375718,daruma_doll,0,1842,"[""daruma_doll""]",False,False
679286,faux_figurine,0,1755,"[""faux_figurine""]",False,False
473618,clitoris_piercing,0,1736,"[""clitoris_piercing"", ""clit_piercing""]",False,False
1501670,double_fox_shadow_puppet,0,1954,"[""double_fox_shadow_puppet"", ""double_fox_hand_sign""]",False,True
507478,aqua_panties,0,1847,"[""aqua_panties""]",False,True
439288,basketball_uniform,0,1870,"[""basketball_uniform""]",False,False
643517,purple_fire,0,2174,"[""purple_fire"", ""purple_flame""]",False,False
2022180,sideless_shirt,0,1864,"[""sideless_shirt""]",False,True
380213,sponge,0,1733,"[""sponge""]",False,False
1355967,on_vehicle,0,0,"[""on_vehicle"", ""on_car""]",False,False
456589,leather_boots,0,1831,"[""leather_boots""]",False,True
1940741,goatee_stubble,0,3247,"[""goatee_stubble""]",False,True
15307,werewolf,0,1937,"[""werewolf""]",False,False
1391188,hand_tattoo,0,2656,"[""hand_tattoo""]",False,False
396034,propeller,0,1661,"[""propeller""]",False,False
439204,friends,0,2038,"[""friends""]",False,False
441185,ballet_slippers,0,1961,"[""ballet_slippers"", ""pointe_shoes"", ""ballet_shoes""]",False,True
1379921,camouflage_jacket,0,1935,"[""camouflage_jacket""]",False,True
570296,giving_up_the_ghost,0,1847,"[""giving_up_the_ghost""]",False,False
575113,kimono_pull,0,1717,"[""kimono_pull""]",False,True
1880967,combat_helmet,0,2710,"[""combat_helmet"", ""military_helmet""]",False,True
665044,holding_own_tail,0,2010,"[""holding_own_tail""]",False,False
1391097,grey_neckerchief,0,3894,"[""grey_neckerchief""]",False,True
2370,cactus,0,2046,"[""cactus""]",False,False
554447,dark_aura,0,2172,"[""dark_aura""]",False,False
1480073,brushing_another's_hair,0,1777,"[""brushing_another's_hair""]",True,False
1324575,tapir_tail,0,1586,"[""tapir_tail""]",True,True
1483316,single_horizontal_stripe,0,1783,"[""single_horizontal_stripe""]",False,True
553041,flower_necklace,0,2067,"[""flower_necklace""]",False,False
426749,2012,0,1577,"[""2012""]",False,False
1393951,dark_halo,0,2198,"[""dark_halo""]",True,False
510652,flashback,0,1749,"[""flashback""]",False,False
46728,excited,0,2389,"[""excited""]",False,False
722706,jojo_pose,0,1623,"[""jojo_pose""]",False,False
629378,ruffling_hair,0,1570,"[""ruffling_hair"", ""hair_tousle"", ""hair_tussle""]",True,False
759865,accidental_exposure,0,1879,"[""accidental_exposure""]",False,False
1426900,white_bird,0,3129,"[""white_bird""]",False,True
16095,glomp,0,1654,"[""glomp""]",False,True
1287296,diving_mask_on_head,0,1603,"[""diving_mask_on_head""]",True,True
1235655,gradient_dress,0,2473,"[""gradient_dress""]",False,True
1542420,triangle_hair_ornament,0,2916,"[""triangle_hair_ornament""]",True,False
413758,ammunition,0,1847,"[""ammunition"", ""ammo""]",False,False
403486,party_popper,0,2082,"[""party_popper"", ""confetti_popper""]",False,False
1583922,pointy_footwear,0,2031,"[""pointy_footwear"", ""pointy_boots"", ""pointy_shoes"", ""curled_toe_shoes"", ""curled-toe_shoes""]",False,True
9706,snail,0,1797,"[""snail""]",False,False
1677790,blood_on_knife,0,2167,"[""blood_on_knife"", ""bloody_knife"", ""blood-stained_knife""]",False,True
563204,dumbbell,0,1942,"[""dumbbell""]",False,False
573617,food-themed_clothes,0,1763,"[""food-themed_clothes"", ""food_themed_clothes""]",False,False
1258750,mechanical_eye,0,1751,"[""mechanical_eye"", ""cybernetic_eye""]",True,False
1509772,industrial_piercing,0,2347,"[""industrial_piercing""]",False,False
424974,no_testicles,0,1671,"[""no_testicles""]",False,False
1409157,flower_tattoo,0,2805,"[""flower_tattoo""]",False,False
1292445,torn_scarf,0,1894,"[""torn_scarf"", ""ripped_scarf""]",False,True
433522,cheek_squash,0,1906,"[""cheek_squash""]",False,False
15305,steampunk,0,1650,"[""steampunk"", ""steam_punk""]",False,False
1249322,hauchiwa,0,1708,"[""hauchiwa""]",False,False
673693,kouhaku_nawa,0,1778,"[""kouhaku_nawa""]",False,True
688469,spiked_choker,0,2355,"[""spiked_choker""]",False,True
618804,aroused,0,3142,"[""aroused""]",False,False
567961,sword_on_back,0,3436,"[""sword_on_back""]",False,True
1336500,pointing_at_another,0,2552,"[""pointing_at_another""]",False,True
699449,raimon,0,1580,"[""raimon""]",False,False
11623,bad_end,0,1733,"[""bad_end""]",False,False
1411201,kiyosumi_school_uniform,0,1486,"[""kiyosumi_school_uniform""]",False,False
644571,flock,0,1926,"[""flock""]",False,False
5497,fountain,0,1861,"[""fountain""]",False,False
1381675,holding_stylus,0,2128,"[""holding_stylus""]",False,True
492714,curry_rice,0,1735,"[""curry_rice""]",False,False
1231611,arrow_through_heart,0,1848,"[""arrow_through_heart""]",False,False
1582498,scar_on_leg,0,2344,"[""scar_on_leg"", ""leg_scar""]",False,True
489600,hedgehog,0,1023,"[""hedgehog""]",False,False
642887,wiping_sweat,0,1994,"[""wiping_sweat""]",False,False
473988,cooler,0,1859,"[""cooler"", ""ice_box"", ""cool_box""]",False,False
1713829,mithra_(ff11),0,1512,"[""mithra_(ff11)"", ""mithra""]",False,False
408561,lava,0,1860,"[""lava"", ""molten_rock"", ""magma""]",False,False
575714,c:,0,2209,"[""c:""]",False,False
1586950,sobu_high_school_uniform,0,1693,"[""sobu_high_school_uniform""]",False,False
477993,bad_perspective,0,1616,"[""bad_perspective""]",False,False
384435,onmyouji,0,1542,"[""onmyouji""]",False,False
452907,chewing,0,2330,"[""chewing""]",False,False
601148,huge_bow,0,1995,"[""huge_bow""]",True,True
547034,guided_breast_grab,0,1812,"[""guided_breast_grab""]",False,False
592457,nippleless_clothes,0,1515,"[""nippleless_clothes"", ""nippleless_clothing""]",False,True
8500,eggplant,0,1690,"[""eggplant"", ""aubergine""]",False,False
501457,lalafell,0,1820,"[""lalafell""]",False,False
378567,robot_girl,0,3873,"[""robot_girl""]",True,False
720999,aqua_jacket,0,2819,"[""aqua_jacket""]",False,True
1860041,multiple_drawing_challenge,0,2178,"[""multiple_drawing_challenge""]",False,False
1473511,petals_on_liquid,0,1815,"[""petals_on_liquid"", ""rose_petal_bath"", ""petals_on_water""]",False,False
558698,sig_sauer,0,2059,"[""sig_sauer""]",False,False
653176,circle_skirt,0,2347,"[""circle_skirt"", ""spread_skirt"", ""circle_dress"", ""spread_dress""]",False,True
1533850,sleeve_bow,0,3163,"[""sleeve_bow""]",True,True
474442,plume,0,1965,"[""plume""]",False,False
563716,italian_flag,0,1703,"[""italian_flag""]",False,False
566734,tanzaku,0,1850,"[""tanzaku""]",False,False
478325,2010,0,1522,"[""2010""]",False,False
616223,no_gloves,0,1830,"[""no_gloves""]",False,True
434471,angel_and_devil,0,1917,"[""angel_and_devil""]",False,False
1270497,pearl_bracelet,0,2166,"[""pearl_bracelet""]",False,True
388208,orange_hoodie,0,2338,"[""orange_hoodie""]",False,True
176537,bartender,0,1728,"[""bartender""]",False,False
1457585,hooded_cardigan,0,1671,"[""hooded_cardigan""]",False,True
1708252,licking_another's_face,0,2086,"[""licking_another's_face"", ""licking_face"", ""face_licking"", ""face_lick""]",False,False
1243501,gibson_les_paul,0,1939,"[""gibson_les_paul"", ""les_paul""]",False,False
1440630,pink_capelet,0,1949,"[""pink_capelet""]",False,True
649302,hydrokinesis,0,1964,"[""hydrokinesis"", ""water_manipulation"", ""water_magic""]",False,False
1642271,yurigaoka_girls_academy_school_uniform,0,2062,"[""yurigaoka_girls_academy_school_uniform""]",False,False
419074,hitting,0,1805,"[""hitting""]",False,False
1250999,red_apple,0,0,"[""red_apple""]",False,False
1392006,yellow_bodysuit,0,2220,"[""yellow_bodysuit""]",False,True
547495,morning_glory,0,1840,"[""morning_glory""]",False,False
461235,ear_wiggle,0,1973,"[""ear_wiggle"", ""ear_twitch""]",False,False
1880820,two-tone_sports_bra,0,1621,"[""two-tone_sports_bra""]",False,True
1607304,linear_hatching,0,2117,"[""linear_hatching"", ""line_shading""]",False,False
436891,combat_boots,0,1692,"[""combat_boots""]",False,True
457698,comforting,0,1857,"[""comforting"", ""consoling""]",False,False
1605653,utensil_in_mouth,0,1865,"[""utensil_in_mouth"", ""spoon_in_mouth"", ""fork_in_mouth""]",False,False
1884709,rabbit-shaped_pupils,0,2161,"[""rabbit-shaped_pupils"", ""bunny-shaped_pupils""]",True,True
577080,hand_on_lap,0,1917,"[""hand_on_lap""]",False,False
405415,milking_machine,0,1740,"[""milking_machine""]",False,False
598441,yin_yang_orb,0,1753,"[""yin_yang_orb""]",False,True
15187,machine,0,1778,"[""machine"", ""machines""]",False,False
1952120,historical_name_connection,0,1594,"[""historical_name_connection"", ""historical_reference_connection""]",False,False
1314077,dice_hair_ornament,0,1804,"[""dice_hair_ornament""]",True,True
583243,telekinesis,0,1916,"[""telekinesis"", ""object_manipulation""]",False,False
705059,fish_print,0,1810,"[""fish_print""]",False,True
541640,button_eyes,0,1860,"[""button_eyes""]",True,False
433011,polka_dot_swimsuit,0,1514,"[""polka_dot_swimsuit"", ""polka-dot_swimsuit""]",False,True
504063,ninja_mask,0,1897,"[""ninja_mask""]",False,True
727101,overall_shorts,0,2201,"[""overall_shorts""]",False,True
1474354,holding_ladle,0,2202,"[""holding_ladle""]",False,True
1510994,sweaty_clothes,0,2026,"[""sweaty_clothes""]",False,True
643402,shorts_under_dress,0,2065,"[""shorts_under_dress""]",False,True
469760,oven_mitts,0,1784,"[""oven_mitts"", ""oven_mitt"", ""oven_mittens""]",False,False
1460120,fur-trimmed_footwear,0,2006,"[""fur-trimmed_footwear""]",False,True
560409,streamers,0,2099,"[""streamers""]",False,False
685325,shiny_legwear,0,1566,"[""shiny_legwear""]",False,True
482051,drum_set,0,2111,"[""drum_set"", ""drum_kit""]",False,True
1881201,eden_academy_school_uniform,0,1675,"[""eden_academy_school_uniform"", ""eden_academy_uniform""]",False,True
1492155,eyewear_hang,0,1747,"[""eyewear_hang"", ""eyewear_on_clothing""]",False,True
1247470,chocolate_on_breasts,0,1645,"[""chocolate_on_breasts""]",True,False
474653,cutting_board,0,1863,"[""cutting_board"", ""chopping_board""]",False,False
1629910,star_brooch,0,2047,"[""star_brooch""]",False,True
570743,kirin_(armor),0,1511,"[""kirin_(armor)""]",False,True
379968,breast_expansion,0,1770,"[""breast_expansion""]",False,False
388012,legs_folded,0,1788,"[""legs_folded""]",False,False
594236,expressive_clothes,0,1573,"[""expressive_clothes""]",False,True
542208,blank_stare,0,1843,"[""blank_stare""]",False,False
1271959,short_sidetail,0,1593,"[""short_sidetail""]",False,False
509739,burnt_clothes,0,1724,"[""burnt_clothes"", ""burned_clothes""]",False,True
1345473,ribbon-trimmed_dress,0,1872,"[""ribbon-trimmed_dress""]",False,True
405,soccer,0,1549,"[""soccer"", ""football""]",False,False
2025915,same-sex_bathing,0,11599,"[""same-sex_bathing""]",False,False
490687,prehensile_tail,0,1884,"[""prehensile_tail""]",True,False
5884,champagne,0,1760,"[""champagne""]",False,False
1545323,multicolored_headwear,0,863,"[""multicolored_headwear"", ""multicolored_hat""]",True,True
1394304,honeycomb_(pattern),0,1709,"[""honeycomb_(pattern)""]",False,False
559663,unamused,0,2187,"[""unamused""]",False,False
687207,round_window,0,1753,"[""round_window""]",False,False
699281,oversized_food,0,2125,"[""oversized_food"", ""giant_food""]",False,False
1492501,shinda_sekai_sensen_uniform,0,1546,"[""shinda_sekai_sensen_uniform""]",False,False
4051,duster,0,1841,"[""duster""]",False,True
542449,furigana,0,1860,"[""furigana""]",False,False
479155,necktie_grab,0,2051,"[""necktie_grab"", ""necktie_pull"", ""tie_grab"", ""tiegrab""]",False,True
611089,implied_yuri,0,2102,"[""implied_yuri""]",False,False
180296,wetsuit,0,1681,"[""wetsuit""]",False,True
4760,campfire,0,1886,"[""campfire""]",False,False
664838,green_wings,0,1971,"[""green_wings""]",True,False
557859,puppet_strings,0,1860,"[""puppet_strings"", ""puppet_string""]",False,False
463031,anal_hair,0,1857,"[""anal_hair""]",False,False
494923,futa_on_male,0,1766,"[""futa_on_male""]",False,False
1290693,looking_at_breasts,0,1856,"[""looking_at_breasts"", ""staring_at_breasts""]",True,False
635045,solid_eyes,0,2335,"[""solid_eyes""]",True,False
685558,cat_day,0,1935,"[""cat_day""]",False,False
11603,paper_airplane,0,1723,"[""paper_airplane"", ""paper_plane""]",False,False
1336108,crime_prevention_buzzer,0,1919,"[""crime_prevention_buzzer"", ""personal_alarm""]",False,False
1113314,thick_lips,0,2214,"[""thick_lips""]",True,False
1364633,covered_penis,0,2002,"[""covered_penis""]",False,False
394999,spooning,0,2046,"[""spooning""]",False,False
509961,battle_rifle,0,1684,"[""battle_rifle""]",False,False
1764814,compass_rose_halo,0,0,"[""compass_rose_halo""]",True,False
700361,watermelon_bar,0,1635,"[""watermelon_bar"", ""watermelon_popsicle"", ""suika_bar""]",False,False
1535711,cross_tie,0,1987,"[""cross_tie"", ""x-shaped_choker""]",False,True
468977,split_screen,0,1846,"[""split_screen""]",False,False
648546,belt_boots,0,1651,"[""belt_boots"", ""buckled_boots""]",False,True
699336,sharp_toenails,0,1818,"[""sharp_toenails"", ""pointy_toenails""]",False,True
527131,canvas_(object),0,1774,"[""canvas_(object)""]",False,False
723350,weight_conscious,0,1824,"[""weight_conscious""]",False,False
584716,camouflage_pants,0,1789,"[""camouflage_pants""]",False,True
702474,ribbed_leotard,0,1709,"[""ribbed_leotard"", ""leotard_sweater""]",False,True
11273,harp,0,1189,"[""harp""]",False,False
1432417,brown_tail,0,2787,"[""brown_tail""]",True,False
375275,climbing,0,1719,"[""climbing""]",False,False
653485,torn_leotard,0,1719,"[""torn_leotard"", ""ripped_leotard""]",False,True
494838,soda_bottle,0,1775,"[""soda_bottle"", ""coke_bottle""]",False,False
615286,pinching_sleeves,0,1731,"[""pinching_sleeves"", ""sleeve_hold""]",False,True
1510188,dildo_riding,0,1800,"[""dildo_riding""]",False,False
1346569,ass_support,0,1744,"[""ass_support""]",False,False
68500,ruler,0,1644,"[""ruler""]",False,False
735235,eye_of_horus,0,1640,"[""eye_of_horus"", ""eye_of_wedjat"", ""eye_of_wadjet"", ""eye_of_wdjat""]",False,False
494704,2011,0,1469,"[""2011""]",False,False
1102042,strawberry_hair_ornament,0,1908,"[""strawberry_hair_ornament""]",True,True
1611404,food-themed_earrings,0,1937,"[""food-themed_earrings"", ""food_themed_earrings""]",True,True
1559228,2000s_(style),0,9157,"[""2000s_(style)""]",False,False
381519,vibrator_in_thighhighs,0,1620,"[""vibrator_in_thighhighs""]",False,False
665405,white_umbrella,0,2211,"[""white_umbrella""]",False,True
1534653,holding_ice_cream,0,2797,"[""holding_ice_cream""]",False,True
607136,split_ponytail,0,1856,"[""split_ponytail""]",True,False
392839,torn_panties,0,1575,"[""torn_panties"", ""ripped_panties""]",False,True
499526,green_socks,0,3320,"[""green_socks"", ""green_kneehighs""]",False,True
1578455,cumulonimbus_cloud,0,3163,"[""cumulonimbus_cloud""]",False,False
9574,sick,0,1709,"[""sick""]",False,False
15731,clothes,0,1756,"[""clothes""]",False,True
49867,summer_festival,0,1791,"[""summer_festival""]",False,False
623242,light_censor,0,1817,"[""light_censor""]",False,False
482510,plaid_panties,0,1491,"[""plaid_panties""]",False,True
617695,big_nose,0,2311,"[""big_nose""]",False,False
1361077,mole_above_mouth,0,1764,"[""mole_above_mouth""]",False,True
1506275,riding_pokemon,0,1682,"[""riding_pokemon""]",False,True
690466,monster_energy,0,1908,"[""monster_energy""]",False,False
1585295,athletic_leotard,0,1717,"[""athletic_leotard"", ""gymnast_leotard"", ""ballet_leotard""]",False,True
1391806,two-tone_bow,0,4760,"[""two-tone_bow""]",True,False
573761,trash_bag,0,1931,"[""trash_bag"", ""trash_bags"", ""garbage_bags"", ""garbage_bag"", ""rubbish_bags"", ""rubbish_bag"", ""waste_bags"", ""waste_bag""]",False,False
1471840,headlamp,0,3241,"[""headlamp""]",False,True
712047,belly_grab,0,1842,"[""belly_grab"", ""tummy_grab""]",False,False
511422,newhalf,0,0,"[""newhalf""]",False,False
716813,sword_behind_back,0,1463,"[""sword_behind_back""]",False,True
649117,multiple_swords,0,2143,"[""multiple_swords""]",False,False
1392086,grey_bodysuit,0,2117,"[""grey_bodysuit"", ""gray_bodysuit""]",False,True
1415933,fur-trimmed_shorts,0,2241,"[""fur-trimmed_shorts""]",False,True
705927,frilled_leotard,0,1941,"[""frilled_leotard""]",False,True
16114,chalk,0,1692,"[""chalk""]",False,False
674293,gift_bag,0,1569,"[""gift_bag""]",False,False
683907,jingasa,0,3279,"[""jingasa""]",False,True
682863,hand_on_another's_leg,0,2150,"[""hand_on_another's_leg""]",False,False
1353702,hands_on_own_ass,0,2064,"[""hands_on_own_ass""]",False,False
1481865,brown_corset,0,2269,"[""brown_corset""]",False,True
1090326,bird_mask,0,1567,"[""bird_mask""]",False,True
598531,dropping,0,1758,"[""dropping""]",False,False
487512,nostrils,0,2534,"[""nostrils"", ""nostril""]",False,False
442124,orange_panties,0,1609,"[""orange_panties""]",False,True
531189,foliage,0,2217,"[""foliage""]",False,False
491661,hat_tip,0,1657,"[""hat_tip"", ""tipping_hat""]",False,True
1974818,tarot_(medium),0,1882,"[""tarot_(medium)""]",False,True
1252372,sitting_on_bench,0,0,"[""sitting_on_bench""]",False,False
165653,shirt_grab,0,1840,"[""shirt_grab""]",False,False
485392,denim_jacket,0,1836,"[""denim_jacket""]",False,True
1713082,neck_tassel,0,1836,"[""neck_tassel""]",True,False
562229,food_stand,0,1739,"[""food_stand""]",False,False
1494889,lion_boy,0,2335,"[""lion_boy""]",True,False
471850,cum_in_clothes,0,1648,"[""cum_in_clothes"", ""cum_inside_thighhigh"", ""cum_inside_clothes"", ""cum_under_clothes""]",False,False
1384370,two-tone_hairband,0,1799,"[""two-tone_hairband""]",True,True
10246,wig,0,1687,"[""wig""]",False,False
1538197,square_4koma,0,2909,"[""square_4koma""]",False,True
1414393,gradient_skin,0,2625,"[""gradient_skin""]",True,False
164246,teruterubouzu,0,1538,"[""teruterubouzu"", ""rain_doll""]",False,False
529177,ootachi,0,1751,"[""ootachi"", ""oodachi"", ""nodachi""]",False,False
456884,brown_panties,0,1620,"[""brown_panties""]",False,True
11370,island,0,1699,"[""island""]",False,False
514538,hands_on_ass,0,0,"[""hands_on_ass""]",False,False
5525,chimney,0,1734,"[""chimney""]",False,False
1538677,holding_gohei,0,2789,"[""holding_gohei""]",False,True
1415445,nanairogaoka_middle_school_uniform,0,1428,"[""nanairogaoka_middle_school_uniform""]",False,False
1719547,sailor_moon_redraw_challenge_(meme),0,1487,"[""sailor_moon_redraw_challenge_(meme)"", ""sailor_moon_redraw_challenge""]",False,False
695119,blood_in_hair,0,2613,"[""blood_in_hair"", ""bloody_hair"", ""blood_on_hair""]",False,False
533783,reins,0,1845,"[""reins""]",False,False
1334628,anchor_print,0,1771,"[""anchor_print""]",False,False
614593,white_snake,0,2376,"[""white_snake""]",False,True
591683,under_kotatsu,0,1723,"[""under_kotatsu""]",False,False
1575185,polka_dot_headwear,0,1802,"[""polka_dot_headwear"", ""polka_dot_hat""]",True,True
11756,cup_ramen,0,2160,"[""cup_ramen"", ""cup_noodles""]",False,False
121795,inline_skates,0,1546,"[""inline_skates"", ""roller_blades"", ""rollerblades""]",False,False
478077,ready_to_draw,0,1567,"[""ready_to_draw""]",False,False
1033270,white_garter_straps,0,2319,"[""white_garter_straps""]",False,True
465806,voice_actor,0,2109,"[""voice_actor"", ""seiyuu"", ""voice_actress""]",False,False
416557,ammunition_belt,0,1679,"[""ammunition_belt"", ""ammo_belt""]",False,False
1396368,frilled_ascot,0,1818,"[""frilled_ascot""]",False,True
570043,pine_tree,0,2107,"[""pine_tree""]",False,False
1243775,colored_shadow,0,2043,"[""colored_shadow""]",False,True
643256,tentacle_pit,0,1835,"[""tentacle_pit""]",False,False
428847,ugly_man,0,2021,"[""ugly_man""]",False,False
1490333,yellow_sleeves,0,2320,"[""yellow_sleeves""]",False,True
465875,age_regression,0,1562,"[""age_regression"", ""de-aging""]",False,True
1295636,shark_costume,0,1790,"[""shark_costume""]",False,True
663895,hand_on_own_neck,0,2157,"[""hand_on_own_neck"", ""hand_on_own_throat""]",False,False
15147,concert,0,2122,"[""concert""]",False,False
1399022,no_sclera,0,2516,"[""no_sclera""]",False,False
615253,applying_makeup,0,1922,"[""applying_makeup"", ""putting_on_makeup""]",False,False
3114,thread,0,1781,"[""thread"", ""threads""]",False,False
365028,stealth_sex,0,1696,"[""stealth_sex"", ""hidden_sex""]",False,False
1549436,cutout_above_navel,0,2526,"[""cutout_above_navel""]",False,True
1360081,purple_scrunchie,0,1898,"[""purple_scrunchie""]",True,True
567635,portrait_(object),0,1903,"[""portrait_(object)""]",False,False
12011,potato,0,1628,"[""potato"", ""potatoes""]",False,False
1601,clapping,0,1804,"[""clapping"", ""clap""]",False,False
1277344,soap_censor,0,1545,"[""soap_censor"", ""censor_soap""]",False,False
420441,teamwork,0,614,"[""teamwork""]",False,False
406042,exhausted,0,2019,"[""exhausted""]",False,False
470625,torn_gloves,0,1651,"[""torn_gloves"", ""ripped_gloves""]",False,True
419773,iphone,0,1912,"[""iphone""]",False,False
1388990,two-tone_legwear,0,1487,"[""two-tone_legwear""]",False,True
481999,motorcycle_helmet,0,1794,"[""motorcycle_helmet""]",False,True
502383,elezen,0,1704,"[""elezen""]",False,False
1498023,adapted_turret,0,1731,"[""adapted_turret""]",False,False
1406324,no_blindfold,0,1576,"[""no_blindfold""]",False,False
1592562,high-waist_pantyhose,0,1472,"[""high-waist_pantyhose""]",False,True
712473,mummy_costume,0,2699,"[""mummy_costume""]",False,True
1301010,orange_sweater,0,1934,"[""orange_sweater""]",False,True
3533,laundry,0,1609,"[""laundry""]",False,False
500653,mahjong_tile,0,2059,"[""mahjong_tile"", ""mahjong_tiles""]",False,True
2795,picnic,0,1717,"[""picnic""]",False,False
424623,unitard,0,1607,"[""unitard""]",False,True
575592,glowing_wings,0,1573,"[""glowing_wings""]",True,False
713580,torn_jacket,0,1816,"[""torn_jacket"", ""ripped_jacket""]",False,True
68505,bikesuit,0,1831,"[""bikesuit"", ""biker_suit"", ""bike_suit""]",False,True
522628,upshorts,0,1541,"[""upshorts""]",False,True
1461344,papakha,0,1544,"[""papakha""]",False,True
582353,lace-trimmed_gloves,0,1647,"[""lace-trimmed_gloves""]",False,True
1479378,silver_trim,0,1603,"[""silver_trim""]",False,True
659959,scarf_over_mouth,0,1727,"[""scarf_over_mouth""]",False,True
611065,lace_choker,0,2113,"[""lace_choker""]",False,True
1345310,collared_vest,0,2259,"[""collared_vest""]",False,True
565279,german_flag,0,1486,"[""german_flag""]",False,False
989449,paw_print_background,0,1729,"[""paw_print_background"", ""paw_background""]",False,False
468850,tall,0,333,"[""tall""]",False,False
383675,bus_stop,0,1633,"[""bus_stop"", ""busstop""]",False,False
1522400,tented_shirt,0,1628,"[""tented_shirt""]",False,True
668837,ghost_costume,0,2066,"[""ghost_costume""]",False,True
668886,animal_on_lap,0,1806,"[""animal_on_lap""]",False,True
11835,ballet,0,1795,"[""ballet""]",False,True
1515353,grey_theme,0,1779,"[""grey_theme"", ""gray_theme""]",False,False
379743,saw,0,1746,"[""saw""]",False,False
374636,unicorn,0,1815,"[""unicorn""]",False,False
390867,soda,0,1901,"[""soda"", ""soft_drink""]",False,False
1243627,penis_peek,0,1691,"[""penis_peek""]",False,True
1786594,tokyo-3_middle_school_uniform,0,1780,"[""tokyo-3_middle_school_uniform"", ""tokyo-3_middle_school_uniform_(evangelion)""]",False,False
1350036,crystal_earrings,0,1667,"[""crystal_earrings""]",True,True
1274515,double_w,0,1899,"[""double_w""]",False,True
539907,calico,0,1872,"[""calico""]",False,False
12413,coffin,0,1853,"[""coffin""]",False,False
1315295,holding_another's_hair,0,3082,"[""holding_another's_hair""]",False,False
16355,sundae,0,1733,"[""sundae""]",False,False
398497,mouth_pull,0,1666,"[""mouth_pull""]",False,False
482734,bicorne,0,1593,"[""bicorne"", ""bicorne_hat""]",False,True
1433794,holding_saucer,0,2029,"[""holding_saucer""]",False,True
399923,washing,0,967,"[""washing""]",False,False
404788,wrestling_ring,0,1532,"[""wrestling_ring""]",False,False
1358423,multicolored_footwear,0,2185,"[""multicolored_footwear""]",False,True
651163,kourindou_tengu_costume,0,1542,"[""kourindou_tengu_costume""]",False,True
593295,red_border,0,1987,"[""red_border""]",False,True
618005,pennant,0,1645,"[""pennant""]",False,False
252960,tengu,0,1510,"[""tengu""]",False,False
707712,consensual_tentacles,0,1479,"[""consensual_tentacles"", ""consentacles""]",False,False
675461,rolling_suitcase,0,1754,"[""rolling_suitcase""]",False,False
27649,phallic_symbol,0,2055,"[""phallic_symbol"", ""phallic_object""]",False,False
593299,pink_border,0,2345,"[""pink_border""]",False,True
8722,detective,0,1704,"[""detective""]",False,True
491766,painterly,0,2857,"[""painterly""]",False,False
483367,pornography,0,1812,"[""pornography""]",False,False
1393886,multicolored_kimono,0,1773,"[""multicolored_kimono"", ""multicolored_yukata""]",False,True
550954,drawing_sword,0,1809,"[""drawing_sword""]",False,True
1152233,star_tattoo,0,1759,"[""star_tattoo""]",False,False
555475,pixiv_logo,0,1816,"[""pixiv_logo""]",False,False
1260944,heart-shaped_lock,0,1612,"[""heart-shaped_lock""]",False,False
540293,vampire_costume,0,1716,"[""vampire_costume""]",False,True
1499492,k/da_(league_of_legends),0,1482,"[""k/da_(league_of_legends)"", ""kda""]",False,False
437409,hospital_bed,0,1710,"[""hospital_bed""]",False,False
710257,odd_one_out,0,1472,"[""odd_one_out""]",False,False
421120,shell_bikini,0,1587,"[""shell_bikini"", ""seashell_bra"", ""shell_bra"", ""seashell_bikini""]",False,True
842878,liquid_hair,0,1710,"[""liquid_hair"", ""water_hair""]",True,False
476447,kurokote,0,3758,"[""kurokote""]",False,False
498775,orange_skin,0,2218,"[""orange_skin""]",True,False
437001,living_clothes,0,1523,"[""living_clothes""]",False,False
1408058,brown_leotard,0,1616,"[""brown_leotard""]",False,True
499809,butterfly_net,0,1681,"[""butterfly_net"", ""bug_net""]",False,False
1476659,french_text,0,1554,"[""french_text"", ""french""]",False,False
1404921,pink_ascot,0,1710,"[""pink_ascot"", ""pink_jabot""]",False,True
591348,breast_cutout,0,1860,"[""breast_cutout""]",False,True
1433301,two-tone_leotard,0,2226,"[""two-tone_leotard""]",False,True
1435997,eye_trail,0,2227,"[""eye_trail""]",False,False
1468288,holding_violin,0,1990,"[""holding_violin""]",False,True
383546,stole,0,2785,"[""stole""]",False,True
451182,grimoire,0,1576,"[""grimoire""]",False,False
1759071,cetacean_tail,0,1877,"[""cetacean_tail"", ""orca_tail"", ""whale_tail_(animal_tail)"", ""dolphin_tail"", ""narwhal_tail""]",True,True
438516,zabuton,0,1582,"[""zabuton"", ""seiza_pillow""]",False,False
1365868,holding_envelope,0,1889,"[""holding_envelope""]",False,True
1491890,deer_antlers,0,2426,"[""deer_antlers""]",False,False
1232450,sparkle_print,0,1680,"[""sparkle_print""]",False,True
1409572,yellow_leotard,0,1822,"[""yellow_leotard""]",False,True
682869,extra_mouth,0,1990,"[""extra_mouth"", ""multiple_mouths""]",False,False
515827,frog_print,0,1608,"[""frog_print""]",False,True
1484444,yellow_butterfly,0,1812,"[""yellow_butterfly""]",False,True
529750,glowing_hair,0,1747,"[""glowing_hair""]",True,False
1497572,battery_indicator,0,2297,"[""battery_indicator""]",False,False
516468,fake_cover,0,1620,"[""fake_cover""]",False,False
1403674,pink_camisole,0,2105,"[""pink_camisole""]",False,True
1825467,androgyne_symbol,0,1640,"[""androgyne_symbol""]",False,False
1421701,smokestack_hair_ornament,0,1547,"[""smokestack_hair_ornament""]",True,False
383146,panties_on_head,0,1411,"[""panties_on_head""]",True,True
489621,corded_phone,0,1721,"[""corded_phone""]",False,False
10428,wading_pool,0,1455,"[""wading_pool"", ""kiddie_pool"", ""inflatable_pool"", ""wadingpool""]",False,False
378487,telescope,0,1592,"[""telescope""]",False,False
1248643,lapel_pin,0,2177,"[""lapel_pin""]",False,True
1255353,loungewear,0,2039,"[""loungewear""]",False,True
1575195,crocodilian_tail,0,1498,"[""crocodilian_tail"", ""crocodile_tail"", ""alligator_tail""]",True,False
15057,nearly_naked_apron,0,1454,"[""nearly_naked_apron"", ""nearly_nude_apron""]",False,True
504393,looking_outside,0,1784,"[""looking_outside"", ""looking_out_window""]",False,False
877388,long_tail,0,3181,"[""long_tail""]",True,True
1311812,green_hakama,0,1665,"[""green_hakama""]",False,True
1657724,just_the_tip,0,1781,"[""just_the_tip""]",False,False
388391,screwdriver,0,1621,"[""screwdriver"", ""screw_driver""]",False,False
1470893,blue_brooch,0,2946,"[""blue_brooch""]",False,False
10157,honey,0,1612,"[""honey""]",False,False
665720,candy_wrapper,0,1683,"[""candy_wrapper""]",False,False
578777,outstretched_leg,0,1718,"[""outstretched_leg"", ""leg_outstretched""]",False,False
597826,santa_gloves,0,1545,"[""santa_gloves""]",False,True
862310,kodona,0,0,"[""kodona""]",False,True
457725,traffic_cone,0,1747,"[""traffic_cone"", ""pylon_(traffic)"", ""road_cone"", ""traffic_cones""]",False,False
1445390,aria_company_uniform,0,1466,"[""aria_company_uniform""]",False,False
406035,legs_over_head,0,1501,"[""legs_over_head""]",True,False
577111,pearl_earrings,0,2860,"[""pearl_earrings""]",True,True
5563,comparison,0,1605,"[""comparison""]",False,False
666509,>o<,0,2049,"["">o<""]",False,False
619281,blue_border,0,2344,"[""blue_border""]",False,True
1327189,glowing_horns,0,1504,"[""glowing_horns""]",True,False
375033,bored,0,1613,"[""bored""]",False,False
1337534,boobplate,0,1765,"[""boobplate""]",False,True
515225,sperm_cell,0,1679,"[""sperm_cell""]",False,False
10639,yarn,0,1647,"[""yarn""]",False,False
1514329,instagram_logo,0,2374,"[""instagram_logo""]",False,False
317,bus,0,1346,"[""bus""]",False,False
406420,popcorn,0,1771,"[""popcorn""]",False,False
6160,cocktail,0,1632,"[""cocktail""]",False,False
1417853,heart_collar,0,1942,"[""heart_collar""]",False,True
463235,training_bra,0,1655,"[""training_bra""]",False,True
1329192,arm_armor,0,2315,"[""arm_armor""]",False,True
413107,puffy_cheeks,0,1731,"[""puffy_cheeks"", ""puffed_cheeks"", ""puffing_cheek""]",False,False
556112,red_tail,0,1966,"[""red_tail""]",True,False
1627136,excalibur_morgan_(fate),0,1585,"[""excalibur_morgan_(fate)"", ""excalibur_morgan"", ""dark_excalibur""]",False,False
10326,archery,0,1529,"[""archery""]",False,False
470859,purple_socks,0,2318,"[""purple_socks"", ""purple_kneehighs""]",False,True
1402775,white_mask,0,2622,"[""white_mask""]",False,True
375906,hot_dog,0,1657,"[""hot_dog"", ""hotdog""]",False,False
519382,decepticon,0,1622,"[""decepticon""]",False,False
1872936,fourth_east_high_school_uniform,0,1967,"[""fourth_east_high_school_uniform""]",False,True
637714,holding_legs,0,1495,"[""holding_legs""]",False,False
613598,polka_dot_legwear,0,1344,"[""polka_dot_legwear"", ""polka-dot_legwear""]",False,True
12725,headless,0,1678,"[""headless""]",False,False
616555,uchikake,0,1450,"[""uchikake"", ""wedding_kimono""]",False,True
3419,shinai,0,1453,"[""shinai"", ""bamboo_sword""]",False,False
549266,grocery_bag,0,1559,"[""grocery_bag""]",False,False
509238,dialogue_box,0,2053,"[""dialogue_box""]",False,False
1869216,surrounded_by_penises,0,2950,"[""surrounded_by_penises""]",False,True
1556082,print_headwear,0,1776,"[""print_headwear"", ""print_hat""]",True,True
10938,reindeer,0,1464,"[""reindeer""]",False,False
1508825,pouring_onto_self,0,1668,"[""pouring_onto_self""]",False,True
1344962,egg_hair_ornament,0,1594,"[""egg_hair_ornament""]",True,True
720344,round-bottom_flask,0,1776,"[""round-bottom_flask"", ""florence_flask""]",False,False
538478,haniwa_(statue),0,1641,"[""haniwa_(statue)""]",False,False
1424580,oda_uri,0,1570,"[""oda_uri""]",False,False
1853184,kamiyama_high_school_uniform_(hyouka),0,1367,"[""kamiyama_high_school_uniform_(hyouka)"", ""kamiyama_high_school_uniform""]",False,True
1915073,art_tools_in_frame,0,2060,"[""art_tools_in_frame""]",False,False
540308,baggy_clothes,0,1658,"[""baggy_clothes""]",False,True
551459,kine,0,1485,"[""kine"", ""mochi_mallet""]",False,True
1353739,borrowed_design,0,1754,"[""borrowed_design"", ""borrowed_costume""]",False,False
482391,bad_food,0,1472,"[""bad_food"", ""food_of_doom""]",False,False
513996,lyrics,0,1901,"[""lyrics"", ""song_lyrics""]",False,False
535323,art_brush,0,1378,"[""art_brush""]",False,False
497292,bo_staff,0,1409,"[""bo_staff""]",False,False
473049,doily,0,1475,"[""doily""]",False,False
1371202,yellow_cape,0,2145,"[""yellow_cape""]",False,True
16833,sidewalk,0,1904,"[""sidewalk""]",False,False
682286,title_parody,0,1468,"[""title_parody""]",False,False
11125,asian,0,2101,"[""asian""]",False,False
383854,native_american,0,1559,"[""native_american""]",False,True
579303,tail_ring,0,1777,"[""tail_ring""]",False,False
1326625,implied_yaoi,0,1950,"[""implied_yaoi""]",False,False
652288,alphes_(style),0,1302,"[""alphes_(style)""]",False,False
10014,washing_machine,0,1687,"[""washing_machine""]",False,False
1341736,hanten_(clothes),0,1519,"[""hanten_(clothes)""]",False,True
62962,buruma_pull,0,1398,"[""buruma_pull"", ""burumapull""]",False,True
1319348,holding_bucket,0,2019,"[""holding_bucket""]",False,True
688664,adjusting_legwear,0,1460,"[""adjusting_legwear"", ""adjusting_pantyhose"", ""adjusting_thighhigh"", ""adjusting_thighhighs""]",False,True
753278,analog_clock,0,1745,"[""analog_clock""]",False,False
1959261,mecha_focus,0,4951,"[""mecha_focus""]",False,False
502348,eyelid_pull,0,1838,"[""eyelid_pull""]",False,False
668848,multiple_monochrome,0,1509,"[""multiple_monochrome""]",False,False
10023,toilet_use,0,1490,"[""toilet_use"", ""using_toilet""]",False,False
1410988,pravda_school_uniform,0,1350,"[""pravda_school_uniform""]",False,False
505302,bar_stool,0,1799,"[""bar_stool""]",False,False
493245,theft,0,1447,"[""theft"", ""stealing""]",False,False
577453,lace_gloves,0,1795,"[""lace_gloves""]",False,True
1334692,side_drill,0,1645,"[""side_drill""]",True,True
607245,cropped_arms,0,1464,"[""cropped_arms""]",False,False
615525,blue_tail,0,2142,"[""blue_tail""]",True,False
434844,folding_chair,0,1716,"[""folding_chair""]",False,False
1958420,sideburns_stubble,0,3492,"[""sideburns_stubble""]",False,True
395011,tube_dress,0,1663,"[""tube_dress""]",False,True
1438041,blue_sports_bra,0,1687,"[""blue_sports_bra""]",False,True
1480873,presenting_foot,0,2476,"[""presenting_foot""]",False,False
1881209,naranja_academy_school_uniform,0,1927,"[""naranja_academy_school_uniform"", ""naranja_academy_uniform""]",False,False
416752,strap_lift,0,1420,"[""strap_lift""]",False,True
1609031,scar_on_mouth,0,1836,"[""scar_on_mouth"", ""mouth_scar""]",False,True
611912,huge_eyebrows,0,1834,"[""huge_eyebrows""]",True,False
1327704,nejiri_hachimaki,0,1186,"[""nejiri_hachimaki""]",False,True
1771225,lord_camelot_(fate),0,1587,"[""lord_camelot_(fate)""]",False,False
599606,fuuin_no_tsue,0,1498,"[""fuuin_no_tsue""]",False,False
407500,easel,0,1611,"[""easel""]",False,False
1323466,brown_nails,0,1710,"[""brown_nails"", ""brown_fingernails""]",False,False
538324,manga_cover,0,1727,"[""manga_cover"", ""tankoubon_cover""]",False,False
393237,bandolier,0,1599,"[""bandolier""]",False,False
469127,hair_wings,0,393,"[""hair_wings""]",True,False
652086,gathers,0,1328,"[""gathers""]",False,True
540095,bilingual,0,1806,"[""bilingual""]",False,False
627286,covering_one_eye,0,1595,"[""covering_one_eye"", ""covering_eye""]",False,True
542338,snake_hair,0,1718,"[""snake_hair"", ""gorgon"", ""medusa""]",True,False
467246,dotted_line,0,2003,"[""dotted_line"", ""dotted_outline"", ""dashed_outline""]",False,False
665204,thick_eyelashes,0,3102,"[""thick_eyelashes""]",True,False
1230967,rook_(chess),0,1358,"[""rook_(chess)""]",False,True
1610148,poster_(medium),0,1631,"[""poster_(medium)""]",False,False
586561,penises_touching,0,1501,"[""penises_touching"", ""penis_touching""]",False,False
1561175,champion_uniform,0,1325,"[""champion_uniform""]",False,False
1292517,glowing_butterfly,0,1752,"[""glowing_butterfly""]",False,True
1825415,shuujin_academy_school_uniform,0,1545,"[""shuujin_academy_school_uniform"", ""shuujin_academy_uniform""]",False,False
714474,thighhighs_over_pantyhose,0,1847,"[""thighhighs_over_pantyhose""]",False,True
374852,wakizashi,0,1454,"[""wakizashi""]",False,True
417929,tennis_ball,0,1521,"[""tennis_ball""]",False,False
550074,in_water,0,1919,"[""in_water""]",False,False
432965,red_oni,0,1389,"[""red_oni""]",False,False
389154,screw,0,1529,"[""screw""]",False,False
1703807,star_sticker,0,2084,"[""star_sticker""]",False,False
414165,cum_on_pussy,0,1400,"[""cum_on_pussy""]",False,False
419287,swim_cap,0,1388,"[""swim_cap"", ""swimcap"", ""swimming_cap""]",True,True
1399017,grey_tail,0,2059,"[""grey_tail""]",True,False
660791,fur_cape,0,1818,"[""fur_cape""]",False,True
393428,vaulting_horse,0,1364,"[""vaulting_horse"", ""tobibako""]",False,False
1382643,flaming_weapon,0,1817,"[""flaming_weapon"", ""fiery_weapon"", ""flame_weapon"", ""fire_weapon"", ""burning_weapon""]",False,False
1452498,grey_capelet,0,1782,"[""grey_capelet""]",False,True
1915726,choppy_bangs,0,2590,"[""choppy_bangs""]",True,False
482205,crayon,0,1571,"[""crayon"", ""crayons""]",False,False
472653,stained_panties,0,1663,"[""stained_panties""]",False,True
1058783,aviator_sunglasses,0,1633,"[""aviator_sunglasses"", ""aviator_glasses""]",True,True
1512007,pill_earrings,0,1403,"[""pill_earrings""]",True,True
620608,no_tail,0,1598,"[""no_tail""]",True,False
553905,pink_tail,0,2135,"[""pink_tail""]",True,False
632074,owl_ears,0,1410,"[""owl_ears""]",True,False
2430,recorder,0,1441,"[""recorder""]",False,False
13242,hanetsuki,0,1365,"[""hanetsuki""]",False,False
1350215,blue_robe,0,2665,"[""blue_robe""]",False,True
510057,sand_sculpture,0,1508,"[""sand_sculpture""]",False,False
462605,snack,0,1528,"[""snack"", ""snacks""]",False,False
497027,pointy_breasts,0,1619,"[""pointy_breasts"", ""torpedo_breasts"", ""very_perky_breasts""]",True,False
374917,prison_clothes,0,1709,"[""prison_clothes"", ""prisoner_uniform"", ""prison_uniform""]",False,True
548331,bamboo_steamer,0,1679,"[""bamboo_steamer""]",False,False
9535,icing,0,2012,"[""icing"", ""frosting""]",False,False
1441859,aqua_footwear,0,1899,"[""aqua_footwear"", ""aqua_shoes""]",False,True
399166,cursor,0,1851,"[""cursor"", ""mouse_pointer""]",False,False
1193565,jimiko,0,1810,"[""jimiko""]",False,False
54102,noose,0,1679,"[""noose""]",False,False
576788,drying_hair,0,1611,"[""drying_hair""]",False,True
452607,2009,0,1310,"[""2009""]",False,False
80452,unzipping,0,1474,"[""unzipping""]",False,True
548516,pinstripe_shirt,0,2016,"[""pinstripe_shirt""]",False,True
1305509,box_of_chocolates,0,1672,"[""box_of_chocolates"", ""chocolate_box""]",False,False
543900,hat_over_one_eye,0,1574,"[""hat_over_one_eye""]",True,True
1835765,evangelion_(mecha),0,1465,"[""evangelion_(mecha)""]",False,False
2016852,full_beard,0,3725,"[""full_beard""]",True,True
675942,zun_(style),0,1556,"[""zun_(style)"", ""oota_jun'ya_(style)""]",False,False
641957,bishop_(chess),0,1326,"[""bishop_(chess)""]",False,True
382573,akanbe,0,1715,"[""akanbe""]",False,False
378755,beans,0,1407,"[""beans"", ""bean""]",False,False
1793017,griffin_&_kryuger_military_uniform,0,1405,"[""griffin_&_kryuger_military_uniform"", ""griffin_and_kryuger_military_uniform""]",False,False
1501467,bandaid_hair_ornament,0,3023,"[""bandaid_hair_ornament""]",True,True
1719544,they_had_lots_of_sex_afterwards_(meme),0,1329,"[""they_had_lots_of_sex_afterwards_(meme)"", ""they_had_lots_of_sex_afterwards""]",False,False
583869,character_censor,0,1583,"[""character_censor""]",False,False
5119,pinwheel,0,1476,"[""pinwheel"", ""paper_windmill""]",False,False
691041,yellow_sky,0,1889,"[""yellow_sky""]",False,False
462239,chinese_new_year,0,1717,"[""chinese_new_year"", ""lunar_new_year""]",False,False
1270632,huge_moon,0,1684,"[""huge_moon""]",False,True
4640,hanbok,0,1850,"[""hanbok""]",False,True
191357,loose_shirt,0,1561,"[""loose_shirt"", ""loose_blouse""]",False,True
1324009,lactation_through_clothes,0,1499,"[""lactation_through_clothes""]",False,False
11435,spreader_bar,0,1324,"[""spreader_bar"", ""spread_bar""]",False,False
1354455,year_of_the_rat,0,1295,"[""year_of_the_rat""]",False,True
378166,star_of_david,0,1434,"[""star_of_david""]",False,False
1638312,footwear_ribbon,0,1625,"[""footwear_ribbon"", ""boot_ribbon"", ""shoe_ribbon""]",True,True
463437,pencil_case,0,1505,"[""pencil_case""]",False,False
411498,tearing_clothes,0,1438,"[""tearing_clothes""]",False,True
1497365,pov_doorway,0,2049,"[""pov_doorway""]",False,False
1666453,mage_staff,0,2915,"[""mage_staff""]",False,False
1504031,white_butterfly,0,2078,"[""white_butterfly""]",False,True
1384374,grey_hairband,0,1851,"[""grey_hairband""]",True,True
642323,teacher_and_student,0,1936,"[""teacher_and_student""]",False,False
1835593,ornate_ring,0,1352,"[""ornate_ring"", ""gem_ring"", ""gemstone_ring""]",False,True
1855849,ass_ripple,0,2171,"[""ass_ripple""]",False,False
375377,boar,0,1509,"[""boar"", ""boars""]",False,False
1427498,holding_pizza,0,1811,"[""holding_pizza""]",False,False
1430264,coin_hair_ornament,0,1394,"[""coin_hair_ornament""]",True,True
669112,broken_weapon,0,1465,"[""broken_weapon""]",False,False
472508,drum_(container),0,1339,"[""drum_(container)"", ""oil_barrel"", ""metal_drum"", ""oil_drum""]",False,False
1509338,holding_tablet_pc,0,2126,"[""holding_tablet_pc""]",False,True
477060,hair_lift,0,2272,"[""hair_lift""]",False,False
412162,bucket_hat,0,1968,"[""bucket_hat""]",True,True
4910,corn,0,1548,"[""corn"", ""maize""]",False,False
646003,curled_fingers,0,2653,"[""curled_fingers""]",False,False
1734694,musou_isshin_(genshin_impact),0,1494,"[""musou_isshin_(genshin_impact)""]",False,False
16756,aquarium,0,1399,"[""aquarium""]",False,False
5248,snowball,0,1570,"[""snowball""]",False,False
10673,vore,0,1441,"[""vore""]",False,False
1441951,gold_footwear,0,1770,"[""gold_footwear""]",False,True
16918,tutu,0,1663,"[""tutu""]",False,True
1427833,holding_popsicle,0,3825,"[""holding_popsicle""]",False,True
1509089,between_pectorals,0,1411,"[""between_pectorals"", ""between_pecs""]",False,True
1343008,orange_vest,0,1898,"[""orange_vest""]",False,True
1258067,hands_on_own_stomach,0,1861,"[""hands_on_own_stomach""]",False,False
646377,kikumon,0,1341,"[""kikumon""]",False,False
1379986,alpaca_ears,0,1286,"[""alpaca_ears""]",True,True
5254,thermometer,0,1440,"[""thermometer""]",False,False
412915,pet_bowl,0,1524,"[""pet_bowl"", ""food_bowl"", ""dog_bowl""]",False,False
710509,antique_firearm,0,1555,"[""antique_firearm""]",False,False
1605157,colored_nipples,0,1664,"[""colored_nipples""]",False,False
548066,blending,0,1874,"[""blending""]",False,False
1749113,arthropod_limbs,0,1857,"[""arthropod_limbs"", ""spider_arms"", ""insect_arms"", ""arthropod_legs"", ""spider_legs"", ""insect_legs""]",False,False
513425,nib_pen_(medium),0,1419,"[""nib_pen_(medium)"", ""fountain_pen_(medium)"", ""tsukepen"", ""nib_pen""]",False,False
383197,toilet_paper,0,1485,"[""toilet_paper""]",False,False
1353525,from_outside,0,1523,"[""from_outside""]",False,False
702958,holding_ribbon,0,1721,"[""holding_ribbon""]",False,True
1399041,yellow_tail,0,2012,"[""yellow_tail""]",True,False
2374,shopping,0,1549,"[""shopping""]",False,False
464554,dandelion,0,1624,"[""dandelion"", ""dandelions""]",False,False
1409664,floating_scarf,0,1543,"[""floating_scarf"", ""flowing_scarf""]",False,True
1488405,mole_on_cheek,0,2251,"[""mole_on_cheek""]",False,True
657589,crotch_cutout,0,1592,"[""crotch_cutout"", ""heart_crotch_cutout""]",False,True
1926688,low-tied_sidelocks,0,2880,"[""low-tied_sidelocks"", ""low_tied_sidelocks""]",True,False
612322,sheikah,0,1337,"[""sheikah""]",False,False
1469257,single_epaulette,0,1679,"[""single_epaulette""]",False,True
543093,motherly,0,1360,"[""motherly""]",False,False
1513405,heart_facial_mark,0,2379,"[""heart_facial_mark""]",False,True
1391449,cropped_sweater,0,2354,"[""cropped_sweater""]",False,True
430316,messenger_bag,0,1599,"[""messenger_bag""]",False,True
1716159,human_scabbard,0,1440,"[""human_scabbard"", ""sword_out_of_chest""]",False,False
519987,pikmin_(creature),0,2065,"[""pikmin_(creature)""]",False,False
720294,weasel_ears,0,1632,"[""weasel_ears"", ""stoat_ears""]",True,True
398803,cowboy_boots,0,1502,"[""cowboy_boots""]",False,True
1423439,livestream,0,1762,"[""livestream"", ""streaming"", ""twitch_stream""]",False,False
395164,napkin,0,1696,"[""napkin""]",False,False
1325319,wrist_bow,0,1883,"[""wrist_bow""]",True,True
1411111,keizoku_military_uniform,0,1386,"[""keizoku_military_uniform""]",False,False
1238293,grey_wings,0,1733,"[""grey_wings"", ""gray_wings""]",True,False
3614,stain,0,1358,"[""stain""]",False,False
204274,upshirt,0,1433,"[""upshirt""]",False,True
1569456,pizza_slice,0,1680,"[""pizza_slice"", ""slice_of_pizza""]",False,False
552812,in_cup,0,1479,"[""in_cup"", ""girl_in_a_cup""]",False,True
396687,hourglass,0,1611,"[""hourglass""]",False,False
487760,under_tree,0,1448,"[""under_tree""]",False,False
594313,shoulder_holster,0,1719,"[""shoulder_holster"", ""armpit_holster""]",False,False
1427573,brown_sleeves,0,2019,"[""brown_sleeves""]",False,True
670641,clothes_between_breasts,0,1464,"[""clothes_between_breasts"", ""clothing_between_breasts""]",False,True
9017,kaijuu,0,0,"[""kaijuu"", ""kaiju""]",False,False
642029,queen_(chess),0,1306,"[""queen_(chess)""]",False,False
645655,wall_clock,0,1579,"[""wall_clock""]",False,False
15251,undead,0,1579,"[""undead""]",False,False
1720557,swimsuit_cover-up,0,1421,"[""swimsuit_cover-up"", ""cover-up""]",False,True
430138,double_vertical_stripe,0,1500,"[""double_vertical_stripe""]",False,True
533033,covering_ass,0,1300,"[""covering_ass""]",False,True
390528,seaweed,0,1508,"[""seaweed""]",False,False
1439729,green_fur,0,2104,"[""green_fur""]",False,False
475500,kissing_hand,0,1703,"[""kissing_hand"", ""hand_kiss""]",False,True
469710,energy_drink,0,1613,"[""energy_drink""]",False,False
1298677,armpit_cutout,0,1885,"[""armpit_cutout""]",False,True
1364890,white_hood,0,2446,"[""white_hood""]",False,True
1397788,brown_choker,0,1689,"[""brown_choker""]",False,True
1799877,tracen_swimsuit,0,1729,"[""tracen_swimsuit""]",False,False
1239921,pink_sky,0,1887,"[""pink_sky""]",False,False
7702,hairjob,0,1409,"[""hairjob""]",False,False
508103,tentacles_under_clothes,0,1410,"[""tentacles_under_clothes""]",False,False
415025,convenience_store,0,1528,"[""convenience_store"", ""konbini""]",False,False
608993,uncommon_stimulation,0,1400,"[""uncommon_stimulation""]",False,False
1090981,tantou,0,1315,"[""tantou""]",False,False
714848,rectangular_mouth,0,2368,"[""rectangular_mouth"", ""square_mouth"", "":[]""]",False,False
723519,chin_strap,0,1601,"[""chin_strap""]",False,True
1601728,gladiator_sandals,0,1850,"[""gladiator_sandals"", ""gladiator_boots""]",False,True
1414615,mole_on_stomach,0,1638,"[""mole_on_stomach""]",False,True
687072,dark_areolae,0,1656,"[""dark_areolae""]",False,False
568887,single_boot,0,1380,"[""single_boot""]",False,True
633878,pursed_lips,0,1527,"[""pursed_lips""]",True,False
1579902,nata_(tool),0,1284,"[""nata_(tool)"", ""hatchet_(oriental)"", ""oriental_hatchet""]",False,False
1444217,red_tank_top,0,2291,"[""red_tank_top""]",False,True
1326378,black_umbrella,0,1701,"[""black_umbrella""]",False,True
1289607,nursing_handjob,0,1519,"[""nursing_handjob""]",False,False
713277,no_eyepatch,0,1488,"[""no_eyepatch""]",True,False
568990,blue_tunic,0,2159,"[""blue_tunic""]",False,True
572545,wall_of_text,0,1313,"[""wall_of_text""]",False,False
669932,wrist_wrap,0,1788,"[""wrist_wrap"", ""wrist_wraps""]",False,True
182494,audience,0,1517,"[""audience""]",False,False
1258824,print_shorts,0,1414,"[""print_shorts""]",False,False
6481,tools,0,1377,"[""tools"", ""tool""]",False,False
837919,deer_girl,0,2201,"[""deer_girl""]",True,False
1230297,single_wrist_cuff,0,1661,"[""single_wrist_cuff"", ""single_wristcuff""]",False,True
478362,kepi,0,1671,"[""kepi""]",False,True
16929,barbed_wire,0,1549,"[""barbed_wire"", ""razor_wire""]",False,False
1461059,white_headdress,0,3206,"[""white_headdress""]",True,True
610305,hand_to_head,0,1315,"[""hand_to_head""]",False,False
445618,wet_dress,0,1411,"[""wet_dress""]",False,True
432413,lute_(instrument),0,1356,"[""lute_(instrument)""]",False,False
1662233,jujutsu_tech_uniform,0,1700,"[""jujutsu_tech_uniform""]",False,False
1932,ipod,0,1227,"[""ipod""]",False,False
1609648,cum_on_pectorals,0,1314,"[""cum_on_pectorals"", ""semen_on_pecs""]",False,False
703702,hooded_track_jacket,0,1216,"[""hooded_track_jacket""]",False,True
521714,cursive,0,1559,"[""cursive""]",False,False
409179,smoking_gun,0,0,"[""smoking_gun""]",False,False
1483518,orange_sleeves,0,1647,"[""orange_sleeves""]",False,True
1423578,brown_collar,0,1449,"[""brown_collar""]",False,True
1452852,two-tone_cape,0,1835,"[""two-tone_cape""]",False,True
458295,rising_sun_flag,0,1240,"[""rising_sun_flag"", ""rising_sun""]",False,False
1398131,hooded_bodysuit,0,1445,"[""hooded_bodysuit""]",False,True
1505137,thai_text,0,1621,"[""thai_text"", ""thai""]",False,False
458547,wood,0,1267,"[""wood""]",False,False
609075,red_mask,0,2382,"[""red_mask""]",False,True
1750472,galaxy_expedition_team_survey_corps_uniform,0,1360,"[""galaxy_expedition_team_survey_corps_uniform""]",False,False
377994,playing,0,1395,"[""playing""]",False,False
417078,bayonet,0,1428,"[""bayonet""]",False,False
1303973,white_towel,0,0,"[""white_towel""]",False,False
526671,child's_drawing,0,1536,"[""child's_drawing"", ""child_drawing""]",False,False
1433477,floating_cape,0,2234,"[""floating_cape"", ""floating_capelet"", ""floating_cloak"", ""cape_billowing""]",False,False
527344,body_armor,0,1487,"[""body_armor""]",False,True
1414486,red_mittens,0,1480,"[""red_mittens""]",False,True
589292,slashing,0,1542,"[""slashing"", ""slash""]",False,False
10497,rocket,0,1409,"[""rocket"", ""rockets""]",False,False
476893,torn_swimsuit,0,1257,"[""torn_swimsuit"", ""ripped_swimsuit""]",False,True
374312,pilot,0,1080,"[""pilot""]",False,False
393568,amulet,0,1499,"[""amulet""]",False,False
580277,green_tail,0,1936,"[""green_tail""]",True,False
1427616,purple_sash,0,3156,"[""purple_sash"", ""purple_obi""]",False,True
422468,satin,0,1294,"[""satin""]",False,True
1663181,alice_(alice_in_wonderland)_(cosplay),0,1359,"[""alice_(alice_in_wonderland)_(cosplay)""]",False,True
507447,family_crest,0,1566,"[""family_crest""]",False,False
1411060,saunders_military_uniform,0,1247,"[""saunders_military_uniform""]",False,False
1397657,cat_ear_legwear,0,1453,"[""cat_ear_legwear"", ""cat_band_legwear""]",False,True
381183,brick,0,1398,"[""brick"", ""bricks""]",False,False
461078,squinting,0,1632,"[""squinting"", ""squinted_eyes"", ""squint""]",False,False
665502,saiyan_armor,0,1541,"[""saiyan_armor""]",False,True
1505168,traditional_chinese_text,0,1394,"[""traditional_chinese_text"", ""traditional_chinese""]",False,False
1405660,white_mittens,0,1483,"[""white_mittens""]",False,True
1253834,knotted_penis,0,1516,"[""knotted_penis""]",False,False
9213,diaper,0,1357,"[""diaper""]",False,False
43071,blind,0,1367,"[""blind""]",False,False
1360271,grey_cape,0,1659,"[""grey_cape""]",False,True
1470190,frilled_sailor_collar,0,1731,"[""frilled_sailor_collar""]",False,True
1468127,survey_corps_(emblem),0,1225,"[""survey_corps_(emblem)""]",False,False
572593,noh_mask,0,1707,"[""noh_mask""]",False,False
550434,side_slit_shorts,0,1482,"[""side_slit_shorts""]",False,True
1345376,wing_ornament,0,1837,"[""wing_ornament""]",True,False
1681601,mash_kyrielight_(dangerous_beast)_(cosplay),0,1406,"[""mash_kyrielight_(dangerous_beast)_(cosplay)""]",False,False
605773,head_on_hand,0,1771,"[""head_on_hand""]",False,False
1604448,duel_academy_uniform_(yu-gi-oh!_gx),0,1437,"[""duel_academy_uniform_(yu-gi-oh!_gx)""]",False,False
1593048,race_vehicle,0,1774,"[""race_vehicle""]",False,False
1495060,pants_tucked_in,0,1671,"[""pants_tucked_in"", ""pants_in_boots""]",False,True
1092127,condom_belt,0,1627,"[""condom_belt""]",False,True
1495160,mismatched_eyebrows,0,1514,"[""mismatched_eyebrows""]",True,False
460344,ear_biting,0,0,"[""ear_biting""]",False,False
547746,patterned,0,1059,"[""patterned"", ""pattern""]",False,False
502629,bullet_hole,0,1456,"[""bullet_hole"", ""bullet_holes""]",False,False
398109,ice_skates,0,1539,"[""ice_skates""]",False,False
1456713,cross_choker,0,1511,"[""cross_choker""]",False,True
1512126,black_sweater_vest,0,3035,"[""black_sweater_vest""]",False,True
607513,arms_around_waist,0,1872,"[""arms_around_waist""]",False,False
4047,pickaxe,0,1554,"[""pickaxe"", ""pickax"", ""pick-axe"", ""pick-ax"", ""pick_axe""]",False,False
374998,abuse,0,1328,"[""abuse""]",False,False
400267,dumpling,0,1596,"[""dumpling"", ""dumplings""]",False,False
467711,possessed,0,1930,"[""possessed""]",False,False
495021,rider_belt,0,1918,"[""rider_belt"", ""driver_(kamen_rider)""]",False,True
433870,broken_heart,0,1599,"[""broken_heart""]",False,False
74341,floating_island,0,1367,"[""floating_island""]",False,False
1330451,multicolored_cape,0,1395,"[""multicolored_cape""]",False,True
1954874,girthy_penis,0,2289,"[""girthy_penis"", ""thick_penis""]",False,True
317438,war,0,1385,"[""war""]",False,False
492648,yellow_socks,0,2605,"[""yellow_socks"", ""yellow_kneehighs""]",False,True
1242015,vanishing_point,0,1280,"[""vanishing_point""]",False,False
1682536,alternate_muscle_size,0,1556,"[""alternate_muscle_size""]",False,False
1881213,uva_academy_school_uniform,0,1626,"[""uva_academy_school_uniform"", ""uva_academy_uniform""]",False,False
1608617,fold-over_boots,0,2205,"[""fold-over_boots""]",False,True
1346040,pink_hakama,0,1247,"[""pink_hakama""]",False,True
425258,naked_overalls,0,1320,"[""naked_overalls"", ""nude_overalls""]",False,True
456535,spit_take,0,1279,"[""spit_take""]",False,True
440482,leg_wrap,0,1508,"[""leg_wrap"", ""leg_wraps""]",False,True
383664,pier,0,1241,"[""pier""]",False,False
427033,hologram,0,1456,"[""hologram""]",False,False
490582,onbashira,0,1205,"[""onbashira""]",False,False
1456945,mochi_trail,0,1339,"[""mochi_trail""]",False,True
600871,ar-15,0,1416,"[""ar-15""]",False,False
416845,toast_in_mouth,0,1346,"[""toast_in_mouth""]",False,False
378541,gills,0,1579,"[""gills""]",False,False
1472423,sleeve_ribbon,0,1986,"[""sleeve_ribbon""]",True,True
377871,gerudo,0,1311,"[""gerudo""]",False,False
1353857,blood_on_arm,0,2041,"[""blood_on_arm"", ""bloody_arm""]",False,True
1274530,angora_rabbit,0,1210,"[""angora_rabbit""]",False,False
668806,tied_jacket,0,1696,"[""tied_jacket""]",False,True
465140,breastfeeding,0,1395,"[""breastfeeding"", ""breast_feeding"", ""breast_feed"", ""suckle""]",False,False
385619,facepalm,0,1377,"[""facepalm""]",False,False
689166,king_(chess),0,1295,"[""king_(chess)""]",False,False
388245,cum_in_nose,0,1314,"[""cum_in_nose""]",False,True
519098,yarn_ball,0,1421,"[""yarn_ball"", ""yarnball""]",False,False
1419059,blue_tank_top,0,1813,"[""blue_tank_top""]",False,True
1574670,two-sided_dress,0,1588,"[""two-sided_dress""]",False,True
1429073,holding_beachball,0,1842,"[""holding_beachball""]",False,True
1544416,clothes_between_thighs,0,1534,"[""clothes_between_thighs"", ""clothing_between_thighs""]",False,True
438209,checkered_flag,0,1376,"[""checkered_flag""]",False,False
582333,ojou-sama_pose,0,1482,"[""ojou-sama_pose"", ""noblewoman's_laugh""]",False,False
1373023,purple-framed_eyewear,0,1376,"[""purple-framed_eyewear"", ""purple-framed_glasses""]",True,True
554570,jockstrap,0,1439,"[""jockstrap""]",False,True
468827,pushing,0,1434,"[""pushing"", ""push""]",False,False
8787,cd,0,1405,"[""cd""]",False,False
1181961,multiple_weapons,0,2424,"[""multiple_weapons""]",False,False
447171,lowleg_pants,0,1439,"[""lowleg_pants""]",False,True
456565,flying_kick,0,1422,"[""flying_kick"", ""jump_kick""]",False,True
228097,astronaut,0,1482,"[""astronaut"", ""cosmonaut""]",False,False
570496,struggling,0,1628,"[""struggling"", ""struggle""]",False,False
658977,wooden_chair,0,1637,"[""wooden_chair""]",False,False
394852,hair_flip,0,1316,"[""hair_flip""]",False,False
1299125,elbows_on_table,0,1594,"[""elbows_on_table""]",False,False
1575514,yuigaoka_school_uniform,0,2189,"[""yuigaoka_school_uniform""]",False,False
1506800,diamond_(gemstone),0,1503,"[""diamond_(gemstone)""]",False,False
1301231,robot_animal,0,1801,"[""robot_animal"", ""animal_robot"", ""mechanical_animal""]",False,False
433234,erect_clitoris,0,1260,"[""erect_clitoris"", ""erect_clit""]",False,False
529455,tight_dress,0,1722,"[""tight_dress""]",False,True
632045,no_jacket,0,2325,"[""no_jacket""]",False,True
10056,grill,0,1361,"[""grill"", ""bbq_(object)"", ""barbecue_(object)""]",False,False
1324059,holding_jewelry,0,1642,"[""holding_jewelry""]",False,True
4638,drugs,0,1329,"[""drugs""]",False,False
606330,condom_box,0,1473,"[""condom_box""]",False,False
1392422,frilled_camisole,0,1651,"[""frilled_camisole""]",False,True
2006770,unworn_coat,0,1504,"[""unworn_coat"", ""coat_removed""]",False,True
477804,rainbow_hair,0,1645,"[""rainbow_hair""]",True,False
410619,toe_ring,0,1501,"[""toe_ring""]",False,False
448692,saddle,0,1445,"[""saddle""]",False,False
1561346,see-through_jacket,0,1857,"[""see-through_jacket""]",False,True
614915,pink_cape,0,1824,"[""pink_cape""]",False,True
664456,horn_ring,0,1527,"[""horn_ring""]",False,False
1607725,stuffed_winged_unicorn,0,1154,"[""stuffed_winged_unicorn"", ""stuffed_alicorn""]",False,False
2006763,unworn_backpack,0,1338,"[""unworn_backpack"", ""backpack_removed""]",False,False
1290371,ancient_greek_clothes,0,3120,"[""ancient_greek_clothes"", ""greek_clothes""]",False,False
414667,hedgehog_ears,0,0,"[""hedgehog_ears""]",True,False
1296117,sideways_hat,0,1443,"[""sideways_hat""]",True,True
1450046,holding_megaphone,0,1859,"[""holding_megaphone""]",False,True
1208724,string_bra,0,1299,"[""string_bra""]",False,True
504098,m1911,0,1435,"[""m1911"", ""colt_m1911""]",False,False
445034,huge_testicles,0,1676,"[""huge_testicles""]",False,True
582801,flower_on_head,0,1651,"[""flower_on_head""]",True,False
394157,papers,0,1422,"[""papers""]",False,False
411205,pigeon,0,1427,"[""pigeon""]",False,False
2006766,unworn_dress,0,1624,"[""unworn_dress"", ""dress_removed""]",False,True
408039,crystal_ball,0,1403,"[""crystal_ball""]",False,False
222856,good_end,0,1275,"[""good_end""]",False,False
690260,vibrator_on_nipple,0,1257,"[""vibrator_on_nipple"", ""nipple_vibrator""]",False,False
1344687,holding_letter,0,1647,"[""holding_letter""]",False,True
550352,hand_on_forehead,0,446,"[""hand_on_forehead""]",False,False
593473,coke-bottle_glasses,0,1520,"[""coke-bottle_glasses"", ""swirly_glasses"", ""spiral_glasses""]",True,True
1237688,open_bodysuit,0,1338,"[""open_bodysuit""]",False,True
8664,hoop,0,1249,"[""hoop""]",False,False
1345218,holding_behind_back,0,1495,"[""holding_behind_back"", ""object_behind_back"", ""behind_back""]",False,True
1406965,holding_chocolate,0,1641,"[""holding_chocolate""]",False,True
537085,objectification,0,1406,"[""objectification""]",False,False
1292892,cracked_wall,0,1522,"[""cracked_wall""]",False,False
487790,studded_bracelet,0,1386,"[""studded_bracelet""]",False,True
490067,holding_head,0,0,"[""holding_head""]",False,False
255403,cleaver,0,1439,"[""cleaver""]",False,False
269258,chat_log,0,1517,"[""chat_log""]",False,False
561654,animal_skull,0,1716,"[""animal_skull""]",False,False
664894,aqua_gloves,0,1669,"[""aqua_gloves""]",False,True
13597,triple_penetration,0,1282,"[""triple_penetration""]",False,False
7877,nintendo_ds,0,1249,"[""nintendo_ds"", ""nds"", ""ds""]",False,False
635240,star_pasties,0,1421,"[""star_pasties""]",False,True
1597931,pancake_stack,0,1654,"[""pancake_stack"", ""stack_of_pancakes""]",False,False
593433,rice_on_face,0,1227,"[""rice_on_face"", ""rice_on_cheek""]",False,False
385968,player_2,0,1223,"[""player_2""]",False,False
1300914,leash_pull,0,1463,"[""leash_pull""]",False,False
1886041,shuka_high_school_uniform,0,1845,"[""shuka_high_school_uniform""]",False,False
428710,buster_sword,0,1671,"[""buster_sword""]",False,False
1316299,multicolored_scarf,0,1302,"[""multicolored_scarf""]",False,True
497039,test_plugsuit,0,1159,"[""test_plugsuit""]",False,True
599986,cutting_hair,0,1437,"[""cutting_hair"", ""haircut""]",False,False
1100029,hands_on_own_breasts,0,1618,"[""hands_on_own_breasts""]",False,False
607934,tentacles_on_male,0,1296,"[""tentacles_on_male"", ""tentacles_with_male""]",False,False
46843,shaking,0,1698,"[""shaking""]",False,False
476906,spray_can,0,1620,"[""spray_can""]",False,False
501887,levitation,0,1534,"[""levitation""]",False,True
453294,houndstooth,0,1328,"[""houndstooth""]",False,True
1552258,fish_boy,0,1582,"[""fish_boy"", ""fishman""]",True,False
564002,guided_penetration,0,1317,"[""guided_penetration""]",False,False
511246,blank_speech_bubble,0,2090,"[""blank_speech_bubble"", ""blank_thought_bubble"", ""blank_word_balloon"", ""blank_word_bubble"", ""empty_word_bubble"", ""empty_speech_bubble""]",False,False
474428,blowing,0,1338,"[""blowing""]",False,False
1328348,group_name,0,2071,"[""group_name"", ""band_name""]",False,False
1450864,head_chain,0,1613,"[""head_chain""]",False,False
622973,chicken_(food),0,2869,"[""chicken_(food)""]",False,False
13164,bud,0,2172,"[""bud""]",False,False
271102,ladybug,0,1303,"[""ladybug""]",False,False
1427943,yellow_tank_top,0,1486,"[""yellow_tank_top""]",False,True
8482,waiter,0,1379,"[""waiter""]",False,False
617955,polka_dot_skirt,0,1370,"[""polka_dot_skirt""]",False,True
572583,radiation_symbol,0,1215,"[""radiation_symbol"", ""nuclear_symbol"", ""nuclear""]",False,False
1488071,orange_tail,0,1636,"[""orange_tail""]",True,False
390026,chalice,0,1456,"[""chalice"", ""grail"", ""goblet""]",False,True
399273,adidas,0,1354,"[""adidas""]",False,False
1350589,bandaid_on_forehead,0,1478,"[""bandaid_on_forehead""]",False,False
715181,post-apocalypse,0,1407,"[""post-apocalypse"", ""post-apocalyptic""]",False,False
1416950,vertical-striped_jacket,0,1951,"[""vertical-striped_jacket""]",False,True
487783,leather_pants,0,1516,"[""leather_pants""]",False,True
9656,crazy,0,1509,"[""crazy"", ""insane"", ""yangire""]",False,False
428269,hard_hat,0,1518,"[""hard_hat"", ""hardhat"", ""safety_helmet"", ""construction_helmet""]",True,True
556519,electrical_outlet,0,1396,"[""electrical_outlet"", ""electric_socket"", ""electrical_socket"", ""power_outlet"", ""power_socket""]",False,False
960973,cardigan_around_waist,0,1755,"[""cardigan_around_waist""]",False,True
605380,vertical-striped_bikini,0,1309,"[""vertical-striped_bikini""]",False,True
1481671,torn_bodystocking,0,1390,"[""torn_bodystocking""]",False,True
473178,\n/,0,1427,"[""\\n/""]",False,False
1229971,shoulder_cannon,0,1504,"[""shoulder_cannon""]",False,False
1355541,lattice,0,1444,"[""lattice"", ""chinese_window""]",False,False
1401831,purple_ascot,0,1876,"[""purple_ascot"", ""purple_jabot""]",False,True
663596,aestus_estus,0,1445,"[""aestus_estus""]",False,False
1868991,twitter_strip_game_(meme),0,0,"[""twitter_strip_game_(meme)""]",False,False
482315,breast_padding,0,1332,"[""breast_padding"", ""fake_breasts"", ""breast_pads"", ""breast_pad"", ""breast_stuffing"", ""bra_padding"", ""bra_stuffing""]",False,False
417908,white_tiger,0,1291,"[""white_tiger""]",False,True
561371,qr_code,0,1770,"[""qr_code""]",False,False
399680,arachne,0,1173,"[""arachne"", ""drider""]",False,True
1447366,cross_pasties,0,1670,"[""cross_pasties"", ""x_pasties""]",False,True
561682,clownfish,0,1276,"[""clownfish""]",False,False
1386020,st._gloriana's_(emblem),0,1193,"[""st._gloriana's_(emblem)""]",False,False
1466798,holding_money,0,1490,"[""holding_money"", ""holding_banknote""]",False,True
1535682,two-tone_hoodie,0,1706,"[""two-tone_hoodie""]",False,True
7700,weightlifting,0,1409,"[""weightlifting"", ""lifting_weights""]",False,False
381280,lighthouse,0,1337,"[""lighthouse""]",False,False
401136,kimono_lift,0,1252,"[""kimono_lift""]",False,True
623986,green_sclera,0,1611,"[""green_sclera""]",False,False
1571287,berry_(pokemon),0,1492,"[""berry_(pokemon)""]",False,False
1527638,bubble_tea_challenge,0,1241,"[""bubble_tea_challenge"", ""tapioca_challenge""]",False,False
11414,nipple_clamps,0,1280,"[""nipple_clamps""]",False,False
1352539,squidbeak_splatoon,0,1170,"[""squidbeak_splatoon"", ""agent_3""]",False,False
620885,latex_legwear,0,1310,"[""latex_legwear""]",False,True
1435395,grey_tank_top,0,1866,"[""grey_tank_top""]",False,True
684797,hands_on_another's_hips,0,1435,"[""hands_on_another's_hips""]",False,False
417498,christmas_present,0,1665,"[""christmas_present"", ""christmas_gift""]",False,False
1299138,back-print_panties,0,1177,"[""back-print_panties""]",False,True
533099,sitting_on_rock,0,0,"[""sitting_on_rock""]",False,True
2068563,barefoot_sandals_(jewelry),0,1254,"[""barefoot_sandals_(jewelry)"", ""barefoot_sandals""]",False,True
545590,easter_egg,0,1421,"[""easter_egg""]",False,False
1411474,bc_freedom_military_uniform,0,1192,"[""bc_freedom_military_uniform""]",False,False
1012946,breasts_on_table,0,1599,"[""breasts_on_table""]",False,True
15469,coconut,0,1315,"[""coconut"", ""coconuts""]",False,False
1247424,brick_floor,0,1436,"[""brick_floor""]",False,False
1881200,ashford_academy_school_uniform,0,1105,"[""ashford_academy_school_uniform"", ""ashford_academy_uniform""]",False,False
549347,green_pantyhose,0,2180,"[""green_pantyhose""]",False,True
1564958,heart_maebari,0,1834,"[""heart_maebari""]",False,True
8697,porch,0,1256,"[""porch""]",False,False
462190,public_use,0,1246,"[""public_use""]",False,False
1623058,male_maid,0,2089,"[""male_maid""]",False,True
1450741,oohashi_high_school_uniform,0,1146,"[""oohashi_high_school_uniform""]",False,False
5231,tonfa,0,1166,"[""tonfa""]",False,False
8409,spaghetti,0,1439,"[""spaghetti""]",False,False
1611387,fumo_(doll),0,1883,"[""fumo_(doll)""]",False,False
406050,rough_sex,0,2283,"[""rough_sex""]",False,False
469235,amplifier,0,1356,"[""amplifier"", ""amplifier_(instrument)"", ""amp""]",False,False
484561,arm_cuffs,0,1392,"[""arm_cuffs""]",False,True
403070,grenade_launcher,0,1267,"[""grenade_launcher""]",False,False
1377852,hair_on_horn,0,1493,"[""hair_on_horn""]",True,False
1793356,floral_print_kimono,0,4289,"[""floral_print_kimono""]",False,True
1242619,fake_nails,0,1392,"[""fake_nails"", ""fake_fingernails""]",False,True
589458,<o>_<o>,0,1291,"[""<o>_<o>"", ""<o><o>""]",False,False
12500,pendulum,0,1744,"[""pendulum""]",False,False
429978,between_toes,0,1379,"[""between_toes""]",False,False
1366557,ink_tank_(splatoon),0,1486,"[""ink_tank_(splatoon)""]",False,False
1258093,ribbon-trimmed_headwear,0,1373,"[""ribbon-trimmed_headwear""]",True,True
531424,multiple_heads,0,1624,"[""multiple_heads"", ""extra_heads""]",True,False
375406,clown,0,1481,"[""clown""]",False,True
485541,finger_heart,0,1938,"[""finger_heart""]",False,False
1339258,logo_parody,0,1405,"[""logo_parody""]",False,False
585968,heads-up_display,0,1251,"[""heads-up_display"", ""heads-up-display"", ""heads_up_display"", ""hud""]",False,False
1253889,joestar_birthmark,0,1127,"[""joestar_birthmark""]",False,False
1281282,taimanin_suit,0,1294,"[""taimanin_suit""]",False,False
1365439,jaguar_print,0,1154,"[""jaguar_print""]",False,True
576346,adjusting_necktie,0,1433,"[""adjusting_necktie""]",False,True
15836,butter,0,1484,"[""butter""]",False,False
2477,lightsaber,0,1431,"[""lightsaber""]",False,False
585602,jeweled_branch_of_hourai,0,1161,"[""jeweled_branch_of_hourai""]",False,True
1372787,multi-strapped_panties,0,1246,"[""multi-strapped_panties""]",False,True
1342773,fleur_de_lapin_uniform,0,1110,"[""fleur_de_lapin_uniform""]",False,False
1344492,on_motorcycle,0,1853,"[""on_motorcycle""]",False,False
403466,medallion,0,1421,"[""medallion""]",False,False
746897,pussy_juice_drip_through_clothes,0,1359,"[""pussy_juice_drip_through_clothes""]",False,True
1407341,holding_notebook,0,1808,"[""holding_notebook""]",False,True
476104,saber_(weapon),0,1275,"[""saber_(weapon)""]",False,False
1779554,ear_birthmark,0,1135,"[""ear_birthmark""]",False,False
490118,pool_of_blood,0,1495,"[""pool_of_blood"", ""puddle_of_blood"", ""blood_pool""]",False,True
658794,poke_ball_theme,0,1091,"[""poke_ball_theme""]",False,False
1648109,hololive_idol_uniform,0,0,"[""hololive_idol_uniform""]",False,False
1529528,yellow_raincoat,0,1674,"[""yellow_raincoat""]",False,True
138127,art_nouveau,0,1529,"[""art_nouveau"", ""alphonse_mucha_(style)"", ""mucha_style""]",False,False
659461,sleep_bubble,0,0,"[""sleep_bubble""]",False,False
474917,peace_symbol,0,1205,"[""peace_symbol""]",False,False
1539213,flower_over_eye,0,1468,"[""flower_over_eye""]",True,True
672588,cardigan_vest,0,681,"[""cardigan_vest""]",False,True
418811,acoustic_guitar,0,1496,"[""acoustic_guitar""]",False,False
330159,green_tea,0,1291,"[""green_tea""]",False,False
1331283,bridal_legwear,0,1329,"[""bridal_legwear""]",False,True
555321,hand_gesture,0,1183,"[""hand_gesture"", ""hand_sign""]",False,False
1453635,cartoon_bone,0,1412,"[""cartoon_bone""]",False,False
1494960,yellow-tinted_eyewear,0,1777,"[""yellow-tinted_eyewear""]",True,True
693639,striped_hoodie,0,1316,"[""striped_hoodie""]",False,True
571951,flaming_sword,0,1416,"[""flaming_sword"", ""fiery_sword"", ""flame_sword"", ""fire_sword"", ""burning_sword""]",False,False
419383,wallet,0,1355,"[""wallet""]",False,False
1343361,opened_by_self,0,1339,"[""opened_by_self""]",False,False
514359,naked_scarf,0,1206,"[""naked_scarf"", ""nude_scarf""]",False,True
742744,bean_bag_chair,0,1338,"[""bean_bag_chair"", ""beanbag_chair""]",False,False
1329330,bunny_day,0,1652,"[""bunny_day""]",False,False
411403,tongs,0,1359,"[""tongs""]",False,False
1440820,usekh_collar,0,1698,"[""usekh_collar"", ""egyptian_collar""]",False,False
1193485,dudou,0,1313,"[""dudou"", ""du_dou""]",False,True
612924,"don't_say_""lazy""",0,1076,"[""don't_say_\""lazy\"""", ""don't_say_lazy""]",False,False
1598258,cross-laced_sleeves,0,1816,"[""cross-laced_sleeves""]",False,False
388611,warning_sign,0,1477,"[""warning_sign"", ""caution_sign""]",False,False
1404539,green_tunic,0,1970,"[""green_tunic""]",False,True
1406788,otter_ears,0,1139,"[""otter_ears""]",True,True
1312469,purple_hakama,0,1232,"[""purple_hakama""]",False,True
474347,affectionate,0,1498,"[""affectionate""]",False,False
1518971,pectoral_press,0,1228,"[""pectoral_press""]",False,False
1432832,green_tank_top,0,1568,"[""green_tank_top""]",False,True
8698,windowsill,0,1260,"[""windowsill"", ""window_sill""]",False,False
413290,hand_under_shirt,0,1460,"[""hand_under_shirt"", ""hand_in_shirt"", ""hand_up_shirt""]",False,True
477179,tire,0,0,"[""tire""]",False,False
472542,beam_saber,0,0,"[""beam_saber""]",False,False
1908338,tail_around_own_leg,0,1626,"[""tail_around_own_leg""]",False,False
565478,skirt_basket,0,1151,"[""skirt_basket"", ""dress_basket"", ""dress_carry"", ""skirt_carry""]",False,True
1730373,white_romper,0,3474,"[""white_romper""]",False,True
1920354,strapless_one-piece_swimsuit,0,1218,"[""strapless_one-piece_swimsuit"", ""strapless_swimsuit""]",False,False
669693,stalk_in_mouth,0,1472,"[""stalk_in_mouth"", ""straw_in_mouth"", ""wheat_in_mouth"", ""twig_in_mouth"", ""grass_in_mouth""]",False,False
499998,sitting_backwards,0,1215,"[""sitting_backwards"", ""backwards_sitting""]",False,True
1245350,implied_fellatio,0,1305,"[""implied_fellatio""]",False,False
1933084,youtou_high_school_uniform,0,1127,"[""youtou_high_school_uniform""]",False,True
1660195,long_earlobes,0,1291,"[""long_earlobes"", ""stretched_earlobes"", ""earlobes""]",False,False
412848,panzer_iv,0,1090,"[""panzer_iv"", ""pzkpfw_iv"", ""panzerkampfwagen_iv""]",False,False
452532,two-handed_handjob,0,1346,"[""two-handed_handjob"", ""two_handed_handjob""]",False,False
4219,henshin,0,1590,"[""henshin"", ""transformation_sequence"", ""transformationsequence""]",False,False
1715534,baton_(conducting),0,0,"[""baton_(conducting)""]",False,False
5817,sauna,0,1354,"[""sauna""]",False,False
471824,searchlight,0,1152,"[""searchlight"", ""searchlights""]",False,False
643640,narration,0,1358,"[""narration""]",False,False
395642,vietnamese_dress,0,0,"[""vietnamese_dress"", ""ao_dai""]",False,True
1665000,dashed_eyes,0,1346,"[""dashed_eyes"", ""line_in_eye"", ""dash_eyes""]",True,False
659364,licking_armpit,0,1308,"[""licking_armpit"", ""armpit_licking""]",False,False
460270,sparrow,0,1262,"[""sparrow""]",False,False
4281,hole,0,1241,"[""hole""]",False,False
1545039,low-braided_long_hair,0,7609,"[""low-braided_long_hair""]",True,False
492703,long_neck,0,1316,"[""long_neck""]",False,False
487949,arm_above_head,0,1329,"[""arm_above_head""]",True,False
1265662,lace-trimmed_hairband,0,1323,"[""lace-trimmed_hairband""]",True,True
550385,linked_piercing,0,1499,"[""linked_piercing"", ""linked_piercings""]",False,False
1450600,very_wide_shot,0,1469,"[""very_wide_shot""]",False,False
394402,wheat,0,1496,"[""wheat""]",False,False
1257023,dog_penis,0,1250,"[""dog_penis""]",False,False
974485,hoodie_lift,0,1491,"[""hoodie_lift""]",False,True
430376,bear_costume,0,1343,"[""bear_costume""]",False,True
1344738,snowflake_background,0,1241,"[""snowflake_background""]",False,False
2061574,squeans,0,8189,"[""squeans""]",False,False
449699,grand_piano,0,1966,"[""grand_piano""]",False,False
1328442,green_belt,0,1616,"[""green_belt""]",False,True
1419470,crotchless_pantyhose,0,1637,"[""crotchless_pantyhose""]",False,True
723518,arms_between_legs,0,1616,"[""arms_between_legs""]",False,False
436459,acorn,0,1336,"[""acorn"", ""acorns""]",False,False
14739,hammock,0,1295,"[""hammock""]",False,False
457892,dithering,0,1519,"[""dithering""]",False,False
381750,thermos,0,1265,"[""thermos""]",False,False
663869,looking_through_legs,0,0,"[""looking_through_legs""]",False,False
416825,omikuji,0,1260,"[""omikuji""]",False,False
465518,snow_rabbit,0,1130,"[""snow_rabbit"", ""snow_bunny""]",False,False
549921,swinging,0,1000,"[""swinging""]",False,False
404973,galaxy,0,1371,"[""galaxy"", ""galaxies""]",False,False
522469,centauroid,0,1936,"[""centauroid""]",False,False
497015,wringing_clothes,0,1215,"[""wringing_clothes""]",False,True
1340790,holding_branch,0,1550,"[""holding_branch""]",False,True
455483,shorts_around_one_leg,0,1249,"[""shorts_around_one_leg""]",False,True
405411,team_9,0,0,"[""team_9""]",False,False
527949,troll_face,0,1077,"[""troll_face"", ""trollface""]",False,False
416210,dirty_feet,0,1227,"[""dirty_feet""]",False,False
1943,ad,0,1415,"[""ad"", ""advertising"", ""advertisement""]",False,False
1234828,character_age,0,1678,"[""character_age"", ""age""]",False,False
1404665,aqua_neckerchief,0,4098,"[""aqua_neckerchief""]",False,True
5946,boxcutter,0,1336,"[""boxcutter"", ""utility_knife"", ""box_cutter""]",False,False
496226,multiple_legs,0,1287,"[""multiple_legs""]",False,False
1509435,holding_remote_control,0,1471,"[""holding_remote_control"", ""holding_remote""]",False,True
439167,urethral_insertion,0,1238,"[""urethral_insertion"", ""urethral_object_push""]",False,False
659790,eldritch_abomination,0,1445,"[""eldritch_abomination""]",False,False
424264,nose_ring,0,1494,"[""nose_ring"", ""septum_piercing""]",False,True
457370,masochism,0,1285,"[""masochism""]",False,False
507276,paper_crane,0,1262,"[""paper_crane"", ""origami_crane""]",False,False
2067896,through_medium,0,1519,"[""through_medium""]",False,False
572094,h&k_ump,0,1117,"[""h&k_ump"", ""h&k_ump45"", ""h&k_ump40"", ""h&k_ump9"", ""hk_ump"", ""ump""]",False,False
399607,hair_dryer,0,1375,"[""hair_dryer"", ""blow_dryer"", ""blowdryer"", ""hairdryer""]",False,False
1577478,super_saiyan_1,0,1406,"[""super_saiyan_1""]",False,False
1411064,anzio_military_uniform,0,1091,"[""anzio_military_uniform""]",False,False
596588,jacket_pull,0,1289,"[""jacket_pull""]",False,True
678345,maneki-neko,0,1250,"[""maneki-neko"", ""beckoning_cat"", ""maneki_neko""]",False,False
1059619,kissing_penis,0,1362,"[""kissing_penis"", ""penis_kiss""]",False,False
8173,bokken,0,1079,"[""bokken"", ""wooden_katana""]",False,False
658767,bound_together,0,1302,"[""bound_together"", ""tied_together""]",False,False
1707265,cross-laced_dress,0,2455,"[""cross-laced_dress""]",False,False
381467,credits,0,1156,"[""credits""]",False,False
646311,polka_dot_shirt,0,1348,"[""polka_dot_shirt"", ""polka_dot_blouse""]",False,True
714502,infinity_symbol,0,1329,"[""infinity_symbol"", ""infinity""]",False,False
971148,underbutt,0,1641,"[""underbutt"", ""gluteal_fold_peek""]",False,True
1710578,underpec,0,1169,"[""underpec""]",False,False
721903,fur_cloak,0,1318,"[""fur_cloak""]",False,False
1338731,holding_skull,0,1406,"[""holding_skull""]",False,True
1325576,four-leaf_clover_hair_ornament,0,1350,"[""four-leaf_clover_hair_ornament""]",True,True
1996504,bowlegged_pose,0,1643,"[""bowlegged_pose""]",False,False
395900,deformed,0,5013,"[""deformed""]",False,False
1263464,potara_earrings,0,1695,"[""potara_earrings""]",True,True
552418,detached_hair,0,1382,"[""detached_hair""]",True,False
1396770,animal_on_arm,0,1334,"[""animal_on_arm""]",False,False
615409,bag_of_chips,0,1422,"[""bag_of_chips""]",False,False
533029,dragging,0,1255,"[""dragging"", ""drag""]",False,False
475494,dissolving,0,1222,"[""dissolving""]",False,False
697415,storefront,0,1227,"[""storefront""]",False,False
1401249,grey_leotard,0,1363,"[""grey_leotard"", ""gray_leotard""]",False,True
453888,hand_mirror,0,1359,"[""hand_mirror""]",False,False
435855,messy_room,0,1310,"[""messy_room""]",False,False
393203,handstand,0,1335,"[""handstand"", ""standing_on_hands""]",False,False
1845191,glaive_(polearm),0,1431,"[""glaive_(polearm)"", ""glaive""]",False,False
10079,double_dildo,0,1157,"[""double_dildo""]",False,False
446404,cheek_pull,0,1328,"[""cheek_pull"", ""cheek_tug""]",False,False
1320993,print_necktie,0,1327,"[""print_necktie""]",False,True
463435,parka,0,1158,"[""parka""]",False,True
1001710,shell_necklace,0,1387,"[""shell_necklace"", ""seashell_necklace""]",False,True
626910,head_only,0,2168,"[""head_only""]",False,False
379180,zora,0,1377,"[""zora""]",False,False
539119,ultra_ball,0,1130,"[""ultra_ball"", ""hyper_ball"", ""ultraball""]",False,False
374518,how_to,0,1212,"[""how_to"", ""tutorial"", ""howto""]",False,False
14011,height_chart,0,1259,"[""height_chart""]",False,False
12456,dvd_cover,0,1144,"[""dvd_cover""]",False,False
1478742,holding_sex_toy,0,1586,"[""holding_sex_toy"", ""holding_dildo""]",False,True
504065,cephalopod_eyes,0,1945,"[""cephalopod_eyes"", ""octopus_eyes""]",True,False
725442,blue_bandana,0,1465,"[""blue_bandana""]",False,True
1128476,runny_makeup,0,1707,"[""runny_makeup"", ""mascara_smear"", ""ruined_makeup""]",False,False
405504,apron_lift,0,1148,"[""apron_lift""]",False,True
604813,long_beard,0,2774,"[""long_beard""]",True,True
1400702,orange_belt,0,1943,"[""orange_belt""]",False,True
433080,koi,0,1368,"[""koi"", ""koi_(fish)""]",False,False
393640,aurora,0,1338,"[""aurora"", ""northern_lights"", ""aurora_borealis""]",False,False
642231,white_lily,0,2187,"[""white_lily""]",False,False
483045,kinchaku,0,1163,"[""kinchaku""]",False,False
1386653,falchion_(fire_emblem),0,1124,"[""falchion_(fire_emblem)""]",False,False
618068,light_machine_gun,0,1464,"[""light_machine_gun""]",False,False
457678,animal_slippers,0,1434,"[""animal_slippers""]",False,True
1556083,camouflage_headwear,0,1099,"[""camouflage_headwear"", ""camouflage_helmet"", ""camouflage_hat""]",True,True
790375,licking_foot,0,1277,"[""licking_foot"", ""foot_licking"", ""foot_lick""]",False,False
389325,grave,0,1187,"[""grave""]",False,False
692139,penguin_hood,0,1104,"[""penguin_hood""]",False,True
447807,crocs,0,1520,"[""crocs""]",False,True
571640,jacket_over_swimsuit,0,1560,"[""jacket_over_swimsuit""]",False,True
407128,crumbs,0,1521,"[""crumbs""]",False,False
547983,rope_belt,0,1553,"[""rope_belt"", ""rope_sash""]",False,True
1324856,virgin_killer_outfit,0,1019,"[""virgin_killer_outfit""]",False,False
1407009,japari_bun,0,1049,"[""japari_bun""]",True,False
386926,polar_bear,0,1181,"[""polar_bear""]",False,True
621690,no_mask,0,1592,"[""no_mask""]",False,False
548034,keystone,0,0,"[""keystone""]",False,False
1353392,shoulder_sash,0,1684,"[""shoulder_sash""]",False,True
2944,airship,0,1167,"[""airship"", ""flying_ship"", ""airships""]",False,False
239,valkyrie,0,1084,"[""valkyrie""]",False,False
547300,misunderstanding,0,1251,"[""misunderstanding""]",False,False
512129,symbolism,0,1279,"[""symbolism"", ""symbolic""]",False,False
657147,fur_boots,0,1126,"[""fur_boots""]",False,True
553040,flower_bracelet,0,1391,"[""flower_bracelet""]",False,False
1397501,star_ornament,0,1785,"[""star_ornament""]",True,False
699573,energy_cannon,0,1210,"[""energy_cannon""]",False,False
729551,kiwi_(fruit),0,1427,"[""kiwi_(fruit)"", ""kiwifruit""]",False,False
15450,onion,0,1252,"[""onion""]",False,False
1451576,checkered_sash,0,1071,"[""checkered_sash"", ""checkered_obi""]",False,True
709908,fanning_self,0,1408,"[""fanning_self""]",False,False
1262145,hands_on_ground,0,1478,"[""hands_on_ground""]",False,False
1501556,yellow_sweater_vest,0,2167,"[""yellow_sweater_vest""]",False,True
468583,melon_bread,0,1165,"[""melon_bread"", ""meronpan"", ""melonpan""]",False,False
1432422,purple_cardigan,0,1585,"[""purple_cardigan""]",False,True
509654,forced_orgasm,0,1327,"[""forced_orgasm""]",False,False
471358,bass_clef,0,1157,"[""bass_clef""]",False,False
1371471,anchor_necklace,0,1520,"[""anchor_necklace""]",False,True
1400406,striped_hairband,0,1404,"[""striped_hairband""]",True,True
475528,ankle_grab,0,1247,"[""ankle_grab""]",False,False
546085,brown_bra,0,1211,"[""brown_bra""]",False,True
1426299,tokisadame_school_uniform,0,1101,"[""tokisadame_school_uniform""]",False,False
651813,floating_card,0,1203,"[""floating_card"", ""falling_card""]",False,False
1426213,multiple_riders,0,1086,"[""multiple_riders"", ""riding_double""]",False,False
548294,nib_pen_(object),0,1266,"[""nib_pen_(object)"", ""fountain_pen"", ""dip_pen""]",False,False
400507,sailor_senshi,0,1143,"[""sailor_senshi""]",False,True
1247797,bike_shorts_under_shorts,0,1257,"[""bike_shorts_under_shorts""]",False,True
10268,net,0,1159,"[""net""]",False,False
1386162,facebook_username,0,1374,"[""facebook_username""]",False,False
423080,hat_with_ears,0,1211,"[""hat_with_ears"", ""hat_ears""]",True,True
716956,puff_and_slash_sleeves,0,1303,"[""puff_and_slash_sleeves""]",False,True
450701,pixelated,0,1331,"[""pixelated""]",False,False
607013,stitched_mouth,0,1403,"[""stitched_mouth""]",False,True
517244,anglerfish,0,1092,"[""anglerfish""]",False,False
416380,gokkun,0,1211,"[""gokkun"", ""cum_drinking""]",False,False
1364632,red_feathers,0,1514,"[""red_feathers""]",False,False
4517,gymnastics,0,1110,"[""gymnastics"", ""gymnast""]",False,False
544688,bunching_hair,0,1229,"[""bunching_hair""]",True,False
1378073,ears_visible_through_hair,0,1079,"[""ears_visible_through_hair""]",True,False
586471,rounded_corners,0,1227,"[""rounded_corners""]",False,False
609352,themed_object,0,1050,"[""themed_object""]",False,False
707514,stone_stairs,0,1342,"[""stone_stairs""]",False,False
1345225,half_mask,0,1636,"[""half_mask""]",False,True
379013,note,0,1156,"[""note""]",False,False
1274150,print_sleeves,0,1353,"[""print_sleeves""]",False,True
1376960,glowing_tattoo,0,1489,"[""glowing_tattoo""]",False,False
12002,foam,0,1255,"[""foam""]",False,False
1412249,green_scrunchie,0,1379,"[""green_scrunchie""]",True,True
397136,trigram,0,1090,"[""trigram""]",False,False
1734,karaoke,0,1217,"[""karaoke""]",False,False
488001,tape_measure,0,1240,"[""tape_measure"", ""measuring_tape""]",False,False
417910,duckling,0,1134,"[""duckling""]",False,False
1475691,hanasakigawa_school_uniform,0,2192,"[""hanasakigawa_school_uniform""]",False,False
9166,windmill,0,1200,"[""windmill"", ""windmills""]",False,False
613430,bagged_fish,0,1240,"[""bagged_fish""]",False,False
392867,melon,0,1355,"[""melon""]",False,False
1942283,thick_mustache,0,2715,"[""thick_mustache""]",True,True
1299465,coin_on_string,0,1613,"[""coin_on_string""]",False,False
1626980,gaming_chair,0,1482,"[""gaming_chair"", ""gamer_chair""]",False,False
545481,hand_on_leg,0,1020,"[""hand_on_leg""]",False,False
429764,forehead_tattoo,0,1403,"[""forehead_tattoo""]",False,False
681073,clear_sky,0,1535,"[""clear_sky""]",False,False
483853,bulletin_board,0,1363,"[""bulletin_board"", ""corkboard""]",False,False
1252120,roundel,0,1360,"[""roundel""]",False,False
1674442,covered_testicles,0,1166,"[""covered_testicles"", ""testicles_under_clothes""]",False,False
716637,argyle_sweater,0,1022,"[""argyle_sweater""]",False,True
15619,sand_castle,0,1188,"[""sand_castle"", ""sandcastle""]",False,False
452085,hospital_gown,0,1407,"[""hospital_gown""]",False,True
457036,steak,0,1254,"[""steak""]",False,False
652399,araki_hirohiko_(style),0,1048,"[""araki_hirohiko_(style)""]",False,False
583137,ear_protection,0,1350,"[""ear_protection""]",False,False
582033,clothes_tug,0,1126,"[""clothes_tug""]",False,False
409201,pinned,0,1598,"[""pinned""]",False,False
1601327,diamond_hairband,0,1482,"[""diamond_hairband""]",True,False
907721,onesie,0,1652,"[""onesie""]",False,True
2035712,rhodes_island_logo_(arknights),0,1223,"[""rhodes_island_logo_(arknights)"", ""rhodes_island_logo""]",False,False
565669,telstar,0,981,"[""telstar""]",False,False
1379634,mmm_threesome,0,1174,"[""mmm_threesome""]",False,False
1791550,green_armband,0,1508,"[""green_armband""]",False,True
397923,group_hug,0,1252,"[""group_hug""]",False,False
507308,voile,0,992,"[""voile""]",False,False
572327,splatter,0,1259,"[""splatter""]",False,False
1303240,polka_dot_scrunchie,0,1089,"[""polka_dot_scrunchie""]",True,True
394721,varia_suit,0,1064,"[""varia_suit""]",False,False
673705,hand_rest,0,1626,"[""hand_rest""]",False,False
681979,double_\m/,0,1088,"[""double_\\m/""]",False,True
393506,shrimp_tempura,0,1434,"[""shrimp_tempura"", ""fried_shrimp""]",False,False
537098,watching_television,0,1249,"[""watching_television"", ""watching_tv""]",False,False
499780,holding_breath,0,1081,"[""holding_breath""]",False,False
1467618,two-tone_coat,0,1527,"[""two-tone_coat""]",False,True
1329132,cherry_hair_ornament,0,1479,"[""cherry_hair_ornament""]",True,True
1326166,sukajan,0,1466,"[""sukajan"", ""souvenir_jacket""]",False,True
574393,ace_of_hearts,0,1593,"[""ace_of_hearts""]",False,False
4899,stats,0,1124,"[""stats""]",False,False
704182,character_signature,0,1154,"[""character_signature""]",False,False
463449,sugar_cube,0,1259,"[""sugar_cube"", ""sugar_cube_(object)"", ""sugar_cubes""]",False,False
502652,ink_(medium),0,1141,"[""ink_(medium)""]",False,False
504316,hands_on_hilt,0,1116,"[""hands_on_hilt""]",False,False
16792,golf_club,0,1128,"[""golf_club""]",False,False
489491,platform_boots,0,1398,"[""platform_boots""]",False,True
1318748,floating_weapon,0,1573,"[""floating_weapon""]",False,True
679905,panicking,0,1388,"[""panicking"", ""panic""]",False,False
484040,winding_key,0,1804,"[""winding_key"", ""wind-up_key""]",False,False
642272,above_clouds,0,1279,"[""above_clouds""]",False,False
1457427,looking_at_food,0,2152,"[""looking_at_food""]",False,False
376621,wa_lolita,0,1111,"[""wa_lolita""]",False,True
1835748,striped_one-piece_swimsuit,0,913,"[""striped_one-piece_swimsuit"", ""striped_swimsuit""]",False,True
409820,cat_costume,0,1227,"[""cat_costume"", ""cat_suit""]",False,True
397500,electric_plug,0,1547,"[""electric_plug""]",False,False
1375741,extra_faces,0,1199,"[""extra_faces""]",False,False
587390,hand_on_headphones,0,1229,"[""hand_on_headphones""]",False,False
1161750,boy_sandwich,0,1166,"[""boy_sandwich"", ""sandwich_(male)""]",False,False
426382,bear_tail,0,1237,"[""bear_tail""]",True,False
11268,stripper,0,1149,"[""stripper""]",False,False
1260709,copy_ability,0,1261,"[""copy_ability""]",False,False
1407027,jaguar_tail,0,1373,"[""jaguar_tail""]",True,True
1496708,hitodama_print,0,1326,"[""hitodama_print""]",False,False
1455373,v-shaped_eyes,0,1792,"[""v-shaped_eyes""]",True,False
648057,rabbit_hat,0,1229,"[""rabbit_hat"", ""bunny_hat""]",True,True
441997,track_and_field,0,1157,"[""track_and_field""]",False,False
395993,energy_beam,0,1268,"[""energy_beam""]",False,False
677819,testicle_sucking,0,1270,"[""testicle_sucking"", ""sucking_testicles"", ""ball_sucking""]",False,False
663613,anal_fluid,0,1286,"[""anal_fluid""]",False,False
2013939,thick_beard,0,2392,"[""thick_beard""]",True,True
6429,dwarf,0,2638,"[""dwarf"", ""dwarves"", ""dwarfs""]",False,False
538615,paper_stack,0,1446,"[""paper_stack""]",False,False
1240337,yellow_border,0,1765,"[""yellow_border""]",False,True
1489407,martial_arts_belt,0,1355,"[""martial_arts_belt""]",False,True
10727,bib,0,1234,"[""bib""]",False,True
419685,invisible_man,0,1091,"[""invisible_man""]",False,False
592592,personality_switch,0,1296,"[""personality_switch"", ""body_swap"", ""personality_swap""]",False,False
1413251,fur-trimmed_collar,0,1681,"[""fur-trimmed_collar""]",False,True
678477,shared_speech_bubble,0,1379,"[""shared_speech_bubble""]",False,False
5547,pet,0,1226,"[""pet""]",False,False
1684568,paint_splatter_on_face,0,1379,"[""paint_splatter_on_face"", ""paint_on_face""]",False,False
1310659,hands_on_another's_thighs,0,1425,"[""hands_on_another's_thighs""]",False,False
394866,zodiac,0,1209,"[""zodiac""]",False,False
634813,hugging_tail,0,1189,"[""hugging_tail"", ""tail_hug""]",True,False
1317392,sports_bra_lift,0,1136,"[""sports_bra_lift""]",False,True
577070,hand_on_wall,0,1417,"[""hand_on_wall"", ""hands_on_wall""]",False,False
421692,game_boy,0,1185,"[""game_boy"", ""gameboy""]",False,False
574527,surcoat,0,1134,"[""surcoat""]",False,True
562990,bath_stool,0,1071,"[""bath_stool""]",False,False
679205,catchphrase,0,1129,"[""catchphrase""]",False,False
1263485,single_thigh_boot,0,1693,"[""single_thigh_boot""]",False,True
1569753,teardrop_tattoo,0,1408,"[""teardrop_tattoo""]",False,False
438748,breast_poke,0,1013,"[""breast_poke""]",False,False
1282931,raimon_soccer_uniform,0,1026,"[""raimon_soccer_uniform""]",False,False
1344416,heart_pendant,0,1413,"[""heart_pendant""]",False,False
9716,strawberry_panties,0,1013,"[""strawberry_panties"", ""ichigo_pantsu""]",False,True
691979,high_tops,0,1360,"[""high_tops""]",False,True
1252918,sitting_on_table,0,1304,"[""sitting_on_table""]",False,True
514585,plaid_bra,0,1020,"[""plaid_bra""]",False,True
693309,sleeve_grab,0,1169,"[""sleeve_grab"", ""sleeves_grab"", ""sleeve_tug""]",False,True
582988,colored_text,0,0,"[""colored_text""]",False,False
389926,panty_lift,0,1061,"[""panty_lift""]",False,True
839892,no_mole,0,1110,"[""no_mole""]",True,False
54531,blood_bag,0,1285,"[""blood_bag"", ""blood_pack""]",False,True
1154025,ankle_wrap,0,1038,"[""ankle_wrap"", ""ankle_wraps""]",False,True
1687001,male_underwear_pull,0,1207,"[""male_underwear_pull"", ""briefs_pull"", ""boxers_pull"", ""underwear_pull_(male)""]",False,True
622330,oversized_limbs,0,1135,"[""oversized_limbs""]",False,False
690728,missile_pod,0,1255,"[""missile_pod"", ""rocket_pod""]",False,False
1240826,print_hoodie,0,1385,"[""print_hoodie""]",False,True
1490497,green-tinted_eyewear,0,1497,"[""green-tinted_eyewear""]",True,True
1429582,dress_swimsuit,0,1196,"[""dress_swimsuit""]",False,True
458351,crane_game,0,1314,"[""crane_game"", ""claw_crane"", ""claw_machine"", ""ufo_catcher""]",False,False
1244336,flower_brooch,0,2211,"[""flower_brooch""]",False,True
564894,united_states,0,1146,"[""united_states"", ""united_states_of_america"", ""america_(country)"", ""america"", ""usa_(country)""]",False,False
3912,p90,0,1065,"[""p90""]",False,False
1271930,nanodesu_(phrase),0,958,"[""nanodesu_(phrase)""]",False,False
876691,cum_in_container,0,1243,"[""cum_in_container""]",False,True
119610,triplets,0,1049,"[""triplets""]",False,False
665892,cross-laced_legwear,0,1144,"[""cross-laced_legwear""]",False,True
534139,popped_button,0,1144,"[""popped_button"", ""button_pop"", ""popped_buttons""]",False,True
488521,canopy_bed,0,1109,"[""canopy_bed"", ""four-poster_bed""]",False,False
9476,minotaur,0,1174,"[""minotaur""]",False,False
694148,candlelight,0,1201,"[""candlelight""]",False,False
467700,salad,0,1188,"[""salad""]",False,False
1372678,tumblr_username,0,1509,"[""tumblr_username""]",False,False
376977,parrot,0,1209,"[""parrot""]",False,False
472408,sneezing,0,1125,"[""sneezing"", ""sneeze""]",False,False
493711,finger_frame,0,1439,"[""finger_frame"", ""finger_camera""]",False,False
675922,on_roof,0,1328,"[""on_roof""]",False,False
471798,before_and_after,0,1483,"[""before_and_after""]",False,False
405020,wheelbarrow,0,1026,"[""wheelbarrow""]",False,False
424519,racecar,0,1508,"[""racecar""]",False,False
1396676,dressing_another,0,1118,"[""dressing_another""]",False,False
5302,elvaan,0,969,"[""elvaan""]",False,False
397561,radish,0,1204,"[""radish""]",False,False
475951,ornament,0,687,"[""ornament"", ""ornaments""]",True,False
552753,perfume_bottle,0,1257,"[""perfume_bottle""]",False,False
1505371,star_guardian_(league_of_legends),0,972,"[""star_guardian_(league_of_legends)""]",False,False
1417605,blue_shawl,0,1378,"[""blue_shawl""]",False,True
394720,afterglow,0,910,"[""afterglow""]",False,False
1548224,butterfly_brooch,0,1088,"[""butterfly_brooch""]",False,True
1326876,diamond_hair_ornament,0,1536,"[""diamond_hair_ornament""]",True,False
1392344,white_sarong,0,1270,"[""white_sarong""]",False,True
6352,elephant,0,1088,"[""elephant""]",False,False
1426117,precum_drip,0,1404,"[""precum_drip""]",False,False
519920,cum_inflation,0,1221,"[""cum_inflation""]",False,False
413459,inflatable_raft,0,1105,"[""inflatable_raft""]",False,False
1578028,heart_on_chest,0,1030,"[""heart_on_chest""]",False,False
1853182,kamiyama_high_school_uniform_(project_sekai),0,1376,"[""kamiyama_high_school_uniform_(project_sekai)"", ""kamiyama_high_school_uniform_(sekai)""]",False,False
1835737,green_one-piece_swimsuit,0,1140,"[""green_one-piece_swimsuit"", ""green_swimsuit""]",False,True
375496,kagami_mochi,0,1060,"[""kagami_mochi""]",False,False
1297290,split_theme,0,1395,"[""split_theme""]",False,False
439842,purple_tongue,0,1431,"[""purple_tongue""]",False,False
610394,wavy_eyes,0,1372,"[""wavy_eyes""]",True,False
401062,x3,0,1038,"[""x3""]",False,False
458787,testicle_grab,0,1098,"[""testicle_grab""]",False,False
9347,puppy,0,1149,"[""puppy""]",False,False
1328313,shell_hair_ornament,0,1295,"[""shell_hair_ornament"", ""seashell_hair_ornament""]",True,False
1445049,grey_serafuku,0,1506,"[""grey_serafuku""]",False,True
473285,lace-trimmed_thighhighs,0,2995,"[""lace-trimmed_thighhighs""]",False,True
571097,crane_(animal),0,1150,"[""crane_(animal)"", ""crane_(bird)""]",False,False
1386603,orange_cape,0,1310,"[""orange_cape""]",False,True
645682,heart-shaped_eyes,0,1120,"[""heart-shaped_eyes"", ""heart_eyes"", ""heart_eye"", ""\u2665_\u2665""]",True,False
1283338,american_flag_print,0,5550,"[""american_flag_print""]",False,True
393062,skirt_flip,0,1131,"[""skirt_flip""]",False,True
400231,kotoyoro,0,956,"[""kotoyoro""]",False,False
553675,ehoumaki,0,1022,"[""ehoumaki"", ""ehomaki""]",False,True
479840,severed_limb,0,1162,"[""severed_limb"", ""severed_limbs""]",False,False
1860181,chain_headband,0,1183,"[""chain_headband""]",True,True
2730,massage,0,1126,"[""massage""]",False,False
799867,futasub,0,1051,"[""futasub""]",False,False
1476164,holding_frying_pan,0,1451,"[""holding_frying_pan""]",False,True
330762,dirt,0,1302,"[""dirt""]",False,False
719987,ghost_pose,0,1389,"[""ghost_pose""]",False,False
1272545,orange_leotard,0,1086,"[""orange_leotard""]",False,True
1293918,bicycle_basket,0,1080,"[""bicycle_basket""]",False,False
1424344,sling_bikini_top,0,1091,"[""sling_bikini_top""]",False,True
637908,adapted_uniform,0,996,"[""adapted_uniform""]",False,True
1505133,spanish_text,0,1369,"[""spanish_text"", ""spanish""]",False,False
702627,ass-to-ass,0,1114,"[""ass-to-ass"", ""ass_to_ass""]",False,False
496190,kabuto_(helmet),0,1324,"[""kabuto_(helmet)"", ""kabuto"", ""samurai_helmet""]",False,True
1470771,planet_hair_ornament,0,1066,"[""planet_hair_ornament""]",True,True
1240072,hair_color_connection,0,1235,"[""hair_color_connection""]",False,True
120759,mat,0,1105,"[""mat""]",False,False
1319070,text_messaging,0,1311,"[""text_messaging"", ""messaging"", ""texting""]",False,False
1513506,patchwork_clothes,0,1376,"[""patchwork_clothes""]",False,True
714122,ball_and_chain_restraint,0,1057,"[""ball_and_chain_restraint""]",False,False
1076830,hat_on_back,0,1328,"[""hat_on_back"", ""hat_around_neck"", ""hat_behind_back""]",False,True
1428052,watermelon_slice,0,1607,"[""watermelon_slice""]",False,True
1163703,oversized_breast_cup,0,1225,"[""oversized_breast_cup""]",False,False
1441858,lap_pillow_invitation,0,1081,"[""lap_pillow_invitation""]",False,False
1465576,holding_teapot,0,1476,"[""holding_teapot""]",False,True
511500,head_on_chest,0,1360,"[""head_on_chest""]",False,False
581487,hishaku,0,986,"[""hishaku""]",False,False
655737,pants_under_skirt,0,1364,"[""pants_under_skirt"", ""skirt_over_pants""]",False,True
608024,arm_between_legs,0,1492,"[""arm_between_legs""]",False,False
1484224,pearl_hair_ornament,0,1426,"[""pearl_hair_ornament""]",True,False
393452,leaf_umbrella,0,1075,"[""leaf_umbrella""]",False,False
9745,hungry,0,1138,"[""hungry""]",False,False
1890159,hand_on_own_ear,0,1270,"[""hand_on_own_ear"", ""touching_own_ear"", ""hand_on_ear""]",False,False
2006768,unworn_bikini_bottom,0,995,"[""unworn_bikini_bottom"", ""bikini_bottom_removed""]",False,True
1695426,popsicle_in_mouth,0,1805,"[""popsicle_in_mouth""]",False,True
9541,punk,0,1392,"[""punk""]",False,False
533238,milky_way,0,1130,"[""milky_way""]",False,True
1416325,multicolored_hairband,0,1111,"[""multicolored_hairband""]",True,True
679788,wet_towel,0,1151,"[""wet_towel""]",False,False
1983409,drop-shaped_pupils,0,2621,"[""drop-shaped_pupils""]",True,True
399404,skull_necklace,0,1254,"[""skull_necklace""]",False,True
460701,pagoda,0,1092,"[""pagoda""]",False,False
1422612,purple_serafuku,0,1494,"[""purple_serafuku""]",False,True
1754051,western_comics_(style),0,1128,"[""western_comics_(style)""]",False,False
675626,in_palm,0,1355,"[""in_palm""]",False,False
1247324,implied_fingering,0,1266,"[""implied_fingering""]",False,False
474597,mitre,0,1146,"[""mitre""]",False,True
535487,hand_over_eye,0,1198,"[""hand_over_eye""]",False,False
1360959,frilled_jacket,0,1475,"[""frilled_jacket""]",False,True
646375,sayagata,0,1015,"[""sayagata""]",False,False
467235,license_plate,0,1238,"[""license_plate""]",False,False
547795,breaking,0,1182,"[""breaking"", ""shattering""]",False,False
1436508,penis_on_ass,0,1203,"[""penis_on_ass""]",False,True
546978,two-finger_salute,0,1318,"[""two-finger_salute""]",False,False
641133,aqua_bra,0,1139,"[""aqua_bra""]",False,True
1425383,blue_pajamas,0,1784,"[""blue_pajamas""]",False,True
424698,moth,0,1405,"[""moth""]",False,False
490626,smoke_trail,0,1812,"[""smoke_trail""]",False,False
382030,beetle,0,1153,"[""beetle""]",False,False
433742,frozen,0,1078,"[""frozen""]",False,False
1281944,anchor_choker,0,1440,"[""anchor_choker""]",False,True
431724,cheekbones,0,1368,"[""cheekbones""]",False,False
564925,polka_dot_ribbon,0,1137,"[""polka_dot_ribbon""]",True,True
1390981,ribbon_braid,0,1469,"[""ribbon_braid""]",True,False
1436930,red_curtains,0,1296,"[""red_curtains""]",False,False
518157,peony_(flower),0,1311,"[""peony_(flower)""]",False,False
1835605,halter_shirt,0,1742,"[""halter_shirt""]",False,True
5466,mummy,0,1164,"[""mummy""]",False,False
1441554,red_sports_bra,0,1195,"[""red_sports_bra""]",False,True
317012,zeon,0,1351,"[""zeon""]",False,False
643172,shotgun_shell,0,1118,"[""shotgun_shell"", ""shotgun_shells""]",False,False
557780,alternate_wings,0,950,"[""alternate_wings"", ""/awi"", ""alternative_wings""]",True,False
711922,crocodilian,0,1241,"[""crocodilian""]",False,False
164255,nudist,0,995,"[""nudist"", ""nudism"", ""naturism""]",False,True
594978,naked_tabard,0,981,"[""naked_tabard"", ""nude_tabard""]",False,True
4374,meta,0,1107,"[""meta""]",False,False
2028289,sideless_kimono,0,2453,"[""sideless_kimono""]",False,True
1396474,single_knee_pad,0,1208,"[""single_knee_pad""]",False,True
570549,long_shirt,0,3344,"[""long_shirt"", ""t-shirt_dress""]",False,True
489578,whiskey,0,1162,"[""whiskey""]",False,False
626440,season_connection,0,974,"[""season_connection""]",False,False
1510577,v_over_mouth,0,1593,"[""v_over_mouth""]",False,False
1419480,maid_day,0,1300,"[""maid_day""]",False,False
1776547,multiple_scars,0,2541,"[""multiple_scars""]",False,True
11323,apartment,0,1416,"[""apartment""]",False,False
467744,mount_fuji,0,1078,"[""mount_fuji""]",False,False
1989967,segmented_comic,0,1621,"[""segmented_comic""]",False,False
547020,fidgeting,0,1106,"[""fidgeting"", ""fidget""]",False,False
509088,penis_in_panties,0,965,"[""penis_in_panties""]",False,True
680409,adam's_apple,0,1993,"[""adam's_apple""]",False,False
1688136,saliva_drip,0,1669,"[""saliva_drip""]",False,False
1546273,cross-laced_slit,0,1326,"[""cross-laced_slit""]",False,True
609535,witch_(madoka_magica),0,1133,"[""witch_(madoka_magica)""]",False,False
741418,card_parody,0,1034,"[""card_parody""]",False,True
708682,hand_on_another's_hand,0,1438,"[""hand_on_another's_hand""]",False,False
498585,cute_&_girly_(idolmaster),0,916,"[""cute_&_girly_(idolmaster)"", ""cute_and_girly_(idolmaster)"", ""cute_&_girly(idolmaster)""]",False,False
389771,syrup,0,1264,"[""syrup""]",False,False
525584,orange_socks,0,1576,"[""orange_socks"", ""orange_kneehighs""]",False,True
658126,cream_on_face,0,1094,"[""cream_on_face""]",False,True
1390068,joy-con,0,1035,"[""joy-con""]",False,False
630542,butterfly_sitting,0,1151,"[""butterfly_sitting"", ""butterfly_pose""]",False,False
1322883,flag_background,0,1102,"[""flag_background""]",False,False
684743,sam_browne_belt,0,1134,"[""sam_browne_belt""]",False,True
396015,gunblade,0,1115,"[""gunblade""]",False,False
1317436,satin_panties,0,1002,"[""satin_panties""]",False,True
467514,embroidery,0,1372,"[""embroidery""]",False,True
383898,bullying,0,1064,"[""bullying""]",False,False
701994,pov_across_table,0,1016,"[""pov_across_table""]",False,False
1351262,hand_on_another's_ear,0,1224,"[""hand_on_another's_ear"", ""touching_another's_ear""]",False,False
447159,fishing_line,0,1036,"[""fishing_line"", ""fishing_lines""]",False,False
1754190,onii-shota,0,1349,"[""onii-shota""]",False,False
460435,ivy,0,1118,"[""ivy""]",False,False
662803,honeycomb_background,0,1005,"[""honeycomb_background"", ""hexagonal_background"", ""/honeycombbg""]",False,False
1303975,blue_sarong,0,1153,"[""blue_sarong""]",False,True
1370713,pink_umbrella,0,1268,"[""pink_umbrella""]",False,True
473342,imperial_japanese_army,0,981,"[""imperial_japanese_army""]",False,False
502186,broken_window,0,1156,"[""broken_window""]",False,False
1417085,double_horizontal_stripe,0,1126,"[""double_horizontal_stripe""]",False,False
469328,sticky_note,0,1262,"[""sticky_note"", ""post-it""]",False,False
15902,jetpack,0,1112,"[""jetpack""]",False,False
1574664,two-sided_skirt,0,1152,"[""two-sided_skirt""]",False,False
385480,buruma_aside,0,1048,"[""buruma_aside""]",False,True
1552959,genderswap_(otf),0,1637,"[""genderswap_(otf)""]",False,True
3742,ferret,0,1099,"[""ferret""]",False,False
791840,blue_umbrella,0,1269,"[""blue_umbrella""]",False,True
444001,legband,0,1100,"[""legband"", ""leg_band""]",False,True
478042,track_uniform,0,1039,"[""track_uniform""]",False,False
1258486,musical_note_print,0,1376,"[""musical_note_print""]",False,True
6284,torture,0,1097,"[""torture""]",False,False
8921,white_day,0,1126,"[""white_day""]",False,False
1687562,off-shoulder_one-piece_swimsuit,0,1270,"[""off-shoulder_one-piece_swimsuit"", ""off-shoulder_swimsuit""]",False,False
398573,cartridge,0,831,"[""cartridge""]",False,False
1438293,holding_wrench,0,1476,"[""holding_wrench""]",False,True
11347,army,0,1177,"[""army""]",False,False
15930,ring_gag,0,1100,"[""ring_gag""]",False,False
620832,hollow_eyes,0,1211,"[""hollow_eyes""]",True,False
1355912,holding_another's_leg,0,1540,"[""holding_another's_leg""]",False,False
389367,pineapple,0,1184,"[""pineapple""]",False,False
3513,goat,0,1308,"[""goat""]",False,False
450248,sickle,0,1084,"[""sickle""]",False,False
5102,wizard,0,1125,"[""wizard"", ""sorcerer""]",False,False
1263595,soap_bottle,0,1079,"[""soap_bottle""]",False,False
3628,decapitation,0,1091,"[""decapitation""]",False,False
375353,soviet,0,1078,"[""soviet"", ""soviet_union""]",False,False
2006765,unworn_eyepatch,0,977,"[""unworn_eyepatch"", ""eyepatch_removed"", ""eyepatch_off""]",True,True
632148,hooded_dress,0,1308,"[""hooded_dress""]",False,True
6527,cart,0,1052,"[""cart""]",False,False
392841,nipple_pull,0,1168,"[""nipple_pull""]",False,False
214260,keep_out,0,1029,"[""keep_out""]",False,False
589932,negative_space,0,1143,"[""negative_space""]",False,False
3438,japan,0,1046,"[""japan""]",False,False
440147,crawling,0,1128,"[""crawling""]",False,False
662225,floating_book,0,1145,"[""floating_book""]",False,True
445428,guard_rail,0,1107,"[""guard_rail""]",False,False
500191,rabbit_costume,0,1058,"[""rabbit_costume"", ""bunny_costume""]",False,True
1325214,seal_(animal),0,1083,"[""seal_(animal)"", ""seal""]",False,False
524801,hakurei_shrine,0,973,"[""hakurei_shrine""]",False,False
1607841,holding_riding_crop,0,1743,"[""holding_riding_crop""]",False,False
1345296,skeleton_print,0,1219,"[""skeleton_print""]",False,True
1595590,pectoral_focus,0,1148,"[""pectoral_focus""]",False,False
385267,tokyo_(city),0,1121,"[""tokyo_(city)""]",False,False
1822470,wataboushi,0,948,"[""wataboushi""]",False,True
410638,huge_dildo,0,1039,"[""huge_dildo"", ""large_dildo""]",False,False
1366556,splattershot_(splatoon),0,1125,"[""splattershot_(splatoon)""]",False,False
562139,glove_biting,0,0,"[""glove_biting""]",False,False
1411084,pravda_military_uniform,0,942,"[""pravda_military_uniform""]",False,False
1827382,st._theresa's_girls_academy_school_uniform,0,913,"[""st._theresa's_girls_academy_school_uniform""]",False,True
7461,lizard,0,1243,"[""lizard""]",False,False
168887,age_comparison,0,1265,"[""age_comparison""]",False,False
525804,self_hug,0,1051,"[""self_hug""]",False,False
434881,baby_bottle,0,1138,"[""baby_bottle""]",False,False
1881202,st._chronica_academy_school_uniform,0,891,"[""st._chronica_academy_school_uniform"", ""st._chronica_academy_uniform""]",False,False
524684,food_on_breasts,0,1173,"[""food_on_breasts""]",True,False
591843,flying_paper,0,1177,"[""flying_paper""]",False,False
471586,breast_milk,0,1320,"[""breast_milk""]",False,False
475375,chocolate_cake,0,1233,"[""chocolate_cake""]",False,False
590202,pinstripe_suit,0,1192,"[""pinstripe_suit""]",False,True
1064351,green_cloak,0,1689,"[""green_cloak""]",False,False
1513569,spaceship_hair_ornament,0,1748,"[""spaceship_hair_ornament""]",True,False
396000,bowler_hat,0,1189,"[""bowler_hat""]",True,True
1411077,chi-hatan_military_uniform,0,932,"[""chi-hatan_military_uniform""]",False,False
378206,joystick,0,969,"[""joystick""]",False,False
640297,pump_action,0,1289,"[""pump_action"", ""pump_shotgun""]",False,False
524545,box_art,0,1037,"[""box_art"", ""boxart""]",False,False
1680143,pegasus_knight_uniform_(fire_emblem),0,667,"[""pegasus_knight_uniform_(fire_emblem)"", ""pegasus_knight_(fire_emblem)"", ""pegasus_knight""]",False,True
1532157,green_eyeshadow,0,1155,"[""green_eyeshadow""]",True,True
594013,orange_rose,0,1604,"[""orange_rose""]",False,False
537572,teeth_hold,0,1069,"[""teeth_hold""]",False,False
1351869,mesugaki,0,2077,"[""mesugaki"", ""bitch_brat""]",False,False
5364,ganguro,0,984,"[""ganguro""]",False,False
1309232,wallpaper_(object),0,1132,"[""wallpaper_(object)""]",False,False
468335,sadism,0,1172,"[""sadism""]",False,False
491818,muzzle_flash,0,1090,"[""muzzle_flash""]",False,False
1344657,cat_bag,0,1271,"[""cat_bag"", ""cat_backpack""]",False,False
1337502,heart_lock_(kantai_collection),0,912,"[""heart_lock_(kantai_collection)""]",False,False
1327283,cracked_floor,0,1147,"[""cracked_floor""]",False,False
501282,lipgloss,0,1025,"[""lipgloss""]",False,False
1377986,riyo_(lyomsnpmp)_(style),0,948,"[""riyo_(lyomsnpmp)_(style)""]",False,False
712902,pumpkin_hair_ornament,0,993,"[""pumpkin_hair_ornament""]",True,True
1539221,bandaged_wrist,0,1636,"[""bandaged_wrist""]",False,True
1228145,holding_swimsuit,0,1127,"[""holding_swimsuit"", ""holding_bikini_bottom"", ""holding_bikini_top"", ""holding_bikini""]",False,True
548098,mast,0,1130,"[""mast""]",False,False
719023,implied_kiss,0,1180,"[""implied_kiss""]",False,False
411775,clothesline,0,1086,"[""clothesline""]",False,False
400691,tag,0,1165,"[""tag""]",False,False
686745,spiked_hairband,0,1444,"[""spiked_hairband""]",True,True
1426179,luna_nova_school_uniform,0,944,"[""luna_nova_school_uniform""]",False,False
1098977,glass_bottle,0,1488,"[""glass_bottle""]",False,False
537237,coat_dress,0,1233,"[""coat_dress""]",False,True
590861,black_sky,0,1432,"[""black_sky""]",False,False
284608,tea_set,0,1026,"[""tea_set""]",False,False
487992,inkwell,0,1641,"[""inkwell"", ""ink_bottle""]",False,False
390727,jester,0,1387,"[""jester""]",False,True
1594642,holomyth,0,1033,"[""holomyth""]",False,False
1409407,pubic_stubble,0,1134,"[""pubic_stubble"", ""shaved""]",False,False
452918,long_nose,0,1392,"[""long_nose""]",False,False
420937,stopwatch,0,1069,"[""stopwatch""]",False,True
537303,shoulder_belt,0,2185,"[""shoulder_belt""]",False,True
664177,holding_footwear,0,1254,"[""holding_footwear""]",False,True
675084,holding_toy,0,1278,"[""holding_toy""]",False,True
657414,panties_under_buruma,0,1089,"[""panties_under_buruma""]",False,True
680577,color_trace,0,924,"[""color_trace""]",False,False
622480,food_art,0,1096,"[""food_art""]",False,True
472859,roots,0,0,"[""roots""]",False,False
1617036,pokemon_move,0,1128,"[""pokemon_move""]",False,False
2068712,hugging_book,0,1008,"[""hugging_book"", ""book_hug""]",False,True
1328754,brown_border,0,1497,"[""brown_border""]",False,True
2060129,nissin_cup_noodle,0,1197,"[""nissin_cup_noodle"", ""nissin_cup_noodles"", ""cup_noodle""]",False,False
560280,vignetting,0,1471,"[""vignetting""]",False,False
14645,marshmallow,0,1174,"[""marshmallow""]",False,False
503766,half-skirt,0,1293,"[""half-skirt""]",False,True
447315,glock,0,1232,"[""glock"", ""glock_18c"", ""glock_19"", ""glock_17""]",False,False
480563,fast_food,0,2079,"[""fast_food""]",False,False
529773,orange_jumpsuit,0,1185,"[""orange_jumpsuit""]",False,True
547523,flower_in_eye,0,1482,"[""flower_in_eye""]",True,False
1714871,midriff_sarashi,0,1019,"[""midriff_sarashi"", ""sarashi_(midriff)""]",False,True
1440813,red_track_suit,0,1124,"[""red_track_suit""]",False,True
803618,k-pop,0,2059,"[""k-pop""]",False,False
1398925,speaking_tube_headset,0,1040,"[""speaking_tube_headset""]",False,False
1363719,cum_on_eyewear,0,997,"[""cum_on_eyewear"", ""cum_on_glasses""]",False,False
822043,mundane_utility,0,938,"[""mundane_utility""]",False,False
683512,grey_suit,0,1441,"[""grey_suit""]",False,True
1360272,hooded_vest,0,1191,"[""hooded_vest"", ""hoodie_vest""]",False,True
1881212,miyamasuzaka_girls'_academy_school_uniform,0,1360,"[""miyamasuzaka_girls'_academy_school_uniform"", ""miyamasuzaka_girls'_academy_uniform""]",False,False
410219,scylla,0,1079,"[""scylla"", ""octopus_girl""]",False,True
14528,bathrobe,0,1101,"[""bathrobe""]",False,True
1352247,variable_fighter,0,927,"[""variable_fighter""]",False,False
1347574,mole_on_body,0,815,"[""mole_on_body""]",False,False
1299315,spoiler_(automobile),0,1568,"[""spoiler_(automobile)""]",False,False
1620077,holding_fireworks,0,2506,"[""holding_fireworks"", ""holding_sparkler""]",False,False
724440,magical_boy,0,1046,"[""magical_boy""]",True,False
413068,sequential,0,1286,"[""sequential""]",False,False
412400,coif,0,2385,"[""coif""]",False,True
1631697,alternate_pectoral_size,0,938,"[""alternate_pectoral_size""]",False,False
695792,chained_wrists,0,1109,"[""chained_wrists""]",False,False
563949,french_flag,0,1062,"[""french_flag""]",False,False
1425321,hogwarts_school_uniform,0,1277,"[""hogwarts_school_uniform""]",False,False
495149,throwing_knife,0,993,"[""throwing_knife"", ""throwing_knives""]",False,False
1886895,prototype_design,0,1383,"[""prototype_design"", ""prototype""]",False,False
630151,bikini_shorts,0,987,"[""bikini_shorts""]",False,True
1429573,bow_skirt,0,1368,"[""bow_skirt""]",False,True
1583008,side-tie_peek,0,1643,"[""side-tie_peek""]",False,True
516577,groom,0,1149,"[""groom""]",False,False
1844433,tweaking_own_nipple,0,1069,"[""tweaking_own_nipple""]",False,True
1374880,bralines,0,880,"[""bralines""]",False,True
1410975,blue_camisole,0,1385,"[""blue_camisole""]",False,True
492292,behind-the-head_headphones,0,1091,"[""behind-the-head_headphones""]",True,False
684345,credits_page,0,902,"[""credits_page""]",False,False
486063,gauze,0,2258,"[""gauze""]",False,False
1424513,striped_coat,0,894,"[""striped_coat""]",False,True
4410,dragonfly,0,1058,"[""dragonfly""]",False,False
1964717,holding_with_feet,0,1134,"[""holding_with_feet"", ""foot_hold""]",False,False
584875,pizza_box,0,1192,"[""pizza_box""]",False,False
423622,pelt,0,1143,"[""pelt"", ""animal_pelt""]",False,True
1622944,chaldea_logo,0,1460,"[""chaldea_logo""]",False,False
524807,unfastened,0,883,"[""unfastened"", ""unclasped"", ""unhooked""]",False,True
9429,merchandise,0,1276,"[""merchandise""]",False,False
636503,greek_toe,0,1083,"[""greek_toe""]",False,True
1686123,black_armband,0,1877,"[""black_armband""]",False,True
382343,adjusting_panties,0,966,"[""adjusting_panties""]",False,True
596238,bird_print,0,1309,"[""bird_print""]",False,False
1323325,shared_object_insertion,0,950,"[""shared_object_insertion"", ""shared_dildo"", ""shared_insertion""]",False,False
647761,hanging_plant,0,1497,"[""hanging_plant""]",False,False
14936,bee,0,1151,"[""bee""]",False,False
557830,hand_on_glass,0,1375,"[""hand_on_glass"", ""hands_on_glass""]",False,False
565438,vertical-striped_socks,0,1197,"[""vertical-striped_socks"", ""vertical-striped_kneehighs""]",False,True
1661800,used_condom_on_penis,0,1042,"[""used_condom_on_penis"", ""condom_filling""]",False,False
562074,plaid_ribbon,0,1068,"[""plaid_ribbon""]",True,True
1950169,sparse_stubble,0,1283,"[""sparse_stubble""]",False,False
687873,...?,0,1205,"[""...?""]",False,False
602163,webbed_hands,0,1094,"[""webbed_hands""]",False,False
478554,contrast,0,1102,"[""contrast""]",False,False
1898819,virgin_destroyer_sweater,0,1243,"[""virgin_destroyer_sweater""]",False,False
603240,vertical-striped_panties,0,915,"[""vertical-striped_panties""]",False,True
1325782,skull_ornament,0,1451,"[""skull_ornament""]",True,False
1468128,training_corps_(emblem),0,861,"[""training_corps_(emblem)""]",False,False
1303976,print_sarong,0,917,"[""print_sarong""]",False,True
5099,pegasus,0,1065,"[""pegasus""]",False,False
395496,cloth,0,926,"[""cloth""]",False,True
3499,kappa,0,881,"[""kappa""]",False,False
384700,dock,0,1042,"[""dock""]",False,False
4079,isometric,0,1054,"[""isometric""]",False,False
1528677,holding_test_tube,0,1235,"[""holding_test_tube""]",False,True
522258,otter,0,1086,"[""otter""]",False,False
466947,volleyball_net,0,1013,"[""volleyball_net""]",False,False
168769,band_uniform,0,1021,"[""band_uniform""]",False,True
605322,checkered_shirt,0,1133,"[""checkered_shirt"", ""checkered_blouse""]",False,True
1673135,fat_rolls,0,979,"[""fat_rolls"", ""fat_folds""]",False,False
381761,cola,0,1064,"[""cola""]",False,False
792029,glory_wall,0,1138,"[""glory_wall""]",False,False
1457794,weapon_case,0,1036,"[""weapon_case"", ""gun_case""]",False,False
648669,lowleg_skirt,0,995,"[""lowleg_skirt""]",False,True
1397005,fur-trimmed_shirt,0,1255,"[""fur-trimmed_shirt""]",False,True
574109,missing_limb,0,1134,"[""missing_limb""]",False,False
1448672,tsab_ground_military_uniform,0,856,"[""tsab_ground_military_uniform""]",False,False
682665,super_soaker,0,914,"[""super_soaker""]",False,False
1281553,german_flag_bikini,0,855,"[""german_flag_bikini""]",False,True
1524014,lightning_bolt_print,0,1124,"[""lightning_bolt_print""]",False,True
451855,studded_collar,0,981,"[""studded_collar""]",False,False
2081,hospital,0,1088,"[""hospital""]",False,False
1456704,holding_mop,0,1283,"[""holding_mop""]",False,True
570545,headlight,0,0,"[""headlight""]",False,False
772467,bear_boy,0,1782,"[""bear_boy""]",True,False
423144,toggles,0,955,"[""toggles""]",False,False
1512493,blue_tabard,0,1928,"[""blue_tabard""]",False,True
3927,gao,0,1014,"[""gao"", ""rawr""]",False,False
1314901,holly_hair_ornament,0,1082,"[""holly_hair_ornament""]",True,True
1318429,pendant_watch,0,883,"[""pendant_watch""]",False,False
543243,chrysanthemum,0,1092,"[""chrysanthemum""]",False,False
409759,cleave_gag,0,1052,"[""cleave_gag"", ""cleavegag"", ""cleave_gagged""]",False,False
714513,menu_board,0,1053,"[""menu_board""]",False,False
1297213,mismatched_sclera,0,1319,"[""mismatched_sclera""]",False,False
622988,swiss_roll,0,1275,"[""swiss_roll"", ""roll_cake""]",False,False
1039471,prostration,0,970,"[""prostration"", ""orz""]",False,False
449709,uneven_twintails,0,1217,"[""uneven_twintails"", ""asymmetrical_twintails""]",True,False
9215,mutual_masturbation,0,1021,"[""mutual_masturbation""]",False,False
414987,exercise_ball,0,1073,"[""exercise_ball"", ""yoga_ball"", ""gym_ball"", ""balance_ball""]",False,True
384589,lyre,0,1470,"[""lyre""]",False,False
590466,horseshoe,0,1054,"[""horseshoe""]",False,False
1881203,lillian_girls'_academy_school_uniform,0,859,"[""lillian_girls'_academy_school_uniform"", ""lillian_girls'_academy_uniform""]",False,True
1681025,emotionless_sex,0,1107,"[""emotionless_sex"", ""expressionless_sex""]",False,False
411754,armpit_sex,0,980,"[""armpit_sex""]",False,False
1076064,covering_one_breast,0,962,"[""covering_one_breast"", ""covering_breast""]",False,True
12520,suicide,0,1000,"[""suicide""]",False,False
384615,infirmary,0,1085,"[""infirmary"", ""nurse's_office"", ""nurse_office""]",False,False
1260902,folded_hair,0,1028,"[""folded_hair""]",True,False
726335,vertical-striped_pants,0,1498,"[""vertical-striped_pants""]",False,True
388326,swastika,0,963,"[""swastika""]",False,False
663228,implied_masturbation,0,1010,"[""implied_masturbation""]",False,False
634694,shrugging,0,1006,"[""shrugging""]",False,False
375625,model_kit,0,985,"[""model_kit"", ""plamo""]",False,False
381685,pig_ears,0,1033,"[""pig_ears""]",True,False
519188,metal_skin,0,1472,"[""metal_skin"", ""metallic_skin""]",True,False
5402,crowbar,0,1225,"[""crowbar""]",False,False
433244,first_aid_kit,0,1074,"[""first_aid_kit"", ""medical_kit"", ""medkit"", ""medikit""]",False,False
1428380,blood_on_leg,0,1316,"[""blood_on_leg"", ""bloody_leg""]",False,True
1282703,stained_clothes,0,1019,"[""stained_clothes""]",False,True
1797951,high-low_skirt,0,516,"[""high-low_skirt"", ""short_front_long_back_skirt""]",False,True
618480,sitting_on_shoulder,0,1094,"[""sitting_on_shoulder""]",False,False
446984,gun_to_head,0,1163,"[""gun_to_head""]",False,False
11665,seatbelt,0,1139,"[""seatbelt""]",False,False
527885,christmas_stocking,0,1101,"[""christmas_stocking"", ""stocking_stuffer""]",False,True
1354471,on_railing,0,1232,"[""on_railing"", ""sitting_on_railing""]",False,False
468109,tengu_mask,0,891,"[""tengu_mask""]",False,True
630404,pumpkin_hat,0,973,"[""pumpkin_hat""]",True,True
529041,hand_wraps,0,1101,"[""hand_wraps"", ""handwraps""]",False,True
524281,belt_skirt,0,822,"[""belt_skirt"", ""beltskirt""]",False,True
381159,crotch_grab,0,984,"[""crotch_grab"", ""bulge_grab""]",False,False
485599,silver_dress,0,941,"[""silver_dress""]",False,True
1792030,hexagon_print,0,1032,"[""hexagon_print""]",False,False
1318703,lace-trimmed_choker,0,1601,"[""lace-trimmed_choker""]",False,True
1449427,brown_mittens,0,1036,"[""brown_mittens""]",False,True
460897,sukusuku_hakutaku,0,897,"[""sukusuku_hakutaku""]",False,False
1571250,shiny_and_normal,0,1418,"[""shiny_and_normal""]",False,True
10389,drugged,0,971,"[""drugged""]",False,False
287045,hanami,0,935,"[""hanami"", ""flower_viewing"", ""cherry_blossom_viewing"", ""ohanami""]",False,False
505038,duel_disk,0,1261,"[""duel_disk""]",False,False
1286244,rei_no_pool,0,895,"[""rei_no_pool"", ""hanazono_room"", ""the_usual_pool"", ""that_pool""]",False,False
517400,blue_hood,0,1401,"[""blue_hood""]",False,True
576440,naked_cloak,0,934,"[""naked_cloak""]",False,True
480256,one-piece_thong,0,937,"[""one-piece_thong""]",False,True
1444212,black_bandeau,0,1341,"[""black_bandeau""]",False,True
1330123,paralyzer,0,870,"[""paralyzer""]",False,False
809507,eye_black,0,875,"[""eye_black""]",False,False
1393397,orange_goggles,0,864,"[""orange_goggles""]",False,True
1378265,z-ring,0,900,"[""z-ring""]",False,False
386212,diving,0,926,"[""diving""]",False,False
624464,crt,0,1472,"[""crt"", ""old_television""]",False,False
8079,warrior,0,949,"[""warrior""]",False,False
620901,ice_cream_float,0,1319,"[""ice_cream_float""]",False,False
391741,fingersmile,0,949,"[""fingersmile"", ""finger_smile""]",False,False
1813349,fishnet_socks,0,1316,"[""fishnet_socks""]",False,True
1421495,purple_collar,0,1492,"[""purple_collar""]",False,True
1471254,flower_choker,0,1559,"[""flower_choker""]",False,True
1273779,elbow_sleeve,0,537,"[""elbow_sleeve""]",False,True
437278,masu,0,918,"[""masu""]",False,False
1345302,holding_heart,0,1155,"[""holding_heart""]",False,True
1728479,kousaka_kirino's_school_uniform,0,859,"[""kousaka_kirino's_school_uniform""]",False,False
1693508,cut_bangs,0,1264,"[""cut_bangs""]",True,False
401696,hook,0,956,"[""hook""]",False,False
381749,tamagoyaki,0,1063,"[""tamagoyaki"", ""egg_roll""]",False,False
1293824,portal_(object),0,1221,"[""portal_(object)"", ""dimensional_hole""]",False,False
679802,pocky_in_mouth,0,1717,"[""pocky_in_mouth""]",False,True
1404577,grey_apron,0,1076,"[""grey_apron""]",False,True
198450,raccoon,0,1106,"[""raccoon""]",False,False
394916,2008,0,873,"[""2008""]",False,False
1392477,jiangshi_costume,0,1401,"[""jiangshi_costume""]",False,True
1634686,cigarette_pack,0,1107,"[""cigarette_pack"", ""cigarette_box""]",False,False
486022,vacuum_cleaner,0,946,"[""vacuum_cleaner"", ""vacuum""]",False,False
529223,cellphone_charm,0,1113,"[""cellphone_charm"", ""phone_charm""]",False,False
506659,tribal_tattoo,0,1028,"[""tribal_tattoo""]",False,False
510173,easter,0,1113,"[""easter""]",False,False
2069331,mizu_happi,0,910,"[""mizu_happi"", ""yamakasa""]",False,True
469065,fist_bump,0,1018,"[""fist_bump"", ""fistbump"", ""brofist""]",False,False
460224,rubber_gloves,0,1233,"[""rubber_gloves""]",False,True
1389883,red_cardigan,0,1250,"[""red_cardigan""]",False,True
82088,sewing,0,1015,"[""sewing""]",False,False
487630,eye_reflection,0,1114,"[""eye_reflection"", ""reflective_eyes""]",False,False
462982,photorealistic,0,1120,"[""photorealistic""]",False,False
1345444,holding_coin,0,1319,"[""holding_coin""]",False,True
565798,crazy_straw,0,994,"[""crazy_straw""]",False,False
2013820,mole_under_each_eye,0,3118,"[""mole_under_each_eye""]",True,True
1008938,clothes_theft,0,882,"[""clothes_theft"", ""clothing_thief"", ""clothes_thief""]",False,True
1518947,simulated_fellatio,0,1188,"[""simulated_fellatio"", ""oral_object_insertion""]",False,True
1467612,holding_microphone_stand,0,1351,"[""holding_microphone_stand""]",False,True
1257082,clock_eyes,0,1023,"[""clock_eyes"", ""clock_eyed""]",True,True
1019493,reptile_girl,0,1232,"[""reptile_girl"", ""lizard_girl""]",True,False
1394772,holding_chain,0,1262,"[""holding_chain""]",False,True
383875,restroom,0,999,"[""restroom""]",False,False
449449,beretta_92,0,1121,"[""beretta_92"", ""beretta_92fs"", ""beretta_m9""]",False,False
709609,wrong_foot,0,883,"[""wrong_foot"", ""wrong_feet""]",False,True
551086,protecting,0,1046,"[""protecting"", ""protect""]",False,False
658222,stuffed_penguin,0,1051,"[""stuffed_penguin""]",False,False
409724,converse,0,1087,"[""converse""]",False,True
574147,thong_aside,0,1042,"[""thong_aside""]",False,True
1353604,walking_on_liquid,0,961,"[""walking_on_liquid"", ""walking_on_water""]",False,True
1322934,gesugao,0,917,"[""gesugao""]",False,False
532082,knight_(chess),0,927,"[""knight_(chess)""]",False,True
1629215,black_male_swimwear,0,1157,"[""black_male_swimwear""]",False,False
1457241,index_fingers_raised,0,1256,"[""index_fingers_raised""]",False,False
1672268,qingxin_flower,0,879,"[""qingxin_flower""]",False,False
679600,censored_text,0,1113,"[""censored_text""]",False,False
523961,hair_between_breasts,0,903,"[""hair_between_breasts""]",True,False
1459749,pelvic_curtain_lift,0,1081,"[""pelvic_curtain_lift""]",False,True
1136370,sextuplets,0,897,"[""sextuplets""]",False,False
1610073,toilet_stall,0,1159,"[""toilet_stall"", ""stall_(toilet)"", ""restroom_stall""]",False,False
1268234,alternate_hair_ornament,0,1123,"[""alternate_hair_ornament""]",True,False
9295,jungle,0,1026,"[""jungle""]",False,False
1603815,food_bite,0,1174,"[""food_bite""]",False,False
2006773,unworn_necktie,0,1011,"[""unworn_necktie"", ""necktie_removed"", ""necktie_off""]",False,False
1266323,mutual_hug,0,1300,"[""mutual_hug""]",False,True
380200,2007,0,892,"[""2007""]",False,False
623951,lying_on_lap,0,1214,"[""lying_on_lap""]",False,False
666041,multiple_torii,0,1139,"[""multiple_torii""]",False,False
1407354,brown_neckerchief,0,1019,"[""brown_neckerchief""]",False,True
1257074,hand_on_floor,0,1211,"[""hand_on_floor""]",False,False
467444,kerchief,0,636,"[""kerchief""]",False,True
1411059,saunders_school_uniform,0,869,"[""saunders_school_uniform""]",False,False
82386,absolutely_everyone,0,985,"[""absolutely_everyone""]",False,False
624878,red_suit,0,1220,"[""red_suit""]",False,True
1375562,red_robe,0,1661,"[""red_robe""]",False,True
663412,holding_own_foot,0,904,"[""holding_own_foot""]",False,False
541741,strapless_bottom,0,891,"[""strapless_bottom""]",False,True
1733214,wing_brooch,0,1261,"[""wing_brooch""]",False,True
1501050,diagonal-striped_bowtie,0,1728,"[""diagonal-striped_bowtie""]",False,True
671147,licking_ear,0,1084,"[""licking_ear"", ""ear_licking"", ""ear_lick""]",True,False
1848853,miku_day,0,1348,"[""miku_day"", ""mikupa""]",False,False
1493682,holding_drumsticks,0,1719,"[""holding_drumsticks""]",False,True
570253,flower_in_mouth,0,1131,"[""flower_in_mouth""]",False,False
1397511,dorsiflexion,0,1386,"[""dorsiflexion"", ""toe-point_up""]",False,False
563545,braiding_hair,0,1079,"[""braiding_hair""]",True,False
1399875,aqua_kimono,0,1343,"[""aqua_kimono""]",False,True
563180,nintendo_3ds,0,893,"[""nintendo_3ds""]",False,False
1750923,hexagon_hair_ornament,0,945,"[""hexagon_hair_ornament""]",True,False
1382389,vertical-striped_kimono,0,1045,"[""vertical-striped_kimono"", ""vertical-striped_yukata""]",False,True
1605930,stitched_arm,0,1175,"[""stitched_arm""]",False,True
618151,pink_sash,0,1297,"[""pink_sash"", ""pink_obi""]",False,True
485574,cuff_links,0,995,"[""cuff_links"", ""cuff-links"", ""cuff-link"", ""cuff_link""]",False,True
536594,determined,0,1579,"[""determined""]",False,False
496893,checkered_dress,0,994,"[""checkered_dress""]",False,True
1989817,ornate_border,0,1927,"[""ornate_border"", ""complex_border"", ""detailed_border""]",False,True
600400,tri_braids,0,947,"[""tri_braids""]",True,False
1428530,animal_ear_hairband,0,6663,"[""animal_ear_hairband""]",True,True
551767,pastry_bag,0,1012,"[""pastry_bag"", ""piping_bag"", ""frosting_bag""]",False,False
109159,nyan,0,1011,"[""nyan""]",False,False
387570,measuring,0,985,"[""measuring""]",False,False
1240511,standard_bearer,0,909,"[""standard_bearer""]",False,False
389594,folder,0,1062,"[""folder"", ""folders""]",False,False
1866251,roasted_sweet_potato,0,1042,"[""roasted_sweet_potato"", ""yakiimo""]",False,False
1289575,<|>_<|>,0,1391,"[""<|>_<|>""]",False,False
1350631,grey_bowtie,0,1311,"[""grey_bowtie""]",False,True
647108,flying_teardrops,0,941,"[""flying_teardrops""]",False,False
528408,soft_serve,0,1015,"[""soft_serve""]",False,False
650140,clothed_male_nude_male,0,1081,"[""clothed_male_nude_male"", ""nude_male_clothed_male"", ""/cmnm"", ""clothed_male_naked_male"", ""cmnm""]",True,True
397042,temple,0,972,"[""temple""]",False,False
1467808,4others,0,1204,"[""4others""]",False,False
579524,toe_cleavage,0,1021,"[""toe_cleavage""]",False,True
1979011,antique_phone,0,1144,"[""antique_phone"", ""antique_telephone""]",False,False
1443312,yellow_camisole,0,1042,"[""yellow_camisole""]",False,True
1273445,miracle_mallet,0,847,"[""miracle_mallet""]",False,False
1289376,bishamonten's_spear,0,840,"[""bishamonten's_spear""]",False,False
1553479,penis_over_eyes,0,1168,"[""penis_over_eyes""]",True,False
539894,bamboo_shoot,0,881,"[""bamboo_shoot"", ""bamboo_sprout""]",False,False
635050,pointing_forward,0,1207,"[""pointing_forward""]",False,False
1282902,solid_circle_pupils,0,1385,"[""solid_circle_pupils"", ""(o)_(o)""]",True,False
6477,prank,0,1024,"[""prank""]",False,False
727812,loaded_interior,0,1036,"[""loaded_interior""]",False,False
657138,cat_mask,0,1042,"[""cat_mask""]",False,False
1577183,penis_to_breast,0,955,"[""penis_to_breast"", ""penis_to_nipple""]",True,False
381166,mannequin,0,1182,"[""mannequin""]",False,False
1779993,pink_gemstone,0,1678,"[""pink_gemstone""]",False,False
413725,crotch_zipper,0,1083,"[""crotch_zipper""]",False,True
427948,tying,0,924,"[""tying""]",False,False
654961,shippou_(pattern),0,901,"[""shippou_(pattern)""]",False,False
378288,blob,0,866,"[""blob""]",False,False
394091,medieval,0,1030,"[""medieval""]",False,False
1427240,shirt_overhang,0,1147,"[""shirt_overhang""]",False,True
518151,anemone_(flower),0,1153,"[""anemone_(flower)""]",False,False
510345,incoming_hug,0,1050,"[""incoming_hug""]",False,False
1349482,igote,0,869,"[""igote""]",False,False
695217,frog_girl,0,900,"[""frog_girl""]",True,False
1835975,projectile_lactation,0,2092,"[""projectile_lactation""]",False,False
573016,hands_on_shoulders,0,811,"[""hands_on_shoulders""]",False,False
586735,carapace,0,982,"[""carapace""]",False,False
657534,spoken_food,0,1212,"[""spoken_food"", ""spoken_meat""]",False,False
647474,stuffed_dog,0,1008,"[""stuffed_dog""]",False,False
651505,animal_on_hand,0,970,"[""animal_on_hand""]",False,True
504867,digital_dissolve,0,927,"[""digital_dissolve""]",False,False
687850,holding_shirt,0,1092,"[""holding_shirt""]",False,True
374958,cyrillic,0,880,"[""cyrillic""]",False,False
2006776,unworn_shorts,0,979,"[""unworn_shorts"", ""shorts_removed""]",False,True
377162,prison,0,935,"[""prison"", ""jail""]",False,False
401123,casino,0,1042,"[""casino""]",False,False
1842576,curly_eyebrows,0,2891,"[""curly_eyebrows""]",True,False
1333746,riding_bicycle,0,1241,"[""riding_bicycle""]",False,True
1462661,star-shaped_eyewear,0,1159,"[""star-shaped_eyewear""]",True,True
1205916,white_stripes,0,1159,"[""white_stripes""]",False,False
403,chikan,0,904,"[""chikan""]",False,False
500518,clothes_pin,0,923,"[""clothes_pin"", ""clothing_pin"", ""clothespins"", ""clothespin"", ""clothes_pins""]",False,False
1310301,kuji-in,0,1278,"[""kuji-in"", ""ninja_hand_gesture"", ""hand_seal""]",False,False
4209,cauldron,0,1061,"[""cauldron""]",False,False
1659960,holed_coin,0,1514,"[""holed_coin"", ""cash_(chinese)"", ""50_yen_coin"", ""5_yen_coin""]",False,False
652663,cat_on_shoulder,0,1101,"[""cat_on_shoulder""]",False,False
12948,storm,0,1090,"[""storm""]",False,False
610947,self-harm,0,1201,"[""self-harm"", ""self_harm"", ""self-injury"", ""self-mutilation""]",False,False
571429,fiery_wings,0,930,"[""fiery_wings"", ""fire_wings""]",True,False
677066,finger_to_another's_mouth,0,1152,"[""finger_to_another's_mouth"", ""finger_on_another's_lips""]",False,False
12070,battleship,0,889,"[""battleship""]",False,False
624228,sky_print,0,894,"[""sky_print""]",False,False
1493300,orange_headband,0,1006,"[""orange_headband""]",True,True
376295,scouter,0,950,"[""scouter""]",False,True
1508844,sainan_high_school_uniform,0,853,"[""sainan_high_school_uniform""]",False,False
472362,intestines,0,1208,"[""intestines""]",False,False
391985,ashtray,0,1036,"[""ashtray""]",False,False
411331,long_toenails,0,935,"[""long_toenails"", ""long_nails_(toes)""]",False,True
1455458,brown_flower,0,918,"[""brown_flower""]",False,False
493573,handprint,0,1247,"[""handprint"", ""hand_print""]",False,False
1353724,holding_cake,0,1268,"[""holding_cake""]",False,True
419647,stakes_of_purgatory,0,783,"[""stakes_of_purgatory""]",False,False
433154,cargo_pants,0,1286,"[""cargo_pants""]",False,True
465272,kyuudou,0,832,"[""kyuudou"", ""kyuudo""]",False,False
417068,heart_(organ),0,1218,"[""heart_(organ)""]",False,False
1886042,shimokitazawa_high_school_uniform,0,1187,"[""shimokitazawa_high_school_uniform""]",False,False
656172,hands_on_another's_chest,0,1053,"[""hands_on_another's_chest""]",False,False
1316683,carrying_bag,0,782,"[""carrying_bag""]",False,False
1256544,removing_jacket,0,991,"[""removing_jacket""]",False,False
1359855,frilled_umbrella,0,1029,"[""frilled_umbrella""]",False,True
172018,nail_bat,0,1096,"[""nail_bat"", ""nailbat""]",False,False
499383,scratching_head,0,996,"[""scratching_head""]",True,False
730531,chuunibyou,0,929,"[""chuunibyou""]",False,False
461556,bloodshot_eyes,0,1140,"[""bloodshot_eyes"", ""bloodshot_eye""]",True,False
1505135,italian_text,0,898,"[""italian_text"", ""italian""]",False,False
1492153,green_horns,0,1476,"[""green_horns""]",True,False
454988,glitter,0,984,"[""glitter""]",False,True
1502192,holding_suitcase,0,1507,"[""holding_suitcase""]",False,True
535183,beer_bottle,0,1056,"[""beer_bottle""]",False,False
1440622,green_headband,0,1560,"[""green_headband""]",True,True
523331,micro_bra,0,937,"[""micro_bra""]",False,True
579036,ace_of_spades,0,1230,"[""ace_of_spades""]",False,False
450236,bipod,0,859,"[""bipod""]",False,False
420479,no_feet,0,3502,"[""no_feet""]",False,False
1867868,motosu_school_uniform,0,888,"[""motosu_school_uniform""]",False,True
433346,horn_grab,0,987,"[""horn_grab""]",False,False
1453787,golden_arms,0,814,"[""golden_arms""]",False,False
1861772,crisis_management_form_(machimazo),0,879,"[""crisis_management_form_(machimazo)""]",False,False
529805,shamoji,0,861,"[""shamoji"", ""rice_paddle"", ""rice_spoon""]",False,False
449872,walther,0,938,"[""walther""]",False,False
1389143,brown_serafuku,0,648,"[""brown_serafuku""]",False,True
378380,math,0,990,"[""math""]",False,False
498240,red_nose,0,1268,"[""red_nose""]",False,False
1309364,single_head_wing,0,949,"[""single_head_wing""]",True,True
607516,holding_leg,0,554,"[""holding_leg""]",False,False
549186,animal_head,0,1083,"[""animal_head""]",True,False
1539334,black_scales,0,1451,"[""black_scales""]",False,False
406419,bust_cup,0,881,"[""bust_cup"", ""alcohol_between_breasts"", ""breasts_cup"", ""breast_cup""]",False,False
470389,out_of_character,0,965,"[""out_of_character""]",False,False
1398336,year_of_the_dog,0,792,"[""year_of_the_dog""]",False,True
1304453,covered_clitoris,0,922,"[""covered_clitoris""]",False,True
696037,bulging_eyes,0,997,"[""bulging_eyes""]",True,False
707905,object_on_breast,0,908,"[""object_on_breast""]",False,False
1375854,dream_soul,0,816,"[""dream_soul""]",False,False
1373241,meka_(overwatch),0,786,"[""meka_(overwatch)""]",False,False
459154,nebula,0,1110,"[""nebula""]",False,False
1083062,gold_coin,0,1312,"[""gold_coin""]",False,False
1068870,panda_hood,0,910,"[""panda_hood""]",False,True
2292,magician,0,924,"[""magician""]",False,False
10748,elevator,0,1059,"[""elevator""]",False,False
558756,taut_swimsuit,0,906,"[""taut_swimsuit""]",False,True
484125,deer_tail,0,1101,"[""deer_tail"", ""reindeer_tail""]",True,False
1473363,purple_butterfly,0,1265,"[""purple_butterfly""]",False,True
649072,grimoire_of_alice,0,845,"[""grimoire_of_alice""]",False,False
730919,lolidom,0,909,"[""lolidom""]",False,False
1375534,aqua_leotard,0,1089,"[""aqua_leotard""]",False,True
375963,bathhouse,0,880,"[""bathhouse"", ""sento"", ""public_bath""]",False,False
442513,laundry_basket,0,983,"[""laundry_basket""]",False,False
593089,double_amputee,0,1009,"[""double_amputee""]",False,False
32011,broccoli,0,1031,"[""broccoli""]",False,False
1249968,little_red_riding_hood_(grimm)_(cosplay),0,1014,"[""little_red_riding_hood_(grimm)_(cosplay)""]",False,True
1398335,year_of_the_pig,0,792,"[""year_of_the_pig"", ""year_of_the_boar""]",False,True
1411110,keizoku_school_uniform,0,829,"[""keizoku_school_uniform""]",False,False
685854,fur_cuffs,0,922,"[""fur_cuffs""]",False,True
415865,broken_armor,0,932,"[""broken_armor"", ""torn_armor""]",False,False
505385,through_screen,0,1050,"[""through_screen"", ""coming_out_of_screen""]",False,False
413830,wakamezake,0,853,"[""wakamezake"", ""liquid_between_thighs"", ""lap_cup"", ""lapcup"", ""thigh_cup""]",False,False
474812,finger_sucking,0,862,"[""finger_sucking"", ""sucking_finger"", ""finger_suck""]",False,False
513340,glowing_hand,0,927,"[""glowing_hand""]",False,True
4854,cast,0,879,"[""cast""]",False,False
1306995,panties_under_shorts,0,925,"[""panties_under_shorts""]",False,True
1820720,weasel_girl,0,1042,"[""weasel_girl""]",True,False
1372005,brown_lips,0,1122,"[""brown_lips"", ""brown_lipstick""]",True,False
684237,arm_around_back,0,1140,"[""arm_around_back""]",False,False
690043,hand_on_table,0,1268,"[""hand_on_table""]",False,False
652093,white_sky,0,1265,"[""white_sky""]",False,False
1248516,dilation_tape,0,1087,"[""dilation_tape""]",False,False
1453844,arm_on_knee,0,1368,"[""arm_on_knee""]",False,False
1307462,maple_leaf_print,0,1045,"[""maple_leaf_print""]",False,True
477740,expression_chart,0,821,"[""expression_chart""]",False,False
1665648,kanba_girls_high_school_uniform,0,1042,"[""kanba_girls_high_school_uniform""]",False,False
10383,cabbage,0,1006,"[""cabbage""]",False,False
662846,listening_to_music,0,962,"[""listening_to_music""]",False,False
1551195,1970s_(style),0,923,"[""1970s_(style)"", ""70s"", ""70's""]",False,False
649309,power_connection,0,916,"[""power_connection"", ""element_connection""]",False,False
1588824,lifebuoy_ornament,0,849,"[""lifebuoy_ornament""]",True,False
687895,exploding_clothes,0,887,"[""exploding_clothes""]",False,True
1826632,right-over-left_kimono,0,821,"[""right-over-left_kimono""]",False,True
1556706,holding_creature,0,1453,"[""holding_creature""]",False,True
693711,floating_rock,0,917,"[""floating_rock""]",False,False
1491455,stiletto_(weapon),0,944,"[""stiletto_(weapon)""]",False,True
420279,sock_pull,0,809,"[""sock_pull""]",False,True
1410867,window_(computing),0,1582,"[""window_(computing)"", ""pop-up_window""]",False,False
1477135,clawed_gauntlets,0,1291,"[""clawed_gauntlets""]",False,True
593826,waving_arms,0,939,"[""waving_arms""]",False,False
631824,canned_coffee,0,938,"[""canned_coffee""]",False,False
1520977,print_mug,0,802,"[""print_mug""]",False,True
611611,dogeza,0,981,"[""dogeza""]",False,False
712509,glass_shards,0,1238,"[""glass_shards""]",False,False
377984,nipple_chain,0,1029,"[""nipple_chain""]",False,False
1174087,camisole_lift,0,1017,"[""camisole_lift""]",False,True
1509633,frilled_headwear,0,1691,"[""frilled_headwear""]",True,True
1650790,cable_tail,0,1339,"[""cable_tail""]",True,True
120908,chess,0,955,"[""chess""]",False,False
1607566,red_male_underwear,0,943,"[""red_male_underwear"", ""red_underwear_(male)""]",False,True
1333942,exposed_pocket,0,1458,"[""exposed_pocket"", ""pockets_visible""]",False,True
620731,combat_knife,0,938,"[""combat_knife""]",False,False
1597540,two-sided_coat,0,2133,"[""two-sided_coat""]",False,True
73004,materia,0,1091,"[""materia""]",False,False
710493,firelock,0,958,"[""firelock""]",False,False
12722,volcano,0,925,"[""volcano""]",False,False
14272,village,0,904,"[""village""]",False,False
242084,trophy,0,1066,"[""trophy""]",False,False
662026,fingering_through_panties,0,891,"[""fingering_through_panties""]",False,False
681606,dotted_background,0,1064,"[""dotted_background""]",False,False
1255173,shoujo_kitou-chuu,0,774,"[""shoujo_kitou-chuu"", ""girls_are_praying""]",False,False
473987,tooth,0,872,"[""tooth""]",False,False
9414,whip_marks,0,862,"[""whip_marks"", ""whipmarks""]",False,False
464557,eel,0,941,"[""eel"", ""eels""]",False,False
1373317,paizuri_invitation,0,834,"[""paizuri_invitation""]",False,False
556589,safety_glasses,0,941,"[""safety_glasses"", ""shooting_glasses""]",True,True
4947,groceries,0,843,"[""groceries""]",False,False
1361745,holding_fish,0,1159,"[""holding_fish""]",False,True
978006,front_slit,0,1653,"[""front_slit""]",False,True
458682,multitasking,0,916,"[""multitasking""]",False,False
399624,flippers,0,905,"[""flippers"", ""swimfins""]",False,True
369589,honda,0,1045,"[""honda""]",False,False
1485633,leopard_girl,0,659,"[""leopard_girl""]",True,False
2685,kickboard,0,845,"[""kickboard"", ""wakeboard""]",False,False
501948,wing_ears,0,901,"[""wing_ears""]",True,False
1298988,smartphone_case,0,933,"[""smartphone_case""]",False,False
1419277,kariyushi_shirt,0,855,"[""kariyushi_shirt""]",False,True
434547,oonusa,0,774,"[""oonusa""]",False,False
1248465,knives_between_fingers,0,909,"[""knives_between_fingers""]",False,True
446480,broken_sword,0,899,"[""broken_sword""]",False,True
485720,policeman,0,1125,"[""policeman"", ""police-man"", ""police_man""]",False,True
1253133,spade_hair_ornament,0,896,"[""spade_hair_ornament""]",True,True
1859006,white_halo,0,2647,"[""white_halo""]",True,False
1687002,male_underwear_peek,0,936,"[""male_underwear_peek"", ""underwear_peek_(male)""]",False,True
1682855,hand_focus,0,1762,"[""hand_focus"", ""hands_focus""]",False,False
466940,fitting_room,0,965,"[""fitting_room""]",False,False
483695,carton,0,928,"[""carton""]",False,False
462045,cash_register,0,938,"[""cash_register""]",False,False
2006771,unworn_jewelry,0,943,"[""unworn_jewelry"", ""jewelry_removed""]",False,False
1258228,hanging_light,0,1108,"[""hanging_light""]",False,False
1401251,leotard_peek,0,1123,"[""leotard_peek""]",False,True
535094,makeup_brush,0,1066,"[""makeup_brush""]",False,False
1627128,caliburn_(fate),0,1144,"[""caliburn_(fate)"", ""caliburn""]",False,False
664057,neck_garter,0,796,"[""neck_garter""]",False,True
374339,foot_worship,0,909,"[""foot_worship""]",False,False
593770,fried_chicken,0,1143,"[""fried_chicken""]",False,False
720295,weasel_tail,0,1044,"[""weasel_tail"", ""stoat_tail""]",True,True
616149,blue_suit,0,1277,"[""blue_suit""]",False,True
1499342,cross-laced_top,0,1483,"[""cross-laced_top"", ""cross-laced_shirt""]",False,False
1372610,koishi_day,0,1131,"[""koishi_day""]",False,False
1436739,military_operator,0,794,"[""military_operator"", ""operator""]",False,False
443238,wardrobe_error,0,782,"[""wardrobe_error""]",False,False
600430,table_humping,0,896,"[""table_humping"", ""table_sex"", ""tablesex""]",False,False
376272,whiteboard,0,1106,"[""whiteboard"", ""markerboard""]",False,False
1257988,holding_photo,0,1126,"[""holding_photo""]",False,True
1985698,vehicle_and_personification,0,855,"[""vehicle_and_personification""]",False,False
403748,bolt,0,0,"[""bolt""]",False,False
419800,compass,0,908,"[""compass"", ""compasses""]",False,False
1386018,ooarai_(emblem),0,777,"[""ooarai_(emblem)""]",False,False
2058788,youkai_(youkai_watch),0,2235,"[""youkai_(youkai_watch)""]",False,False
1978861,2b_(nier:automata)_(cosplay),0,916,"[""2b_(nier:automata)_(cosplay)""]",False,False
404956,dissolving_clothes,0,848,"[""dissolving_clothes"", ""dissolving_clothing""]",False,True
475330,hunched_over,0,1141,"[""hunched_over""]",False,False
1449244,holding_pole,0,1064,"[""holding_pole""]",False,True
672191,jacket_lift,0,1026,"[""jacket_lift""]",False,True
534500,fish_bone,0,961,"[""fish_bone"", ""fishbones"", ""fishbone"", ""fish_bones""]",False,False
451999,drowning,0,885,"[""drowning""]",False,False
1443338,holding_shovel,0,1116,"[""holding_shovel""]",False,True
441148,marriage_proposal,0,933,"[""marriage_proposal"", ""proposal""]",False,False
1497921,backless_swimsuit,0,887,"[""backless_swimsuit""]",False,True
1980771,gag_harness,0,1196,"[""gag_harness""]",False,False
1928097,tickling_armpits,0,836,"[""tickling_armpits"", ""armpit_tickling""]",False,True
2618,jam,0,987,"[""jam""]",False,False
567557,chili_pepper,0,921,"[""chili_pepper"", ""chili""]",False,False
470016,incoming_kiss,0,851,"[""incoming_kiss""]",False,False
528148,ray_gun,0,864,"[""ray_gun"", ""raygun""]",False,False
108850,trash,0,955,"[""trash"", ""garbage""]",False,False
449113,rust,0,932,"[""rust""]",False,False
1536591,low-cut_armhole,0,967,"[""low-cut_armhole""]",False,True
1332216,propeller_hair_ornament,0,794,"[""propeller_hair_ornament""]",True,True
24365,tambourine,0,905,"[""tambourine""]",False,False
416849,merman,0,1121,"[""merman""]",False,False
542165,runny_nose,0,932,"[""runny_nose"", ""nose_drip"", ""nosedrip""]",False,False
439969,sprinkles,0,1128,"[""sprinkles""]",False,False
1348685,fake_magazine_cover,0,1043,"[""fake_magazine_cover""]",False,True
412041,biwa_lute,0,782,"[""biwa_lute""]",False,False
715587,against_fourth_wall,0,960,"[""against_fourth_wall""]",False,False
686939,wide_oval_eyes,0,991,"[""wide_oval_eyes""]",True,False
688374,holding_cross,0,1108,"[""holding_cross""]",False,True
1730247,sexual_coaching,0,874,"[""sexual_coaching"", ""coaching_(sexual)""]",False,False
1684976,craft_essence_(fate),0,503,"[""craft_essence_(fate)"", ""craft_essence""]",False,False
1406789,otter_tail,0,793,"[""otter_tail""]",True,True
598911,interior,0,907,"[""interior""]",False,False
608725,mami_mogu_mogu,0,748,"[""mami_mogu_mogu""]",False,False
1396057,gumroad_username,0,924,"[""gumroad_username""]",False,False
407968,lime_(fruit),0,1033,"[""lime_(fruit)""]",False,False
1453283,amestris_military_uniform,0,801,"[""amestris_military_uniform""]",False,False
568063,cobblestone,0,1029,"[""cobblestone""]",False,False
521072,cupboard,0,911,"[""cupboard""]",False,False
441528,canteen,0,871,"[""canteen""]",False,False
1300994,taut_leotard,0,947,"[""taut_leotard""]",False,True
392118,cork,0,891,"[""cork""]",False,False
2321,phoenix,0,859,"[""phoenix""]",False,False
599713,after_masturbation,0,940,"[""after_masturbation""]",False,False
634874,o-ring_swimsuit,0,960,"[""o-ring_swimsuit""]",False,True
622107,dorsal_fin,0,1069,"[""dorsal_fin""]",False,False
554948,flying_fish,0,1159,"[""flying_fish""]",False,False
484041,wind_turbine,0,818,"[""wind_turbine""]",False,True
1408010,pom_pom_earrings,0,1010,"[""pom_pom_earrings""]",True,True
716702,checkered_bow,0,978,"[""checkered_bow""]",True,True
1472418,multiple_hairpins,0,1722,"[""multiple_hairpins""]",False,True
480630,record,0,1043,"[""record"", ""lp_record"", ""vinyl_disc"", ""records""]",False,False
1557609,smelling_clothes,0,936,"[""smelling_clothes"", ""clothes_sniffing""]",False,False
1363286,light_brown_background,0,0,"[""light_brown_background""]",False,False
1886396,lance_of_longinus_(evangelion),0,814,"[""lance_of_longinus_(evangelion)"", ""lance_of_longinus""]",False,False
1463447,studded_choker,0,1179,"[""studded_choker""]",False,True
1441197,red_bandeau,0,990,"[""red_bandeau""]",False,True
424847,croissant,0,1049,"[""croissant""]",False,False
411278,jolly_roger,0,1050,"[""jolly_roger"", ""pirate_flag""]",False,False
1617321,red_trim,0,3459,"[""red_trim""]",False,False
217022,mechanic,0,841,"[""mechanic""]",False,False
1413219,covering_another's_mouth,0,1194,"[""covering_another's_mouth""]",False,False
721754,single_garter_strap,0,1488,"[""single_garter_strap""]",False,True
490599,lane_line,0,866,"[""lane_line""]",False,False
14376,brain,0,989,"[""brain""]",False,False
413217,humping,0,1137,"[""humping""]",False,False
1692877,fruit_hat_ornament,0,955,"[""fruit_hat_ornament""]",True,True
660220,ski_goggles,0,945,"[""ski_goggles""]",False,True
1350902,starfish_hair_ornament,0,989,"[""starfish_hair_ornament""]",True,False
1255360,hand_on_own_forehead,0,1790,"[""hand_on_own_forehead""]",False,False
1253317,holding_briefcase,0,1159,"[""holding_briefcase""]",False,True
1466153,brown_sash,0,1143,"[""brown_sash""]",False,True
75230,orca,0,876,"[""orca"", ""orca_whale"", ""killer_whale""]",False,False
1778,urinal,0,890,"[""urinal""]",False,False
5756,van,0,1032,"[""van""]",False,False
761631,layered_kimono,0,2643,"[""layered_kimono"", ""multilayer_kimono""]",False,True
1391180,o-ring_belt,0,1527,"[""o-ring_belt""]",False,True
513432,ballpoint_pen_(medium),0,926,"[""ballpoint_pen_(medium)"", ""ballpoint_pen""]",False,False
1327659,striped_vest,0,1140,"[""striped_vest""]",False,True
1577915,like_and_retweet,0,1179,"[""like_and_retweet""]",False,False
1442899,green_cardigan,0,1174,"[""green_cardigan""]",False,True
638337,multicolored_stripes,0,755,"[""multicolored_stripes""]",False,True
1384372,aqua_hairband,0,1261,"[""aqua_hairband""]",True,True
2391,square,0,1612,"[""square""]",False,False
437505,entangled,0,917,"[""entangled"", ""tangled_up""]",False,False
396195,billboard,0,995,"[""billboard""]",False,False
1778351,yellow_gemstone,0,1193,"[""yellow_gemstone""]",False,False
1016087,plate_carrier,0,0,"[""plate_carrier""]",False,True
379359,surfing,0,982,"[""surfing""]",False,False
438322,police_car,0,921,"[""police_car""]",False,False
555919,crystal_wings,0,2653,"[""crystal_wings""]",True,False
1690649,limiter_(tsukumo_sana),0,791,"[""limiter_(tsukumo_sana)""]",False,False
449464,casing_ejection,0,849,"[""casing_ejection""]",False,False
484640,fern,0,1094,"[""fern""]",False,False
1236817,bear_hood,0,973,"[""bear_hood""]",False,True
500376,war_hammer,0,934,"[""war_hammer"", ""warhammer""]",False,False
581992,coffee_pot,0,906,"[""coffee_pot""]",False,False
514658,holding_bra,0,936,"[""holding_bra""]",False,True
15371,sauce,0,1045,"[""sauce""]",False,False
1271840,throat_microphone,0,781,"[""throat_microphone""]",False,False
682123,detached_leggings,0,898,"[""detached_leggings""]",False,True
378043,shopping_cart,0,1029,"[""shopping_cart"", ""shopping_trolley"", ""grocery_cart""]",False,False
1820626,half-erect,0,958,"[""half-erect""]",False,False
412638,ticket,0,1139,"[""ticket""]",False,False
1442516,paw_print_pattern,0,936,"[""paw_print_pattern""]",False,True
1515529,shindan_maker,0,750,"[""shindan_maker""]",False,False
390051,invisible,0,953,"[""invisible""]",False,False
467468,congratulations,0,870,"[""congratulations""]",False,False
1263906,star_wand,0,948,"[""star_wand""]",False,False
1077069,object_head,0,1623,"[""object_head""]",True,False
1287696,yumi_(bow),0,801,"[""yumi_(bow)""]",False,False
410838,m16,0,866,"[""m16""]",False,False
1886232,on_scooter,0,903,"[""on_scooter""]",False,False
1628091,kanshou_&_bakuya_(fate),0,915,"[""kanshou_&_bakuya_(fate)"", ""kanshou_&_bakuya""]",False,False
383871,chocolate_making,0,801,"[""chocolate_making""]",False,False
9508,carousel,0,1000,"[""carousel"", ""merry-go-round"", ""merry_go_round""]",False,False
14457,wet_skirt,0,814,"[""wet_skirt""]",False,False
635361,body_switch,0,942,"[""body_switch"", ""body_swap""]",False,True
496392,depressed,0,891,"[""depressed""]",False,False
1143156,multicolored_tail,0,1137,"[""multicolored_tail""]",True,True
663411,holding_another's_foot,0,897,"[""holding_another's_foot""]",False,False
1994923,walker_(robot),0,807,"[""walker_(robot)"", ""walker""]",False,True
589491,gradient_wings,0,1131,"[""gradient_wings""]",True,False
1305544,down_jacket,0,1117,"[""down_jacket"", ""puffer_jacket""]",False,True
1291060,rabbit_on_head,0,804,"[""rabbit_on_head"", ""bunny_on_head""]",False,True
870284,giant_male,0,878,"[""giant_male""]",True,True
668796,meteor_shower,0,943,"[""meteor_shower""]",False,False
675816,kissing_neck,0,1210,"[""kissing_neck"", ""neck_kiss""]",False,False
472496,raspberry,0,946,"[""raspberry"", ""raspberries""]",False,False
1380972,holding_scroll,0,1208,"[""holding_scroll""]",False,True
1319606,twintails_day,0,805,"[""twintails_day""]",False,False
1551950,rhine_lab_logo,0,807,"[""rhine_lab_logo""]",False,False
717991,monochrome_background,0,1008,"[""monochrome_background"", ""colored_with_greyscale_background""]",False,False
1404688,pink_tank_top,0,1029,"[""pink_tank_top""]",False,True
395848,kadomatsu,0,823,"[""kadomatsu""]",False,False
8768,microwave,0,917,"[""microwave""]",False,False
1241808,looking_at_hand,0,1110,"[""looking_at_hand""]",False,False
513429,watercolor_pencil_(medium),0,773,"[""watercolor_pencil_(medium)"", ""watercolour_pencil"", ""watercolor_pencil""]",False,False
1835736,yellow_one-piece_swimsuit,0,865,"[""yellow_one-piece_swimsuit"", ""yellow_swimsuit""]",False,True
1445402,white_bandeau,0,1169,"[""white_bandeau""]",False,True
564940,paint_can,0,869,"[""paint_can"", ""paint_bucket""]",False,False
470329,musket,0,835,"[""musket""]",False,False
11777,monk,0,954,"[""monk""]",False,False
1881342,shield_on_back,0,946,"[""shield_on_back""]",False,False
1500711,facing_up,0,1241,"[""facing_up""]",False,False
1690512,black_tube_top,0,1797,"[""black_tube_top""]",False,True
579316,white_pubic_hair,0,1080,"[""white_pubic_hair""]",False,False
1514435,scoop_neck,0,936,"[""scoop_neck""]",False,True
1543107,female_goblin,0,1134,"[""female_goblin"", ""goblin_female""]",False,True
1383442,purple_pupils,0,1488,"[""purple_pupils""]",True,False
3327,graduation,0,852,"[""graduation""]",False,False
1358328,covering_another's_eyes,0,1104,"[""covering_another's_eyes""]",False,False
1184023,ligne_claire,0,786,"[""ligne_claire""]",False,False
1231690,slim_legs,0,839,"[""slim_legs""]",False,False
380384,accident,0,923,"[""accident""]",False,False
461768,handshake,0,939,"[""handshake"", ""shaking_hands""]",False,False
550212,torn_wings,0,1058,"[""torn_wings""]",True,False
392002,kono_lolicon_domome,0,1101,"[""kono_lolicon_domome""]",False,False
402892,weights,0,843,"[""weights""]",False,False
558276,temari_ball,0,790,"[""temari_ball""]",False,True
602754,red_wine,0,1181,"[""red_wine""]",False,True
519170,yellow_pantyhose,0,1443,"[""yellow_pantyhose""]",False,True
1050723,super_saiyan_4,0,1044,"[""super_saiyan_4""]",False,False
575798,wafer_stick,0,911,"[""wafer_stick"", ""cookie_straw""]",False,False
673054,condensation,0,957,"[""condensation""]",False,False
1564862,originium_arts_(arknights),0,752,"[""originium_arts_(arknights)""]",False,False
666749,sitting_sideways,0,850,"[""sitting_sideways""]",False,False
456823,small_nipples,0,762,"[""small_nipples""]",False,False
419818,fading,0,839,"[""fading""]",False,False
533896,surrounded,0,1047,"[""surrounded""]",False,False
628155,bandaged_fingers,0,1083,"[""bandaged_fingers""]",False,True
653735,ahoge_wag,0,907,"[""ahoge_wag""]",False,True
377255,bindi,0,1093,"[""bindi""]",False,False
1253562,black_hood,0,1918,"[""black_hood""]",False,True
1262238,hand_on_ground,0,1569,"[""hand_on_ground""]",False,False
471969,container,0,697,"[""container""]",False,False
432197,glansjob,0,978,"[""glansjob""]",False,False
1127765,black_veil,0,1930,"[""black_veil""]",False,True
1498394,child_carry,0,1085,"[""child_carry""]",False,False
191640,ak-47,0,801,"[""ak-47""]",False,False
595034,head_on_head,0,1065,"[""head_on_head"", ""chin_on_head""]",True,True
1892220,pitcher_(container),0,867,"[""pitcher_(container)"", ""pitcher""]",False,False
474159,coin_purse,0,828,"[""coin_purse""]",False,False
575514,leaf_background,0,834,"[""leaf_background"", ""/leafbg""]",False,True
691122,transparent_censoring,0,788,"[""transparent_censoring""]",False,False
1232037,hakama_shorts,0,1751,"[""hakama_shorts""]",False,True
1406769,moose_ears,0,784,"[""moose_ears""]",True,True
1543883,josou_seme,0,794,"[""josou_seme""]",False,False
651680,stuffed_panda,0,886,"[""stuffed_panda""]",False,False
655793,police_badge,0,1393,"[""police_badge""]",False,False
548344,translucent,0,846,"[""translucent""]",False,False
1070070,fishnet_bodysuit,0,0,"[""fishnet_bodysuit""]",False,True
451531,cutting,0,911,"[""cutting""]",False,False
539984,pointy_hat,0,1288,"[""pointy_hat""]",True,True
524604,fur_jacket,0,1145,"[""fur_jacket""]",False,True
619775,dollar_sign,0,836,"[""dollar_sign"", ""$""]",False,False
460178,curled_up,0,1056,"[""curled_up""]",False,False
1363051,bandaid_on_neck,0,1004,"[""bandaid_on_neck""]",False,True
613159,homu,0,703,"[""homu""]",False,False
1370485,crescent_rose,0,732,"[""crescent_rose""]",False,False
487943,railroad_crossing,0,879,"[""railroad_crossing"", ""train_crossing"", ""railway_crossing""]",False,False
659578,black_vs_white,0,838,"[""black_vs_white"", ""white_vs_black""]",False,False
604410,circle_formation,0,846,"[""circle_formation"", ""radial_layout"", ""circular_formation""]",False,False
1428905,holding_surfboard,0,912,"[""holding_surfboard""]",False,True
932458,bridal_lingerie,0,879,"[""bridal_lingerie""]",False,True
1386716,handjob_gesture,0,878,"[""handjob_gesture""]",False,False
1376938,hat_belt,0,1132,"[""hat_belt""]",False,True
1379542,team_skull,0,748,"[""team_skull""]",False,False
728040,flat_chest_grab,0,778,"[""flat_chest_grab"", ""flat_grab""]",False,False
701998,overall_skirt,0,1005,"[""overall_skirt""]",False,True
1451348,bc_freedom_school_uniform,0,745,"[""bc_freedom_school_uniform""]",False,False
1397149,hair_over_one_breast,0,814,"[""hair_over_one_breast""]",True,False
527713,arm_over_head,0,902,"[""arm_over_head""]",True,False
518001,red_star,0,920,"[""red_star""]",False,False
663609,sweater_pull,0,796,"[""sweater_pull""]",False,True
1465145,holding_map,0,1023,"[""holding_map""]",False,True
512953,masked,0,1123,"[""masked""]",False,False
1475712,haneoka_school_uniform,0,2907,"[""haneoka_school_uniform""]",False,False
1765,cello,0,926,"[""cello"", ""violoncello""]",False,False
4740,disguise,0,870,"[""disguise""]",False,True
397922,scalpel,0,864,"[""scalpel""]",False,False
587910,holographic_monitor,0,899,"[""holographic_monitor"", ""holographic_display"", ""holographic_screen""]",False,False
788488,knife_sheath,0,1094,"[""knife_sheath"", ""knife_holster""]",False,True
543782,rotary_phone,0,869,"[""rotary_phone""]",False,True
641589,pantyhose_under_swimsuit,0,862,"[""pantyhose_under_swimsuit""]",False,True
405424,whip_sword,0,818,"[""whip_sword""]",False,False
1468297,sixteenth_note,0,787,"[""sixteenth_note"", ""semiquaver""]",False,False
1890194,grabbing_another's_ear,0,845,"[""grabbing_another's_ear"", ""ear_grab"", ""ear_pull""]",True,False
10694,wanted,0,0,"[""wanted""]",False,False
1303619,pawn_(chess),0,857,"[""pawn_(chess)"", ""pawn""]",False,True
580001,print_swimsuit,0,815,"[""print_swimsuit""]",False,False
489413,popsicle_stick,0,811,"[""popsicle_stick""]",False,False
549834,person_on_head,0,810,"[""person_on_head""]",False,False
794881,face_in_pillow,0,895,"[""face_in_pillow""]",False,False
557699,karate_gi,0,899,"[""karate_gi""]",False,False
2006775,unworn_goggles,0,826,"[""unworn_goggles"", ""goggles_removed"", ""goggles_off""]",False,True
1580148,after_bathing,0,1053,"[""after_bathing"", ""after_bath"", ""after_shower""]",False,False
1727453,anti-aircraft,0,2,"[""anti-aircraft"", ""antiaircraft_weapon""]",False,False
666996,nipple_cutout,0,929,"[""nipple_cutout""]",False,False
1431177,country_connection,0,802,"[""country_connection""]",False,False
1881204,starlight_academy_school_uniform,0,760,"[""starlight_academy_school_uniform"", ""starlight_academy_uniform""]",False,False
1261550,weapon_bag,0,786,"[""weapon_bag"", ""sword_bag"", ""weapon_cover_bag"", ""shinai_bag""]",False,False
607415,flailing,0,810,"[""flailing""]",False,False
620196,sky_lantern,0,844,"[""sky_lantern""]",False,True
463211,chessboard,0,948,"[""chessboard""]",False,False
1891024,frontless_outfit,0,942,"[""frontless_outfit""]",False,True
1448604,armored_leotard,0,996,"[""armored_leotard""]",False,True
1702658,travel_attendant,0,822,"[""travel_attendant"", ""stewardess""]",False,False
540641,shoulder_plates,0,917,"[""shoulder_plates""]",False,True
854284,ribbed_thighhighs,0,1022,"[""ribbed_thighhighs""]",False,True
4322,band,0,0,"[""band""]",False,False
660608,forked_tail,0,1040,"[""forked_tail""]",True,True
1395440,lightning_bolt_hair_ornament,0,1066,"[""lightning_bolt_hair_ornament""]",True,True
1694223,undone_neck_ribbon,0,896,"[""undone_neck_ribbon""]",True,True
444126,shoulder_guard,0,870,"[""shoulder_guard""]",False,True
1258570,hedgehog_tail,0,0,"[""hedgehog_tail""]",True,False
619345,digital_clock,0,859,"[""digital_clock""]",False,False
1690099,lop_rabbit_ears,0,1190,"[""lop_rabbit_ears""]",True,True
424699,closet,0,872,"[""closet""]",False,False
51587,cassock,0,842,"[""cassock""]",False,True
13444,germany,0,739,"[""germany""]",False,False
1551407,metamoran_vest,0,1021,"[""metamoran_vest""]",False,True
1119350,normal_suit,0,911,"[""normal_suit""]",False,True
613600,checkered_legwear,0,709,"[""checkered_legwear""]",False,True
1948768,sparse_chest_hair,0,1703,"[""sparse_chest_hair""]",True,False
1663426,see-through_swimsuit,0,0,"[""see-through_swimsuit""]",False,True
637897,saury,0,769,"[""saury""]",False,False
718647,holding_necklace,0,1033,"[""holding_necklace""]",False,True
401324,chakram,0,824,"[""chakram""]",False,False
597366,panties_over_pantyhose,0,752,"[""panties_over_pantyhose""]",False,True
492558,orange_bra,0,831,"[""orange_bra""]",False,True
1677791,blood_on_bandages,0,1223,"[""blood_on_bandages"", ""bloody_bandages""]",False,False
1369696,pink_horns,0,1403,"[""pink_horns""]",True,False
660413,rainbow_background,0,802,"[""rainbow_background"", ""/rainbowbg""]",False,False
16147,meadow,0,850,"[""meadow""]",False,False
538775,remembering,0,833,"[""remembering"", ""memory""]",False,False
616835,calligraphy_brush_(medium),0,741,"[""calligraphy_brush_(medium)""]",False,False
1686763,saint_quartz_(fate),0,782,"[""saint_quartz_(fate)"", ""saint_quartz""]",False,False
449450,vertical_foregrip,0,789,"[""vertical_foregrip""]",False,False
6368,calligraphy,0,920,"[""calligraphy""]",False,False
600484,adjusting_scarf,0,916,"[""adjusting_scarf""]",False,True
667047,scratching_cheek,0,901,"[""scratching_cheek""]",False,False
1289258,bokura_wa_ima_no_naka_de,0,701,"[""bokura_wa_ima_no_naka_de""]",False,False
1396916,layered_shirt,0,1394,"[""layered_shirt"", ""layered_blouse""]",False,True
496244,emoticon,0,793,"[""emoticon""]",False,False
575981,bird_on_arm,0,875,"[""bird_on_arm""]",False,True
695444,pokemon_ears,0,0,"[""pokemon_ears""]",True,False
895872,paint_on_clothes,0,1011,"[""paint_on_clothes""]",False,True
1621049,scar_on_hand,0,1226,"[""scar_on_hand""]",False,True
1406196,blue_outline,0,1246,"[""blue_outline""]",False,True
1347287,green_feathers,0,1185,"[""green_feathers""]",False,False
2006784,unworn_bikini,0,964,"[""unworn_bikini"", ""bikini_removed""]",False,True
1490269,pink_sports_bra,0,868,"[""pink_sports_bra""]",False,True
1302248,tape_on_nipples,0,843,"[""tape_on_nipples""]",False,True
596557,casting_spell,0,1110,"[""casting_spell""]",False,False
413382,adjusting_buruma,0,762,"[""adjusting_buruma""]",False,True
375012,playground,0,848,"[""playground""]",False,False
490413,rice_paddy,0,882,"[""rice_paddy"", ""rice_field""]",False,False
723670,noses_touching,0,1090,"[""noses_touching"", ""eskimo_kiss"", ""nose-to-nose"", ""nose_touching"", ""nose_to_nose""]",False,False
1341024,side-tie_shirt,0,838,"[""side-tie_shirt""]",False,True
608443,green_rose,0,905,"[""green_rose""]",False,False
1254622,torn_coat,0,968,"[""torn_coat"", ""ripped_coat""]",False,True
496982,beach_mat,0,862,"[""beach_mat""]",False,False
1672630,baton_(weapon),0,937,"[""baton_(weapon)"", ""truncheon"", ""nightstick"", ""police_baton""]",False,False
13822,ai_ai_gasa,0,793,"[""ai_ai_gasa"", ""love_umbrella""]",False,False
1087554,rash_guard,0,915,"[""rash_guard"", ""swim_shirt""]",False,True
1635490,poke_ball_(legends),0,758,"[""poke_ball_(legends)""]",False,True
655036,ankle_bow,0,948,"[""ankle_bow""]",True,True
1918272,covering_own_ears,0,822,"[""covering_own_ears"", ""covering_ears"", ""hands_over_ears""]",False,True
392494,bridle,0,858,"[""bridle""]",False,False
1350133,mtu_virus,0,834,"[""mtu_virus""]",False,True
1495989,bird_boy,0,1426,"[""bird_boy""]",True,False
1241229,butterfly_tattoo,0,974,"[""butterfly_tattoo""]",False,False
1537113,bandaid_on_head,0,983,"[""bandaid_on_head""]",True,True
1290437,fur-trimmed_bikini,0,874,"[""fur-trimmed_bikini""]",False,True
1660126,implied_extra_ears,0,777,"[""implied_extra_ears"", ""pointless_headphones""]",True,False
423802,amusement_park,0,880,"[""amusement_park""]",False,False
1781486,hat_tassel,0,1167,"[""hat_tassel"", ""tassel_hat_ornament""]",True,True
611697,crosshatching,0,868,"[""crosshatching""]",False,False
459473,hand_over_face,0,659,"[""hand_over_face""]",False,False
87461,hogtie,0,818,"[""hogtie""]",False,False
585662,coconut_tree,0,900,"[""coconut_tree""]",False,False
1334027,argyle_cutout,0,715,"[""argyle_cutout""]",False,True
1507688,cross-laced_skirt,0,919,"[""cross-laced_skirt""]",False,True
649168,fruit_on_head,0,824,"[""fruit_on_head""]",True,True
1462248,fruit_cup,0,699,"[""fruit_cup""]",False,False
497727,height,0,1466,"[""height""]",False,False
1605277,starry_hair,0,1035,"[""starry_hair""]",True,False
1484956,sparkle_hair_ornament,0,997,"[""sparkle_hair_ornament""]",True,False
525386,too_literal,0,768,"[""too_literal""]",False,False
1294119,suspenders_slip,0,830,"[""suspenders_slip""]",False,True
456715,cow_costume,0,766,"[""cow_costume""]",False,True
421792,fried_rice,0,886,"[""fried_rice""]",False,False
515924,drum_magazine,0,740,"[""drum_magazine""]",False,False
1727451,anti-aircraft_gun,0,772,"[""anti-aircraft_gun"", ""aa_gun""]",False,False
391503,pregnancy_test,0,868,"[""pregnancy_test""]",False,False
1439863,penis_shadow,0,841,"[""penis_shadow""]",False,False
1337689,blood_on_ground,0,1429,"[""blood_on_ground"", ""blood_on_floor"", ""bloody_ground""]",False,False
1424746,multicolored_leotard,0,3024,"[""multicolored_leotard""]",False,True
1430698,white_garter_belt,0,993,"[""white_garter_belt""]",False,True
1448244,holding_toothbrush,0,1045,"[""holding_toothbrush""]",False,True
421072,toga,0,1277,"[""toga""]",False,True
590918,red_carpet,0,937,"[""red_carpet""]",False,False
1507090,holding_lipstick_tube,0,1173,"[""holding_lipstick_tube""]",False,True
1847146,multi-strapped_bikini_top,0,1118,"[""multi-strapped_bikini_top""]",False,True
3184,mg42,0,883,"[""mg42""]",False,False
710234,nipple-to-nipple,0,787,"[""nipple-to-nipple"", ""nipple_to_nipple""]",False,False
627605,pushing_away,0,911,"[""pushing_away""]",False,False
635630,spoken_expression,0,1117,"[""spoken_expression"", ""spoken_emoticon""]",False,False
518535,ainu,0,824,"[""ainu""]",False,False
1682857,holding_with_tail,0,831,"[""holding_with_tail"", ""tail_hold""]",False,False
1330325,white_wristband,0,0,"[""white_wristband""]",False,True
631791,long_ribbon,0,1122,"[""long_ribbon""]",True,False
4419,shogi,0,706,"[""shogi"", ""shougi""]",False,False
476455,green_fire,0,943,"[""green_fire""]",False,False
1347798,facing_down,0,1072,"[""facing_down""]",False,False
433150,senbei,0,760,"[""senbei"", ""rice_cracker"", ""senbei_(food)""]",False,False
10179,dawn,0,1030,"[""dawn""]",False,False
1391282,purple_robe,0,1217,"[""purple_robe""]",False,True
1544050,turtleneck_jacket,0,1289,"[""turtleneck_jacket""]",False,True
448268,rice_hat,0,942,"[""rice_hat""]",True,True
6033,bacon,0,910,"[""bacon""]",False,False
545285,washing_hair,0,775,"[""washing_hair""]",True,False
532884,dark_clouds,0,823,"[""dark_clouds""]",False,False
561625,forced_smile,0,931,"[""forced_smile""]",False,False
474303,shared_earphones,0,901,"[""shared_earphones""]",False,True
423556,banana_peel,0,793,"[""banana_peel""]",False,False
1409032,mole_on_arm,0,1136,"[""mole_on_arm""]",False,True
1345306,holding_mirror,0,1116,"[""holding_mirror""]",False,True
1574667,two-sided_cloak,0,1059,"[""two-sided_cloak""]",False,False
497915,refraction,0,896,"[""refraction""]",False,False
489117,corsage,0,851,"[""corsage"", ""flower_in_breast_pocket""]",False,True
1291577,black_outline,0,1373,"[""black_outline""]",False,True
1311157,anchor_earrings,0,734,"[""anchor_earrings""]",True,True
617715,wrapped_candy,0,1234,"[""wrapped_candy""]",False,True
494712,gingham,0,861,"[""gingham""]",False,True
387069,sweet_lolita,0,1694,"[""sweet_lolita""]",False,True
1841287,asymmetrical_sidelocks,0,1662,"[""asymmetrical_sidelocks""]",True,False
1277703,lying_on_water,0,883,"[""lying_on_water""]",False,False
547190,side-tie_skirt,0,705,"[""side-tie_skirt""]",False,True
1258819,print_scarf,0,787,"[""print_scarf""]",False,True
695913,green_collar,0,612,"[""green_collar""]",False,True
1600924,sweater_tucked_in,0,1042,"[""sweater_tucked_in""]",False,True
1396935,bc_freedom_(emblem),0,720,"[""bc_freedom_(emblem)""]",False,False
1447063,stile_uniform,0,722,"[""stile_uniform""]",False,False
1305785,front-print_panties,0,738,"[""front-print_panties""]",False,True
1578413,square_neckline,0,1504,"[""square_neckline""]",False,True
13408,bear_panties,0,715,"[""bear_panties"", ""kuma_pantsu"", ""kumapantsu""]",False,True
1289517,mini_witch_hat,0,786,"[""mini_witch_hat""]",True,True
1412715,holding_key,0,1040,"[""holding_key""]",False,True
49893,baking,0,806,"[""baking""]",False,False
1434292,on_stool,0,1488,"[""on_stool""]",False,False
7945,oar,0,879,"[""oar"", ""boat_paddle""]",False,False
1203647,nipple_jewelry,0,1562,"[""nipple_jewelry""]",False,False
1480627,holding_torch,0,888,"[""holding_torch""]",False,True
1447277,holding_plectrum,0,1358,"[""holding_plectrum"", ""holding_guitar_pick""]",False,True
619150,announcement_celebration,0,702,"[""announcement_celebration""]",False,False
1892221,jug_(bottle),0,764,"[""jug_(bottle)"", ""jug""]",False,False
1690520,white_tube_top,0,1942,"[""white_tube_top""]",False,True
2006779,unworn_hair_ornament,0,1005,"[""unworn_hair_ornament"", ""hair_ornament_removed""]",True,True
1487812,holding_magnifying_glass,0,1043,"[""holding_magnifying_glass""]",False,True
1941540,single_off_shoulder,0,4046,"[""single_off_shoulder""]",False,True
628898,meandros,0,2566,"[""meandros""]",False,False
1412354,stained_sheets,0,840,"[""stained_sheets""]",False,False
680600,arm_across_waist,0,903,"[""arm_across_waist""]",False,False
1409727,torn_cloak,0,938,"[""torn_cloak""]",False,True
654255,heart_hair,0,888,"[""heart_hair""]",True,True
678068,audio_jack,0,838,"[""audio_jack"", ""headphone_jack"", ""jack_plug""]",False,False
463089,oven,0,837,"[""oven""]",False,False
571706,kittysuit,0,700,"[""kittysuit""]",False,False
385305,soy_sauce,0,752,"[""soy_sauce""]",False,False
551570,shirt_around_waist,0,873,"[""shirt_around_waist""]",False,True
622003,;(,0,766,"["";(""]",False,False
1639311,arthropod_boy,0,1022,"[""arthropod_boy"", ""insect_boy""]",True,False
485986,hieroglyphics,0,772,"[""hieroglyphics""]",False,False
419530,rural,0,877,"[""rural"", ""countryside""]",False,False
507779,piano_keys,0,909,"[""piano_keys""]",False,False
1249795,sailor_swimsuit_(idolmaster),0,840,"[""sailor_swimsuit_(idolmaster)""]",False,True
1690813,market_stall,0,840,"[""market_stall"", ""stall_(market)"", ""stall""]",False,False
724189,detached_ahoge,0,1278,"[""detached_ahoge""]",True,True
585336,ankle_garter,0,764,"[""ankle_garter""]",False,True
1397372,year_of_the_rooster,0,711,"[""year_of_the_rooster""]",False,True
391029,fusuma,0,815,"[""fusuma""]",False,False
501535,package,0,733,"[""package""]",False,False
692331,feet_on_chair,0,744,"[""feet_on_chair"", ""foot_on_chair""]",False,False
11156,singlet,0,732,"[""singlet""]",False,True
496614,pastel_(medium),0,692,"[""pastel_(medium)""]",False,False
667570,large_ears,0,1565,"[""large_ears"", ""big_ears""]",True,False
1499507,sailor_collar_lift,0,675,"[""sailor_collar_lift""]",False,True
531475,aviator_cap,0,886,"[""aviator_cap""]",True,True
1344208,aqua_shorts,0,953,"[""aqua_shorts""]",False,True
1375384,monkey_boy,0,988,"[""monkey_boy""]",True,False
1470365,flying_button,0,760,"[""flying_button""]",False,False
1733638,race_bib,0,819,"[""race_bib""]",False,False
1328452,ambiguous_red_liquid,0,920,"[""ambiguous_red_liquid""]",False,False
523781,sewing_needle,0,854,"[""sewing_needle"", ""sewing_needles""]",False,False
1472811,holding_newspaper,0,1039,"[""holding_newspaper""]",False,True
1295452,female_service_cap,0,719,"[""female_service_cap""]",True,True
1245114,covering_with_blanket,0,809,"[""covering_with_blanket"", ""tucking_in""]",False,False
812633,moth_girl,0,812,"[""moth_girl""]",True,False
470409,rag,0,0,"[""rag""]",False,False
647958,ankleband,0,725,"[""ankleband""]",False,True
1297889,shampoo_bottle,0,836,"[""shampoo_bottle""]",False,False
1411022,black_babydoll,0,994,"[""black_babydoll""]",False,True
1178149,tucked_penis,0,747,"[""tucked_penis"", ""penis_tucking"", ""cock-tail""]",False,False
1754298,multiple_bracelets,0,2206,"[""multiple_bracelets""]",False,True
1308770,front_zipper_swimsuit,0,670,"[""front_zipper_swimsuit""]",False,True
1990022,kin-iro_mosaic_high_school_uniform,0,0,"[""kin-iro_mosaic_high_school_uniform""]",False,True
1427497,holding_bell,0,877,"[""holding_bell""]",False,True
1607444,blue_male_underwear,0,812,"[""blue_male_underwear"", ""blue_underwear_(male)""]",False,True
2007719,side_cape,0,1682,"[""side_cape"", ""single-shoulder_cape""]",False,True
1454132,hand_grip,0,836,"[""hand_grip""]",False,False
1989805,inset_border,0,2300,"[""inset_border""]",False,False
1315008,glove_bow,0,867,"[""glove_bow""]",True,True
1416925,green_serafuku,0,616,"[""green_serafuku""]",False,True
551039,claw_foot_bathtub,0,760,"[""claw_foot_bathtub""]",False,True
2006774,unworn_thighhighs,0,738,"[""unworn_thighhighs"", ""thighhighs_removed""]",False,False
478028,rooster,0,717,"[""rooster""]",False,False
431317,poi,0,643,"[""poi""]",False,False
1398744,ribbed_socks,0,1213,"[""ribbed_socks""]",False,True
502233,dress_shoes,0,1235,"[""dress_shoes""]",False,True
1320443,vertical-striped_shorts,0,1155,"[""vertical-striped_shorts""]",False,True
1501438,blue_sweater_vest,0,1253,"[""blue_sweater_vest""]",False,True
1427920,polearm_behind_back,0,653,"[""polearm_behind_back""]",False,False
1398831,fur-trimmed_thighhighs,0,1086,"[""fur-trimmed_thighhighs""]",False,True
1871372,streetwear,0,1660,"[""streetwear"", ""urban_style""]",False,True
385430,hatsune_miku_(VOCALOID),4,109002,"[""hatsune_miku_(VOCALOID)"", ""/hm""]",False,False
12239,hakurei_reimu_(touhou),4,80802,"[""hakurei_reimu_(touhou)"", ""/hr"", ""reimu_hakurei""]",False,False
12242,kirisame_marisa_(touhou),4,72489,"[""kirisame_marisa_(touhou)"", ""/km"", ""marisa_kirisame""]",False,False
12248,remilia_scarlet_(touhou),4,53284,"[""remilia_scarlet_(touhou)"", ""/rs""]",False,False
12249,flandre_scarlet_(touhou),4,53151,"[""flandre_scarlet_(touhou)"", ""/fs""]",False,False
12314,izayoi_sakuya_(touhou),4,46669,"[""izayoi_sakuya_(touhou)"", ""/is""]",False,False
1301082,admiral_(kancolle),4,37953,"[""admiral_(kancolle)"", ""admiral_(kantai_collection)"", ""teitoku_(kantai_collection)""]",False,False
1478495,artoria_pendragon_(fate),4,38690,"[""artoria_pendragon_(fate)"", ""altria_pendragon_(fate)"", ""artoria_pendragon_(all)""]",False,False
388200,kochiya_sanae_(touhou),4,36001,"[""kochiya_sanae_(touhou)"", ""/ks"", ""kotiya_sanae""]",False,False
9123,alice_margatroid_(touhou),4,35363,"[""alice_margatroid_(touhou)"", ""/am""]",False,False
12247,patchouli_knowledge_(touhou),4,34876,"[""patchouli_knowledge_(touhou)"", ""/pk""]",False,False
12244,konpaku_youmu_(touhou),4,35676,"[""konpaku_youmu_(touhou)"", ""/ky""]",False,False
1720,cirno_(touhou),4,35275,"[""cirno_(touhou)""]",False,False
427142,komeiji_koishi_(touhou),4,35595,"[""komeiji_koishi_(touhou)""]",False,False
12246,yakumo_yukari_(touhou),4,33172,"[""yakumo_yukari_(touhou)"", ""/yy""]",False,False
12308,shameimaru_aya_(touhou),4,29359,"[""shameimaru_aya_(touhou)"", ""/sa""]",False,False
12304,reisen_udongein_inaba_(touhou),4,27462,"[""reisen_udongein_inaba_(touhou)"", ""/rui""]",False,False
12307,fujiwara_no_mokou_(touhou),4,26979,"[""fujiwara_no_mokou_(touhou)"", ""fujiwara_mokou"", ""/fm"", ""/fnm"", ""huziwara_no_mokou""]",False,False
427143,komeiji_satori_(touhou),4,26237,"[""komeiji_satori_(touhou)""]",False,False
11374,hong_meiling_(touhou),4,25325,"[""hong_meiling_(touhou)"", ""ex-meiling""]",False,False
592924,akemi_homura_(mahou_shoujo_madoka_magica),4,26676,"[""akemi_homura_(mahou_shoujo_madoka_magica)""]",False,False
12245,saigyouji_yuyuko_(touhou),4,24473,"[""saigyouji_yuyuko_(touhou)"", ""/sy""]",False,False
592925,kaname_madoka_(mahou_shoujo_madoka_magica),4,25939,"[""kaname_madoka_(mahou_shoujo_madoka_magica)""]",False,False
395218,inubashiri_momiji_(touhou),4,22963,"[""inubashiri_momiji_(touhou)"", ""inubashiri_momizi""]",False,False
1631074,kaga_(kancolle),4,21574,"[""kaga_(kancolle)"", ""kaga_(kantai_collection)""]",False,False
12250,yakumo_ran_(touhou),4,20429,"[""yakumo_ran_(touhou)"", ""/yr""]",False,False
390427,kagamine_rin_(VOCALOID),4,21495,"[""kagamine_rin_(VOCALOID)"", ""/kr""]",False,False
602257,konpaku_youmu_(ghost),4,19642,"[""konpaku_youmu_(ghost)"", ""myon""]",False,False
427145,kaenbyou_rin_(touhou),4,19633,"[""kaenbyou_rin_(touhou)"", ""orin""]",False,False
384842,moriya_suwako_(touhou),4,19186,"[""moriya_suwako_(touhou)"", ""/ms""]",False,False
2082,rumia_(touhou),4,19422,"[""rumia_(touhou)""]",False,False
1275729,shimakaze_(kancolle),4,18971,"[""shimakaze_(kancolle)"", ""shimakaze_(kantai_collection)"", ""zekamashi""]",False,False
401582,kazami_yuuka_(touhou),4,18087,"[""kazami_yuuka_(touhou)"", ""kazami_yuka""]",False,False
593109,miki_sayaka_(mahou_shoujo_madoka_magica),4,18590,"[""miki_sayaka_(mahou_shoujo_madoka_magica)""]",False,False
427184,reiuji_utsuho_(touhou),4,18269,"[""reiuji_utsuho_(touhou)"", ""okuu""]",False,False
474,chen_(touhou),4,18384,"[""chen_(touhou)""]",False,False
1213183,saber_(fate),4,17516,"[""saber_(fate)"", ""saber""]",False,False
1602203,ganyu_(genshin_impact),4,18487,"[""ganyu_(genshin_impact)"", ""ganyu"", ""kan'u_(genshin_impact)""]",False,False
1275718,hibiki_(kancolle),4,16998,"[""hibiki_(kancolle)"", ""hibiki_(kantai_collection)""]",False,False
1414209,mash_kyrielight_(fate_grand_order),4,17484,"[""mash_kyrielight_(fate_grand_order)"", ""shielder_(fate/grand_order)""]",False,False
473327,tatara_kogasa_(touhou),4,16825,"[""tatara_kogasa_(touhou)""]",False,False
383392,kawashiro_nitori_(touhou),4,16692,"[""kawashiro_nitori_(touhou)""]",False,False
12302,kamishirasawa_keine_(touhou),4,16353,"[""kamishirasawa_keine_(touhou)"", ""/kk""]",False,False
1275728,shigure_(kancolle),4,16578,"[""shigure_(kancolle)"", ""shigure_(kantai_collection)""]",False,False
415326,hinanawi_tenshi_(touhou),4,16141,"[""hinanawi_tenshi_(touhou)"", ""tenshi_hinanai"", ""hinanai_tenshi""]",False,False
604258,sakura_kyoko_(mahou_shoujo_madoka_magica),4,15907,"[""sakura_kyoko_(mahou_shoujo_madoka_magica)"", ""sakura_kyouko""]",False,False
593108,tomoe_mami_(mahou_shoujo_madoka_magica),4,15610,"[""tomoe_mami_(mahou_shoujo_madoka_magica)""]",False,False
12306,houraisan_kaguya_(touhou),4,15217,"[""houraisan_kaguya_(touhou)"", ""/hk""]",False,False
1799,koakuma_(touhou),4,14785,"[""koakuma_(touhou)""]",False,False
12300,mystia_lorelei_(touhou),4,14959,"[""mystia_lorelei_(touhou)""]",False,False
475833,souryuu_asuka_langley_(neon_genesis_evangelion),4,14884,"[""souryuu_asuka_langley_(neon_genesis_evangelion)"", ""asuka_langley_souryuu"", ""shikinami_asuka_langley"", ""shikinami_asuka_langely"", ""shikinami_asuka_langly"", ""soryuu_asuka_langly"", ""souryuu_asuka_langly"", ""/sal"", ""soryu_asuka_langley"", ""sohryu_asuka_langley""]",False,False
12303,inaba_tewi_(touhou),4,14186,"[""inaba_tewi_(touhou)"", ""inaba_tei""]",False,False
12313,ibuki_suika_(touhou),4,14190,"[""ibuki_suika_(touhou)""]",False,False
1350122,kongou_(kancolle),4,13647,"[""kongou_(kancolle)"", ""kongou_(kantai_collection)""]",False,False
473267,nazrin_(touhou),4,13709,"[""nazrin_(touhou)""]",False,False
1275720,inazuma_(kancolle),4,13133,"[""inazuma_(kancolle)"", ""inazuma_(kantai_collection)""]",False,False
503349,hijiri_byakuren_(touhou),4,13222,"[""hijiri_byakuren_(touhou)""]",False,False
1613000,warrior_of_light_(ff14),4,17818,"[""warrior_of_light_(ff14)"", ""avatar_(ff14)"", ""avatar_(ffxiv)""]",False,False
1630449,akagi_(kancolle),4,12646,"[""akagi_(kancolle)"", ""akagi_(kantai_collection)""]",False,False
393597,kagamine_len_(VOCALOID),4,13857,"[""kagamine_len_(VOCALOID)"", ""kagamine_ren""]",False,False
6313,link_(the_legend_of_zelda),4,15540,"[""link_(the_legend_of_zelda)""]",False,False
1686237,raiden_shogun_(genshin_impact),4,15759,"[""raiden_shogun_(genshin_impact)"", ""raiden_(genshin_impact)"", ""raiden_shogun_(genshin_impact)"", ""baal_(genshin_impact)""]",False,False
1473623,tamamo_(fate),4,12872,"[""tamamo_(fate)"", ""tamamo_(fate)_(all)""]",False,False
503343,houjuu_nue_(touhou),4,12662,"[""houjuu_nue_(touhou)""]",False,False
1581467,lumine_(genshin_impact),4,16253,"[""lumine_(genshin_impact)"", ""ying_(genshin_impact)"", ""hotaru_(genshin_impact)"", ""female_traveler_(genshin_impact)""]",False,False
1533309,houshou_marine_(hololive),4,14306,"[""houshou_marine_(hololive)""]",False,False
1270870,tenryuu_(kancolle),4,11698,"[""tenryuu_(kancolle)"", ""tenryuu_(kantai_collection)""]",False,False
1391753,fujimaru_ritsuka_(male),4,13698,"[""fujimaru_ritsuka_(male)"", ""male_protagonist_(fate/grand_order)"", ""gudao""]",False,False
384841,yasaka_kanako_(touhou),4,11864,"[""yasaka_kanako_(touhou)""]",False,False
1593594,gawr_gura_(hololive),4,13926,"[""gawr_gura_(hololive)""]",False,False
1631504,yuudachi_(kancolle),4,11711,"[""yuudachi_(kancolle)"", ""yuudachi_(kantai_collection)""]",False,False
12305,yagokoro_eirin_(touhou),4,11779,"[""yagokoro_eirin_(touhou)"", ""/ye""]",False,False
1391754,fujimaru_ritsuka_(female),4,12895,"[""fujimaru_ritsuka_(female)"", ""female_protagonist_(fate/grand_order)"", ""gudako""]",False,False
457810,megurine_luka_(VOCALOID),4,11990,"[""megurine_luka_(VOCALOID)""]",False,False
1479739,jeanne_d'arc_alter_(fate),4,12027,"[""jeanne_d'arc_alter_(fate)"", ""jalter"", ""jeanne_d'arc_(alter)_(fate)""]",False,False
413783,mizuhashi_parsee_(touhou),4,11587,"[""mizuhashi_parsee_(touhou)""]",False,False
1631198,sensei_(blue_archive),4,20487,"[""sensei_(blue_archive)""]",False,False
1275715,fubuki_(kancolle),4,11577,"[""fubuki_(kancolle)"", ""fubuki_(kantai_collection)""]",False,False
1275719,ikazuchi_(kancolle),4,11070,"[""ikazuchi_(kancolle)"", ""ikazuchi_(kantai_collection)""]",False,False
1471064,abigail_williams_(fate),4,11498,"[""abigail_williams_(fate)"", ""abigail_williams_(fate/grand_order)""]",False,False
3861,pikachu_(pokemon),4,12707,"[""pikachu_(pokemon)""]",False,False
1635696,hu_tao_(genshin_impact),4,12265,"[""hu_tao_(genshin_impact)"", ""hu_tao""]",False,False
1275711,akatsuki_(kancolle),4,10368,"[""akatsuki_(kancolle)"", ""akatsuki_(kantai_collection)""]",False,False
1631523,zuikaku_(kancolle),4,10351,"[""zuikaku_(kancolle)"", ""zuikaku_(kantai_collection)""]",False,False
456150,akiyama_mio_(k-on!),4,10227,"[""akiyama_mio_(k-on!)""]",False,False
638495,toyosatomimi_no_miko_(touhou),4,10234,"[""toyosatomimi_no_miko_(touhou)""]",False,False
1630699,hamakaze_(kancolle),4,10172,"[""hamakaze_(kancolle)"", ""hamakaze_(kantai_collection)""]",False,False
9466,suzumiya_haruhi_(suzumiya_haruhi),4,10240,"[""suzumiya_haruhi_(suzumiya_haruhi)"", ""/sh"", ""haruhi_suzumiya""]",False,False
1335350,haruna_(kancolle),4,9894,"[""haruna_(kancolle)"", ""haruna_(kantai_collection)""]",False,False
1433170,nero_claudius_(fate),4,10158,"[""nero_claudius_(fate)"", ""nero_claudius_(fate)_(all)"", ""saber_extra""]",False,False
1631219,nagato_(kancolle),4,9637,"[""nagato_(kancolle)"", ""nagato_(kantai_collection)""]",False,False
13814,morichika_rinnosuke_(touhou),4,9645,"[""morichika_rinnosuke_(touhou)"", ""kourin"", ""rinnosuke_morichika""]",False,False
94496,princess_zelda_(the_legend_of_zelda),4,12215,"[""princess_zelda_(the_legend_of_zelda)"", ""zelda""]",False,False
384197,kagiyama_hina_(touhou),4,10482,"[""kagiyama_hina_(touhou)""]",False,False
2075918,inkling_player_character_(splatoon),4,13414,"[""inkling_player_character_(splatoon)"", ""inkling""]",False,False
391888,tifa_lockhart_(final_fantasy),4,12024,"[""tifa_lockhart_(final_fantasy)"", ""tifa_lockheart""]",False,False
465977,hoshiguma_yuugi_(touhou),4,9611,"[""hoshiguma_yuugi_(touhou)"", ""hoshiguma_yugi""]",False,False
7441,fate_testarossa_(mahou_shoujo_lyrical_nanoha),4,9463,"[""fate_testarossa_(mahou_shoujo_lyrical_nanoha)"", ""fate_t_harlaown"", ""fate_testarossa_harlaown"", ""/ft""]",False,False
1351818,kashima_(kancolle),4,9478,"[""kashima_(kancolle)"", ""kashima_(kantai_collection)""]",False,False
700405,nishizumi_miho_(girls_und_panzer),4,9542,"[""nishizumi_miho_(girls_und_panzer)""]",False,False
465646,tohsaka_rin_(fate),4,9147,"[""tohsaka_rin_(fate)"", ""toosaka_rin""]",False,False
7493,daiyousei_(touhou),4,9493,"[""daiyousei_(touhou)""]",False,False
638499,mononobe_no_futo_(touhou),4,9317,"[""mononobe_no_futo_(touhou)""]",False,False
1978860,2b_(nier:automata),4,10102,"[""2b_(nier:automata)"", ""yorha_no._2_type_b"", ""2b_(nier)"", ""2b""]",False,False
12299,wriggle_nightbug_(touhou),4,9220,"[""wriggle_nightbug_(touhou)""]",False,False
599169,shanghai_doll_(touhou),4,9172,"[""shanghai_doll_(touhou)""]",False,False
472387,nakano_azusa_(k-on!),4,8923,"[""nakano_azusa_(k-on!)""]",False,False
9715,nagato_yuki_(suzumiya_haruhi),4,8932,"[""nagato_yuki_(suzumiya_haruhi)"", ""/ny"", ""yuki.n""]",False,False
1333465,rem_(re:zero),4,9148,"[""rem_(re:zero)""]",False,False
1479836,shirakami_fubuki_(hololive),4,11323,"[""shirakami_fubuki_(hololive)""]",False,False
1622755,asuna_(blue_archive),4,12391,"[""asuna_(blue_archive)"", ""ichinose_asuna""]",False,False
465688,shiki_eiki_(touhou),4,9129,"[""shiki_eiki_(touhou)"", ""/syx"", ""sikieiki_yamaxanadu"", ""shikieiki_yamaxanadu""]",False,False
12342,usami_renko_(touhou),4,9429,"[""usami_renko_(touhou)""]",False,False
395918,misaka_mikoto_(toaru_majutsu_no_index),4,9256,"[""misaka_mikoto_(toaru_majutsu_no_index)""]",False,False
12311,onozuka_komachi_(touhou),4,8994,"[""onozuka_komachi_(touhou)""]",False,False
1380245,suzuya_(kancolle),4,8842,"[""suzuya_(kancolle)"", ""suzuya_(kantai_collection)""]",False,False
1631280,ryuujou_(kancolle),4,8617,"[""ryuujou_(kancolle)"", ""ryuujou_(kantai_collection)""]",False,False
12108,illyasviel_von_einzbern_(fate),4,9063,"[""illyasviel_von_einzbern_(fate)"", ""ilya""]",False,False
455424,hirasawa_yui_(k-on!),4,8475,"[""hirasawa_yui_(k-on!)""]",False,False
506041,maribel_hearn_(touhou),4,9096,"[""maribel_hearn_(touhou)"", ""maribel_han""]",False,False
600200,kyubey_(mahou_shoujo_madoka_magica),4,8756,"[""kyubey_(mahou_shoujo_madoka_magica)"", ""kyuubey"", ""kyuubee""]",False,False
1452630,scathach_(fate),4,8680,"[""scathach_(fate)"", ""scathach_(fate)_(all)"", ""scathach_(fate/grand_order)""]",False,False
1733099,yae_miko_(genshin_impact),4,10139,"[""yae_miko_(genshin_impact)"", ""yae_(genshin_impact)""]",False,False
1233711,imaizumi_kagerou_(touhou),4,8693,"[""imaizumi_kagerou_(touhou)""]",False,False
1964304,gotoh_hitori_(bocchi_the_rock!),4,12881,"[""gotoh_hitori_(bocchi_the_rock!)"", ""bocchi_(bocchi_the_rock!)"", ""gotou_hitori""]",False,False
1625332,yuuka_(blue_archive),4,12830,"[""yuuka_(blue_archive)"", ""hayase_yuuka""]",False,False
1600114,zhongli_(genshin_impact),4,9212,"[""zhongli_(genshin_impact)"", ""shouri_(genshin_impact)""]",False,False
8327,ayanami_rei_(neon_genesis_evangelion),4,8868,"[""ayanami_rei_(neon_genesis_evangelion)""]",False,False
452135,producer_(idolmaster),4,9287,"[""producer_(idolmaster)""]",False,False
1639113,shigure_kai_ni_(kancolle),4,9740,"[""shigure_kai_ni_(kancolle)""]",False,False
1523054,manjuu_(azur_lane),4,9179,"[""manjuu_(azur_lane)""]",False,False
1631004,houshou_(kancolle),4,7965,"[""houshou_(kancolle)"", ""houshou_(kantai_collection)""]",False,False
503351,toramaru_shou_(touhou),4,7898,"[""toramaru_shou_(touhou)""]",False,False
8552,takamachi_nanoha_(mahou_shoujo_lyrical_nanoha),4,7892,"[""takamachi_nanoha_(mahou_shoujo_lyrical_nanoha)"", ""/tn""]",False,False
1511608,inkling_girl_(splatoon),4,11382,"[""inkling_girl_(splatoon)""]",False,False
1531173,usada_pekora_(hololive),4,9395,"[""usada_pekora_(hololive)""]",False,False
378876,joseph_joestar_(jojo_no_kimyou_na_bouken),4,7690,"[""joseph_joestar_(jojo_no_kimyou_na_bouken)""]",False,False
1639135,yuudachi_kai_ni_(kancolle),4,8617,"[""yuudachi_kai_ni_(kancolle)""]",False,False
1231258,matoi_ryuuko_(kill_la_kill),4,7951,"[""matoi_ryuuko_(kill_la_kill)""]",False,False
1408636,jeanne_d'arc_(fate),4,7882,"[""jeanne_d'arc_(fate)"", ""jeanne_d'arc_(fate)_(all)"", ""ruler_(fate/apocrypha)""]",False,False
1599785,aether_(genshin_impact),4,10131,"[""aether_(genshin_impact)"", ""kong_(genshin_impact)"", ""sora_(genshin_impact)"", ""male_traveler_(genshin_impact)""]",False,False
1405000,serval_(kemono_friends),4,7873,"[""serval_(kemono_friends)""]",False,False
1648389,yor_briar_(spy_x_family),4,8571,"[""yor_briar_(spy_x_family)"", ""yor_forger""]",False,False
1525565,hoshimachi_suisei_(hololive),4,10923,"[""hoshimachi_suisei_(hololive)"", ""hoshimati_suisei"", ""suisei_channel""]",False,False
456151,tainaka_ritsu_(k-on!),4,7243,"[""tainaka_ritsu_(k-on!)""]",False,False
544560,himekaidou_hatate_(touhou),4,7476,"[""himekaidou_hatate_(touhou)""]",False,False
1275723,murakumo_(kancolle),4,7325,"[""murakumo_(kancolle)"", ""murakumo_(kantai_collection)""]",False,False
1277794,amatsukaze_(kancolle),4,7381,"[""amatsukaze_(kancolle)"", ""amatsukaze_(kantai_collection)""]",False,False
1596257,mona_(genshin_impact),4,8114,"[""mona_(genshin_impact)"", ""mona_megistus""]",False,False
1287532,megumin_(kono_subarashii_sekai_ni_shukufuku_wo!),4,8517,"[""megumin_(kono_subarashii_sekai_ni_shukufuku_wo!)""]",False,False
592977,nishikino_maki_(love_live!),4,7449,"[""nishikino_maki_(love_live!)""]",False,False
1593596,ninomae_ina'nis_(hololive),4,8813,"[""ninomae_ina'nis_(hololive)""]",False,False
1631456,ushio_(kancolle),4,7136,"[""ushio_(kancolle)"", ""ushio_(kantai_collection)""]",False,False
1593595,mori_calliope_(hololive),4,8874,"[""mori_calliope_(hololive)"", ""calliope_mori""]",False,False
713730,kafuu_chino_(gochuumon_wa_usagi_desu_ka?),4,7231,"[""kafuu_chino_(gochuumon_wa_usagi_desu_ka?)""]",False,False
638538,kaku_seiga_(touhou),4,7250,"[""kaku_seiga_(touhou)""]",False,False
466373,dawn_(pokemon),4,7871,"[""dawn_(pokemon)"", ""platinum_berlitz"", ""hikari_(pokemon)"", ""platina_berlitz"", ""platina_(pokemon)"", ""platinum_(pokemon)""]",False,False
615562,toujou_nozomi_(love_live!),4,0,"[""toujou_nozomi_(love_live!)""]",False,False
1765420,jeanne_d'arc_alter_(avenger)_(fate),4,8871,"[""jeanne_d'arc_alter_(avenger)_(fate)"", ""jeanne_d'arc_(alter)_(fate)""]",False,False
593046,sonoda_umi_(love_live!),4,7160,"[""sonoda_umi_(love_live!)""]",False,False
1438816,okita_souji_(fate),4,7190,"[""okita_souji_(fate)"", ""okita_souji_(fate)_(all)"", ""sakura_saber""]",False,False
1600563,keqing_(genshin_impact),4,7656,"[""keqing_(genshin_impact)"", ""keqing"", ""kokusei_(genshin_impact)""]",False,False
1584981,shiroko_(blue_archive),4,10561,"[""shiroko_(blue_archive)"", ""sunaookami_shiroko""]",False,False
662185,shibuya_rin_(idolmaster_cinderella_girls),4,7072,"[""shibuya_rin_(idolmaster_cinderella_girls)""]",False,False
1275734,yukikaze_(kancolle),4,7014,"[""yukikaze_(kancolle)"", ""yukikaze_(kantai_collection)""]",False,False
503350,murasa_minamitsu_(touhou),4,7173,"[""murasa_minamitsu_(touhou)""]",False,False
1369674,lillie_(pokemon),4,7507,"[""lillie_(pokemon)""]",False,False
1285206,atago_(kancolle),4,6863,"[""atago_(kancolle)"", ""atago_(kantai_collection)""]",False,False
1585358,northern_ocean_princess_(kantai_collection),4,6710,"[""northern_ocean_princess_(kantai_collection)"", ""northern_ocean_hime""]",False,False
699794,nanami_chiaki_(danganronpa),4,10291,"[""nanami_chiaki_(danganronpa)""]",False,False
1495213,minato_aqua_(hololive),4,8527,"[""minato_aqua_(hololive)""]",False,False
1631488,yamato_(kancolle),4,6995,"[""yamato_(kancolle)"", ""yamato_(kantai_collection)""]",False,False
445942,gardevoir_(pokemon),4,11243,"[""gardevoir_(pokemon)""]",False,False
1631360,shoukaku_(kancolle),4,6740,"[""shoukaku_(kancolle)"", ""shoukaku_(kantai_collection)""]",False,False
593043,ayase_eli_(love_live!),4,6853,"[""ayase_eli_(love_live!)"", ""ayase_eri""]",False,False
592974,yazawa_nico_(love_live!),4,6871,"[""yazawa_nico_(love_live!)""]",False,False
656409,yuzuki_yukari_(vocaloid),4,7543,"[""yuzuki_yukari_(vocaloid)""]",False,False
1682530,tamamo_no_mae_(fate/extra),4,6727,"[""tamamo_no_mae_(fate/extra)"", ""tamamo_no_mae_(fate)"", ""caster_(fate/extra)""]",False,False
413645,nagae_iku_(touhou),4,6712,"[""nagae_iku_(touhou)""]",False,False
54494,kujo_jotaro_(jojo_no_kimyou_na_bouken),4,6929,"[""kujo_jotaro_(jojo_no_kimyou_na_bouken)"", ""kuujou_joutarou""]",False,False
1233709,hata_no_kokoro_(touhou),4,6812,"[""hata_no_kokoro_(touhou)""]",False,False
1275712,akebono_(kancolle),4,6629,"[""akebono_(kancolle)"", ""akebono_(kantai_collection)""]",False,False
669326,kaito_(vocaloid),4,7291,"[""kaito_(vocaloid)"", ""kaito""]",False,False
487910,joseph_joestar_(young),4,6464,"[""joseph_joestar_(young)""]",False,False
2040387,doodle_sensei_(blue_archive),4,11804,"[""doodle_sensei_(blue_archive)"", ""arona's_sensei_doodle_(blue_archive)""]",False,False
570051,ibaraki_kasen_(touhou),4,6655,"[""ibaraki_kasen_(touhou)"", ""ibara_kasen""]",False,False
1424365,pyra_(xenoblade),4,7418,"[""pyra_(xenoblade)"", ""homura_(xenoblade_2)"", ""pyra_(xenoblade_chronicles_2)""]",False,False
13108,chun-li_(street_fighter),4,7175,"[""chun-li_(street_fighter)"", ""chun_li"", ""chunli""]",False,False
1526564,doctor_(arknights),4,8743,"[""doctor_(arknights)""]",False,False
7439,kinomoto_sakura_(cardcaptor_sakura),4,7208,"[""kinomoto_sakura_(cardcaptor_sakura)""]",False,False
1467839,trainer_(umamusume),4,8483,"[""trainer_(umamusume)""]",False,False
1518952,nekomata_okayu_(hololive),4,7940,"[""nekomata_okayu_(hololive)""]",False,False
1631124,kitakami_(kancolle),4,6230,"[""kitakami_(kancolle)"", ""kitakami_(kantai_collection)""]",False,False
1442931,amiya_(arknights),4,7914,"[""amiya_(arknights)""]",False,False
1435530,shuten_douji_(fate),4,6838,"[""shuten_douji_(fate)"", ""shuten_douji_(fate/grand_order)""]",False,False
1516925,makima_(chainsaw_man),4,7561,"[""makima_(chainsaw_man)""]",False,False
1649146,gilgamesh_(fate),4,6411,"[""gilgamesh_(fate)"", ""gilgamesh""]",False,False
1532746,byleth_(fire_emblem),4,7414,"[""byleth_(fire_emblem)"", ""byleth""]",False,False
638583,soga_no_tojiko_(touhou),4,6396,"[""soga_no_tojiko_(touhou)""]",False,False
1605761,hina_(blue_archive),4,10721,"[""hina_(blue_archive)"", ""sorasaki_hina""]",False,False
466360,may_(pokemon),4,7035,"[""may_(pokemon)"", ""sapphire_birch"", ""odamaki_sapphire"", ""haruka_(pokemon)"", ""sapphire_(pokemon)""]",False,False
10365,cloud_strife_(final_fantasy),4,10016,"[""cloud_strife_(final_fantasy)""]",False,False
413652,kurodani_yamame_(touhou),4,6248,"[""kurodani_yamame_(touhou)""]",False,False
619180,kasodani_kyouko_(touhou),4,6251,"[""kasodani_kyouko_(touhou)""]",False,False
7438,matou_sakura_(fate),4,6093,"[""matou_sakura_(fate)""]",False,False
619181,miyako_yoshika_(touhou),4,6275,"[""miyako_yoshika_(touhou)""]",False,False
473328,kumoi_ichirin_(touhou),4,6207,"[""kumoi_ichirin_(touhou)""]",False,False
1239690,rensouhou-chan_(kantai_collection),4,6059,"[""rensouhou-chan_(kantai_collection)""]",False,False
717860,rosa_(pokemon),4,6788,"[""rosa_(pokemon)"", ""whitley_(pokemon)"", ""whi-two_(pokemon)"", ""mei_(pokemon)"", ""female_protagonist_(pokemon_bw2)""]",False,False
1867985,toki_(blue_archive),4,8378,"[""toki_(blue_archive)"", ""asuma_toki""]",False,False
1631257,ooyodo_(kancolle),4,6204,"[""ooyodo_(kancolle)"", ""ooyodo_(kantai_collection)"", ""ninmu_musume""]",False,False
1448304,astolfo_(fate),4,6484,"[""astolfo_(fate)"", ""astolfo"", ""rider_of_black""]",False,False
1593597,takanashi_kiara_(hololive),4,7440,"[""takanashi_kiara_(hololive)""]",False,False
1533332,marnie_(pokemon),4,6601,"[""marnie_(pokemon)"", ""mary_(pokemon)""]",False,False
1372463,darjeeling_(girls_und_panzer),4,6162,"[""darjeeling_(girls_und_panzer)"", ""darjeeling""]",False,False
101752,hoshii_miki_(idolmaster),4,5970,"[""hoshii_miki_(idolmaster)""]",False,False
1595272,venti_(genshin_impact),4,6810,"[""venti_(genshin_impact)""]",False,False
1328621,clownpiece_(touhou),4,6137,"[""clownpiece_(touhou)""]",False,False
1427460,prinz_eugen_(kancolle),4,5795,"[""prinz_eugen_(kancolle)"", ""prinz_eugen_(kantai_collection)""]",False,False
1478494,cu_chulainn_(fate),4,6011,"[""cu_chulainn_(fate)"", ""cu_chulainn_(fate)_(all)""]",False,False
1549065,tokoyami_towa_(hololive),4,7558,"[""tokoyami_towa_(hololive)""]",False,False
1243755,kijin_seija_(touhou),4,5865,"[""kijin_seija_(touhou)""]",False,False
1590956,mythra_(xenoblade),4,6634,"[""mythra_(xenoblade)"", ""hikari_(xenoblade_2)"", ""mythra_(xenoblade_chronicles_2)""]",False,False
1630515,asashio_(kancolle),4,5841,"[""asashio_(kancolle)"", ""asashio_(kantai_collection)""]",False,False
615290,hilda_(pokemon),4,6521,"[""hilda_(pokemon)"", ""white_(pokemon)"", ""touko_(pokemon)"", ""female_protagonist_(pokemon_b&w)""]",False,False
382074,hiiragi_kagami_(lucky_star),4,5906,"[""hiiragi_kagami_(lucky_star)""]",False,False
1361469,mutsu_(kancolle),4,5684,"[""mutsu_(kancolle)"", ""mutsu_(kantai_collection)""]",False,False
11941,samus_aran_(metroid),4,6317,"[""samus_aran_(metroid)"", ""samus""]",False,False
456152,kotobuki_tsumugi_(k-on!),4,5650,"[""kotobuki_tsumugi_(k-on!)""]",False,False
1572405,klee_(genshin_impact),4,6153,"[""klee_(genshin_impact)""]",False,False
1405300,kaban_(kemono_friends),4,5658,"[""kaban_(kemono_friends)"", ""kaban""]",False,False
1442946,texas_(arknights),4,6612,"[""texas_(arknights)""]",False,False
1630648,female_admiral_(kancolle),4,5493,"[""female_admiral_(kancolle)"", ""female_admiral_(kantai_collection)""]",False,False
1593598,watson_amelia_(hololive),4,6619,"[""watson_amelia_(hololive)"", ""amelia_watson""]",False,False
1448306,mordred_(fate),4,5923,"[""mordred_(fate)"", ""mordred_(fate)_(all)"", ""saber_of_red""]",False,False
713720,nishizumi_maho_(girls_und_panzer),4,5882,"[""nishizumi_maho_(girls_und_panzer)""]",False,False
11498,kirby_(kirby),4,7323,"[""kirby_(kirby)""]",False,False
1631410,tatsuta_(kancolle),4,5517,"[""tatsuta_(kancolle)"", ""tatsuta_(kantai_collection)""]",False,False
1685272,ouro_kronii_(hololive),4,7529,"[""ouro_kronii_(hololive)"", ""kronii_ouro""]",False,False
1651926,kamisato_ayaka_(genshin_impact),4,6437,"[""kamisato_ayaka_(genshin_impact)"", ""ayaka_(genshin_impact)"", ""kamisato_ayaka_(genshin_impact)""]",False,False
52967,princess_peach_(super_mario),4,6663,"[""princess_peach_(super_mario)""]",False,False
1685271,nanashi_mumei_(hololive),4,7708,"[""nanashi_mumei_(hololive)"", ""mumei_nanashi""]",False,False
1464562,minamoto_no_raikou_(fate),4,5722,"[""minamoto_no_raikou_(fate)"", ""minamoto_no_raikou_(fate/grand_order)""]",False,False
1233706,sekibanki_(touhou),4,5776,"[""sekibanki_(touhou)""]",False,False
713721,itsumi_erika_(girls_und_panzer),4,5733,"[""itsumi_erika_(girls_und_panzer)""]",False,False
10658,emiya_shirou_(fate),4,6157,"[""emiya_shirou_(fate)""]",False,False
710903,meiko_(vocaloid),4,5818,"[""meiko_(vocaloid)"", ""meiko""]",False,False
383424,aki_minoriko_(touhou),4,5664,"[""aki_minoriko_(touhou)""]",False,False
593045,minami_kotori_(love_live!),4,5484,"[""minami_kotori_(love_live!)""]",False,False
1645004,rice_shower_(umamusume),4,6196,"[""rice_shower_(umamusume)""]",False,False
466669,c.c._(code_geass),4,5478,"[""c.c._(code_geass)"", ""cc""]",False,False
1328650,junko_(touhou),4,5737,"[""junko_(touhou)""]",False,False
452021,hieda_no_akyuu_(touhou),4,5606,"[""hieda_no_akyuu_(touhou)"", ""hieda_no_akyu""]",False,False
1610604,tartaglia_(genshin_impact),4,6100,"[""tartaglia_(genshin_impact)"", ""childe_(genshin_impact)""]",False,False
382075,izumi_konata_(lucky_star),4,5585,"[""izumi_konata_(lucky_star)"", ""konata""]",False,False
279302,dio_brando_(jojo_no_kimyou_na_bouken),4,5643,"[""dio_brando_(jojo_no_kimyou_na_bouken)""]",False,False
1631313,sendai_(kancolle),4,5296,"[""sendai_(kancolle)"", ""sendai_(kantai_collection)""]",False,False
1646740,archer_(fate),4,5789,"[""archer_(fate)"", ""archer""]",False,False
1631252,ooi_(kancolle),4,5267,"[""ooi_(kancolle)"", ""ooi_(kantai_collection)""]",False,False
405454,aerith_gainsborough_(final_fantasy),4,7680,"[""aerith_gainsborough_(final_fantasy)"", ""aeris_gainsborough""]",False,False
1564340,paimon_(genshin_impact),4,6514,"[""paimon_(genshin_impact)""]",False,False
1630531,bismarck_(kancolle),4,5279,"[""bismarck_(kancolle)"", ""bismarck_(kantai_collection)""]",False,False
1680295,mika_(blue_archive),4,8853,"[""mika_(blue_archive)"", ""misono_mika""]",False,False
1293664,musashi_(kancolle),4,5349,"[""musashi_(kancolle)"", ""musashi_(kantai_collection)""]",False,False
727352,anchovy_(girls_und_panzer),4,5422,"[""anchovy_(girls_und_panzer)"", ""anzai_chiyomi"", ""anchovy""]",False,False
1641843,eula_(genshin_impact),4,5804,"[""eula_(genshin_impact)"", ""eula_lawrence"", ""eula""]",False,False
7866,tsukino_usagi_(sailor_moon),4,5583,"[""tsukino_usagi_(sailor_moon)""]",False,False
434767,caesar_anthonio_zeppeli_(jojo_no_kimyou_na_bouken),4,5143,"[""caesar_anthonio_zeppeli_(jojo_no_kimyou_na_bouken)""]",False,False
1646765,mejiro_mcqueen_(umamusume),4,5900,"[""mejiro_mcqueen_(umamusume)"", ""mejiro_mcqueen""]",False,False
1350123,akashi_(kancolle),4,5243,"[""akashi_(kancolle)"", ""akashi_(kantai_collection)"", ""item_shop_musume_(kantai_collection)""]",False,False
1507496,takao_(kancolle),4,5276,"[""takao_(kancolle)"", ""takao_(kantai_collection)""]",False,False
1544889,gloria_(pokemon),4,5697,"[""gloria_(pokemon)"", ""casey_shield"", ""female_protagonist_(pokemon_swsh)"", ""yuuri_(pokemon)""]",False,False
1533307,shirogane_noel_(hololive),4,5878,"[""shirogane_noel_(hololive)""]",False,False
698982,asuna_(sao),4,5271,"[""asuna_(sao)"", ""yuuki_asuna""]",False,False
9071,amami_haruka_(idolmaster),4,5177,"[""amami_haruka_(idolmaster)""]",False,False
1862749,aris_(blue_archive),4,6913,"[""aris_(blue_archive)"", ""tendou_aris"", ""alice_(blue_archive)"", ""arisu_(blue_archive)""]",False,False
1515171,sakura_miko_(hololive),4,7976,"[""sakura_miko_(hololive)""]",False,False
1243757,sukuna_shinmyoumaru_(touhou),4,5114,"[""sukuna_shinmyoumaru_(touhou)""]",False,False
1821363,nahida_(genshin_impact),4,8886,"[""nahida_(genshin_impact)"", ""kusanali_(genshin_impact)""]",False,False
1646762,daiwa_scarlet_(umamusume),4,5869,"[""daiwa_scarlet_(umamusume)"", ""daiwa_scarlet""]",False,False
1964798,furina_(genshin_impact),4,9730,"[""furina_(genshin_impact)"", ""focalors_(genshin_impact)""]",False,False
1275730,shiranui_(kancolle),4,5074,"[""shiranui_(kancolle)"", ""shiranui_(kantai_collection)""]",False,False
1478256,medusa_(fate),4,5250,"[""medusa_(fate)""]",False,False
1667133,hk416_(girls'_frontline),4,5371,"[""hk416_(girls'_frontline)"", ""416_(girls'_frontline)"", ""hk416_(girls_frontline)""]",False,False
510663,yoko_littner_(tengen_toppa_gurren_lagann),4,5049,"[""yoko_littner_(tengen_toppa_gurren_lagann)"", ""yoko_ritona""]",False,False
638500,futatsuiwa_mamizou_(touhou),4,5105,"[""futatsuiwa_mamizou_(touhou)""]",False,False
1734279,okita_souji_(koha-ace),4,5099,"[""okita_souji_(koha-ace)"", ""okita_souji_(koha/ace)"", ""sakura_saber""]",False,False
1717604,shenhe_(genshin_impact),4,5757,"[""shenhe_(genshin_impact)""]",False,False
1631305,sazanami_(kancolle),4,5031,"[""sazanami_(kancolle)"", ""sazanami_(kantai_collection)""]",False,False
1631308,souryuu_(kancolle),4,5013,"[""souryuu_(kancolle)"", ""souryuu_(kantai_collection)""]",False,False
1622591,koharu_(blue_archive),4,7007,"[""koharu_(blue_archive)"", ""shimoe_koharu""]",False,False
1658781,scaramouche_(genshin_impact),4,12904,"[""scaramouche_(genshin_impact)""]",False,False
1682533,nero_claudius_(fate/extra),4,4883,"[""nero_claudius_(fate/extra)"", ""saber_extra""]",False,False
1526509,skadi_(arknights),4,5565,"[""skadi_(arknights)""]",False,False
700403,akiyama_yukari_(girls_und_panzer),4,4997,"[""akiyama_yukari_(girls_und_panzer)""]",False,False
1339317,d.va_(overwatch),4,5023,"[""d.va_(overwatch)"", ""diva_(overwatch)"", ""song_hana"", ""hana_song""]",False,False
1886284,byleth_(female)_(fire_emblem),4,5604,"[""byleth_(female)_(fire_emblem)"", ""byleth_(fire_emblem)_(female)"", ""byleth_(female)""]",False,False
1492223,taihou_(azur_lane),4,5180,"[""taihou_(azur_lane)""]",False,False
1275727,samidare_(kancolle),4,4911,"[""samidare_(kancolle)"", ""samidare_(kantai_collection)""]",False,False
383855,aki_shizuha_(touhou),4,5006,"[""aki_shizuha_(touhou)""]",False,False
1518950,inugami_korone_(hololive),4,5832,"[""inugami_korone_(hololive)""]",False,False
1799500,asuna_(bunny)_(blue_archive),4,5687,"[""asuna_(bunny)_(blue_archive)"", ""ichinose_asuna_(bunny)"", ""asuna_(bunny_girl)_(blue_archive)""]",False,False
424565,shijou_takane_(idolmaster),4,4977,"[""shijou_takane_(idolmaster)""]",False,False
1631484,yamashiro_(kancolle),4,4873,"[""yamashiro_(kancolle)"", ""yamashiro_(kantai_collection)""]",False,False
12295,letty_whiterock_(touhou),4,4907,"[""letty_whiterock_(touhou)""]",False,False
701140,komaeda_nagito_(danganronpa),4,6097,"[""komaeda_nagito_(danganronpa)""]",False,False
1246753,senketsu_(kill_la_kill),4,4903,"[""senketsu_(kill_la_kill)""]",False,False
593044,kousaka_honoka_(love_live!),4,0,"[""kousaka_honoka_(love_live!)""]",False,False
466315,ash_ketchum_(pokemon),4,5215,"[""ash_ketchum_(pokemon)"", ""ash_(pokemon)"", ""satoshi_(pokemon)""]",False,False
1081167,mordred_(fate/apocrypha),4,4822,"[""mordred_(fate/apocrypha)"", ""saber_of_red""]",False,False
1549061,amane_kanata_(hololive),4,5791,"[""amane_kanata_(hololive)""]",False,False
21,suigintou_(rozen_maiden),4,4745,"[""suigintou_(rozen_maiden)""]",False,False
1316173,watanabe_you_(love_live!),4,5936,"[""watanabe_you_(love_live!)""]",False,False
1502759,ookami_mio_(hololive),4,5785,"[""ookami_mio_(hololive)""]",False,False
1630992,hiei_(kancolle),4,4735,"[""hiei_(kancolle)"", ""hiei_(kantai_collection)""]",False,False
1421198,bb_(fate),4,5529,"[""bb_(fate)"", ""bb_(fate)_(all)"", ""bb_(fate/extra_ccc)""]",False,False
1248945,wo-class_aircraft_carrier_(kantai_collection),4,4624,"[""wo-class_aircraft_carrier_(kantai_collection)"", ""wo-class_(kantai_collection)""]",False,False
1584986,hoshino_(blue_archive),4,9046,"[""hoshino_(blue_archive)"", ""takanashi_hoshino""]",False,False
1500247,oozora_subaru_(hololive),4,5822,"[""oozora_subaru_(hololive)""]",False,False
422767,gumi_(vocaloid),4,4937,"[""gumi_(vocaloid)""]",False,False
1231257,kiryuuin_satsuki_(kill_la_kill),4,4789,"[""kiryuuin_satsuki_(kill_la_kill)""]",False,False
1631272,ro-500_(kancolle),4,4689,"[""ro-500_(kancolle)"", ""ro-500_(kantai_collection)""]",False,False
1328656,hecatia_lapislazuli_(touhou),4,4948,"[""hecatia_lapislazuli_(touhou)""]",False,False
1631098,kasumi_(kancolle),4,4773,"[""kasumi_(kancolle)"", ""kasumi_(kantai_collection)""]",False,False
1623068,karin_(blue_archive),4,6107,"[""karin_(blue_archive)"", ""kakudate_karin""]",False,False
9072,kisaragi_chihaya_(idolmaster),4,4931,"[""kisaragi_chihaya_(idolmaster)""]",False,False
1822797,boo_tao_(genshin_impact),4,5216,"[""boo_tao_(genshin_impact)""]",False,False
1631042,iowa_(kancolle),4,4794,"[""iowa_(kancolle)"", ""iowa_(kantai_collection)""]",False,False
1342225,verniy_(kancolle),4,4554,"[""verniy_(kancolle)"", ""verniy_(kantai_collection)""]",False,False
9079,kikuchi_makoto_(idolmaster),4,4759,"[""kikuchi_makoto_(idolmaster)""]",False,False
1333552,kirishima_(kancolle),4,4570,"[""kirishima_(kancolle)"", ""kirishima_(kantai_collection)""]",False,False
665139,shirasaka_koume_(idolmaster_cinderella_girls),4,4906,"[""shirasaka_koume_(idolmaster_cinderella_girls)""]",False,False
1511455,yumemi_riamu_(idolmaster_cinderella_girls),4,5142,"[""yumemi_riamu_(idolmaster_cinderella_girls)""]",False,False
9078,minase_iori_(idolmaster),4,4608,"[""minase_iori_(idolmaster)""]",False,False
15550,morrigan_aensland_(darkstalkers),4,5676,"[""morrigan_aensland_(darkstalkers)""]",False,False
422691,oshino_shinobu_(bakemonogatari),4,4994,"[""oshino_shinobu_(bakemonogatari)""]",False,False
1933188,houshou_marine_(1st_costume),4,5158,"[""houshou_marine_(1st_costume)""]",False,False
1646764,gold_ship_(umamusume),4,5743,"[""gold_ship_(umamusume)"", ""gold_ship""]",False,False
445830,red_(pokemon),4,5081,"[""red_(pokemon)""]",False,False
644424,nami_(one_piece),4,6488,"[""nami_(one_piece)""]",False,False
1561709,bremerton_(azur_lane),4,4852,"[""bremerton_(azur_lane)""]",False,False
615222,hoshizora_rin_(love_live!),4,4541,"[""hoshizora_rin_(love_live!)""]",False,False
1440040,atago_(azur_lane),4,4594,"[""atago_(azur_lane)""]",False,False
448496,cynthia_(pokemon),4,5463,"[""cynthia_(pokemon)"", ""shirona_(pokemon)""]",False,False
1529309,anya_(spy_x_family),4,5231,"[""anya_(spy_x_family)""]",False,False
1770073,nishikigi_chisato_(lycoris_recoil),4,6249,"[""nishikigi_chisato_(lycoris_recoil)""]",False,False
1350743,aqua_(konosuba),4,5330,"[""aqua_(konosuba)""]",False,False
1934883,oma_kokichi_(danganronpa),4,7050,"[""oma_kokichi_(danganronpa)"", ""ouma_kokichi""]",False,False
1531312,uruha_rushia_(hololive),4,4431,"[""uruha_rushia_(hololive)""]",False,False
660315,shimamura_uzuki_(idolmaster_cinderella_girls),4,4550,"[""shimamura_uzuki_(idolmaster_cinderella_girls)""]",False,False
472979,saber_alter_(fate),4,4452,"[""saber_alter_(fate)"", ""black_saber"", ""dark_saber""]",False,False
1292960,midoriya_izuku_(boku_no_hero_academia),4,5162,"[""midoriya_izuku_(boku_no_hero_academia)"", ""deku_(boku_no_hero_academia)""]",False,False
1598280,xiao_(genshin_impact),4,5380,"[""xiao_(genshin_impact)"", ""shou_(genshin_impact)""]",False,False
1586173,yukihana_lamy_(hololive),4,5163,"[""yukihana_lamy_(hololive)""]",False,False
1644978,agnes_tachyon_(umamusume),4,6981,"[""agnes_tachyon_(umamusume)""]",False,False
13270,cammy_white_(street_fighter),4,4775,"[""cammy_white_(street_fighter)""]",False,False
460796,ex-keine_(touhou),4,4341,"[""ex-keine_(touhou)"", ""ex_keine"", ""exkeine""]",False,False
1586175,shishiro_botan_(hololive),4,5197,"[""shishiro_botan_(hololive)""]",False,False
1440089,prinz_eugen_(azur_lane),4,4466,"[""prinz_eugen_(azur_lane)""]",False,False
1719003,sakamata_chloe_(hololive),4,6006,"[""sakamata_chloe_(hololive)""]",False,False
1769318,jeanne_d'arc_(ruler)_(fate),4,5846,"[""jeanne_d'arc_(ruler)_(fate)"", ""jeanne_d'arc_(fate/apocrypha)"", ""ruler_(fate/apocrypha)""]",False,False
1631502,yuubari_(kancolle),4,4301,"[""yuubari_(kancolle)"", ""yuubari_(kantai_collection)""]",False,False
425446,ganaha_hibiki_(idolmaster),4,4311,"[""ganaha_hibiki_(idolmaster)""]",False,False
1561704,higuchi_madoka_(idolmaster),4,5036,"[""higuchi_madoka_(idolmaster)""]",False,False
1646761,tokai_teio_(umamusume),4,4975,"[""tokai_teio_(umamusume)"", ""tokai_teio""]",False,False
1629450,meltryllis_(fate),4,4567,"[""meltryllis_(fate)"", ""meltryllis"", ""meltlilith""]",False,False
1435314,oyama_mahiro_(onimai),4,5907,"[""oyama_mahiro_(onimai)""]",False,False
701382,hinata_hajime_(danganronpa),4,5516,"[""hinata_hajime_(danganronpa)""]",False,False
665166,takagaki_kaede_(idolmaster_cinderella_girls),4,4411,"[""takagaki_kaede_(idolmaster_cinderella_girls)""]",False,False
1536480,formidable_(azur_lane),4,4551,"[""formidable_(azur_lane)""]",False,False
1233049,sagisawa_fumika_(idolmaster_cinderella_girls),4,4365,"[""sagisawa_fumika_(idolmaster_cinderella_girls)""]",False,False
1631121,kiso_(kancolle),4,4205,"[""kiso_(kancolle)"", ""kiso_(kantai_collection)""]",False,False
1569865,karyl_(princess_connect!),4,4250,"[""karyl_(princess_connect!)"", ""kyaru_(princess_connect)"", ""kyaru_(princess_connect!)""]",False,False
1515819,power_(chainsaw_man),4,4925,"[""power_(chainsaw_man)""]",False,False
1442306,zero_two_(darling_in_the_franxx),4,4221,"[""zero_two_(darling_in_the_franxx)"", ""code:002""]",False,False
16266,son_goku_(dragon_ball),4,5301,"[""son_goku_(dragon_ball)"", ""son_gokuu"", ""goku""]",False,False
1630996,hiryuu_(kancolle),4,4154,"[""hiryuu_(kancolle)"", ""hiryuu_(kantai_collection)""]",False,False
9750,asahina_mikuru_(suzumiya_haruhi),4,4222,"[""asahina_mikuru_(suzumiya_haruhi)""]",False,False
1586112,frieren_(sousou_no_frieren),4,8849,"[""frieren_(sousou_no_frieren)""]",False,False
1233712,wakasagihime_(touhou),4,4289,"[""wakasagihime_(touhou)""]",False,False
1341413,djeeta_(granblue_fantasy),4,4329,"[""djeeta_(granblue_fantasy)"", ""gita_(granblue_fantasy)""]",False,False
646093,ultimate_madoka_(mahou_shoujo_madoka_magica),4,4395,"[""ultimate_madoka_(mahou_shoujo_madoka_magica)"", ""madokami"", ""goddess_madoka""]",False,False
1627707,miyamoto_musashi_(fate),4,4377,"[""miyamoto_musashi_(fate)"", ""miyamoto_musashi_(fate/grand_order)""]",False,False
12257,ikari_shinji_(neon_genesis_evangelion),4,4532,"[""ikari_shinji_(neon_genesis_evangelion)""]",False,False
1328609,kishin_sagume_(touhou),4,4220,"[""kishin_sagume_(touhou)""]",False,False
1933162,gawr_gura_(1st_costume),4,6498,"[""gawr_gura_(1st_costume)""]",False,False
1630687,graf_zeppelin_(kancolle),4,4017,"[""graf_zeppelin_(kancolle)"", ""graf_zeppelin_(kantai_collection)""]",False,False
1649150,medusa_(rider)_(fate),4,4092,"[""medusa_(rider)_(fate)"", ""rider""]",False,False
1527899,kitagawa_marin_(sono_bisque_doll_wa_koi_wo_suru),4,4498,"[""kitagawa_marin_(sono_bisque_doll_wa_koi_wo_suru)""]",False,False
1805355,suletta_mercury_(gundam),4,5924,"[""suletta_mercury_(gundam)"", ""protagonist_(gundam_suisei_no_majo)""]",False,False
1452466,ereshkigal_(fate),4,4650,"[""ereshkigal_(fate)"", ""ereshkigal_(fate/grand_order)""]",False,False
1934951,saihara_shuichi_(danganronpa),4,6153,"[""saihara_shuichi_(danganronpa)"", ""saihara_shuuichi""]",False,False
1514981,selene_(pokemon),4,4350,"[""selene_(pokemon)"", ""moon_(pokemon)"", ""mizuki_(pokemon)""]",False,False
1236324,serena_(pokemon),4,4633,"[""serena_(pokemon)"", ""yvonne_gabena"", ""y_na_gaabena"", ""yvonne_(pokemon)"", ""y_(pokemon)"", ""female_protagonist_(pokemon_xy)""]",False,False
781225,lucina_(fire_emblem),4,4414,"[""lucina_(fire_emblem)"", ""lucina""]",False,False
592976,koizumi_hanayo_(love_live!),4,3954,"[""koizumi_hanayo_(love_live!)""]",False,False
1627592,ishtar_(fate),4,4180,"[""ishtar_(fate)"", ""ishtar_(fate)_(all)"", ""ishtar_(fate/grand_order)""]",False,False
1491767,murasaki_shion_(hololive),4,4517,"[""murasaki_shion_(hololive)""]",False,False
8882,lily_white_(touhou),4,4049,"[""lily_white_(touhou)""]",False,False
670056,kuroki_tomoko_(watamote),4,4188,"[""kuroki_tomoko_(watamote)""]",False,False
1528907,corrin_(fire_emblem),4,4445,"[""corrin_(fire_emblem)"", ""my_unit_(fire_emblem_if)"", ""avatar_(fire_emblem_if)"", ""kamui_(fire_emblem_if)"", ""corrin_(fire_emblem_if)""]",False,False
3030,mario_(super_mario),4,4898,"[""mario_(super_mario)""]",False,False
664384,jougasaki_mika_(idolmaster_cinderella_girls),4,3923,"[""jougasaki_mika_(idolmaster_cinderella_girls)""]",False,False
1312747,hestia_(danmachi),4,3885,"[""hestia_(danmachi)"", ""hestia_(dungeon)""]",False,False
1440003,belfast_(azur_lane),4,3986,"[""belfast_(azur_lane)""]",False,False
9075,takatsuki_yayoi_(idolmaster),4,3953,"[""takatsuki_yayoi_(idolmaster)""]",False,False
1509133,sirius_(azur_lane),4,3984,"[""sirius_(azur_lane)""]",False,False
1524374,lappland_(arknights),4,4866,"[""lappland_(arknights)""]",False,False
9681,kyon_(suzumiya_haruhi),4,3918,"[""kyon_(suzumiya_haruhi)""]",False,False
1493247,bowsette_(super_mario),4,3841,"[""bowsette_(super_mario)""]",False,False
1292959,uraraka_ochako_(boku_no_hero_academia),4,0,"[""uraraka_ochako_(boku_no_hero_academia)""]",False,False
1549082,kiryu_coco_(hololive),4,3877,"[""kiryu_coco_(hololive)"", ""kiryuu_coco""]",False,False
1719009,la+_darknesss,4,4533,"[""la+_darknesss"", ""laplus_darknesss""]",False,False
660302,ahri_(league_of_legends),4,4086,"[""ahri_(league_of_legends)"", ""ahri""]",False,False
663994,kanzaki_ranko_(idolmaster_cinderella_girls),4,3808,"[""kanzaki_ranko_(idolmaster_cinderella_girls)""]",False,False
496900,black_rock_shooter_(character),4,4050,"[""black_rock_shooter_(character)"", ""/brsc""]",False,False
1631228,naka_(kancolle),4,3733,"[""naka_(kancolle)"", ""naka_(kantai_collection)""]",False,False
11055,furude_rika_(higurashi_no_naku_koro_ni),4,3899,"[""furude_rika_(higurashi_no_naku_koro_ni)""]",False,False
8048,sailor_moon_(sailor_moon),4,4004,"[""sailor_moon_(sailor_moon)"", ""sailormoon""]",False,False
11853,haruno_sakura_(naruto),4,4099,"[""haruno_sakura_(naruto)""]",False,False
700407,takebe_saori_(girls_und_panzer),4,3819,"[""takebe_saori_(girls_und_panzer)""]",False,False
1929196,toki_(bunny)_(blue_archive),4,4795,"[""toki_(bunny)_(blue_archive)"", ""asuma_toki_(bunny)""]",False,False
1811190,nilou_(genshin_impact),4,4884,"[""nilou_(genshin_impact)""]",False,False
591909,stocking_(psg),4,3887,"[""stocking_(psg)"", ""anarchy_stocking""]",False,False
445932,eevee_(pokemon),4,4852,"[""eevee_(pokemon)""]",False,False
1933177,usada_pekora_(1st_costume),4,4189,"[""usada_pekora_(1st_costume)""]",False,False
1316172,tsushima_yoshiko_(love_live!),4,4070,"[""tsushima_yoshiko_(love_live!)""]",False,False
620127,narukami_yuu_(persona),4,3872,"[""narukami_yuu_(persona)"", ""seta_souji"", ""protagonist_(persona4)"", ""protagonist_(persona_4)""]",False,False
413714,kisume_(touhou),4,3671,"[""kisume_(touhou)""]",False,False
1631521,zuihou_(kancolle),4,3768,"[""zuihou_(kancolle)"", ""zuihou_(kantai_collection)""]",False,False
1649152,cu_chulainn_(fate/stay_night),4,3820,"[""cu_chulainn_(fate/stay_night)"", ""lancer""]",False,False
1500444,commander_(azur_lane),4,4007,"[""commander_(azur_lane)"", ""admiral_(azur_lane)"", ""shikikan_(azur_lane)""]",False,False
1757377,yelan_(genshin_impact),4,4114,"[""yelan_(genshin_impact)""]",False,False
1770074,inoue_takina_(lycoris_recoil),4,5125,"[""inoue_takina_(lycoris_recoil)""]",False,False
593780,super_sonico_(sonico),4,3580,"[""super_sonico_(sonico)"", ""soniko"", ""sonico"", ""super_soniko""]",False,False
1630645,fairy_(kancolle),4,3596,"[""fairy_(kancolle)"", ""fairy_(kantai_collection)""]",False,False
1500246,nakiri_ayame_(hololive),4,4233,"[""nakiri_ayame_(hololive)""]",False,False
1585359,seaport_princess_(kantai_collection),4,3554,"[""seaport_princess_(kantai_collection)"", ""seaport_hime""]",False,False
1782917,kita_ikuyo_(bocchi_the_rock!),4,6517,"[""kita_ikuyo_(bocchi_the_rock!)""]",False,False
1275725,naganami_(kancolle),4,3782,"[""naganami_(kancolle)"", ""naganami_(kantai_collection)""]",False,False
1705933,monster_hunter_(character),4,3604,"[""monster_hunter_(character)""]",False,False
1533296,shiranui_flare_(hololive),4,4195,"[""shiranui_flare_(hololive)""]",False,False
1582962,fischl_(genshin_impact),4,3768,"[""fischl_(genshin_impact)""]",False,False
1584990,arona_(blue_archive),4,5340,"[""arona_(blue_archive)""]",False,False
1515818,denji_(chainsaw_man),4,4502,"[""denji_(chainsaw_man)""]",False,False
1378250,i-19_(kancolle),4,3526,"[""i-19_(kancolle)"", ""i-19_(kantai_collection)"", ""iku_(kantai_collection)""]",False,False
1685270,hakos_baelz_(hololive),4,4719,"[""hakos_baelz_(hololive)""]",False,False
1265245,ichinose_shiki_(idolmaster),4,3661,"[""ichinose_shiki_(idolmaster)""]",False,False
14152,kakyoin_noriaki_(jojo_no_kimyou_na_bouken),4,3608,"[""kakyoin_noriaki_(jojo_no_kimyou_na_bouken)"", ""kakyouin_noriaki""]",False,False
1159816,mirko_(boku_no_hero_academia),4,4658,"[""mirko_(boku_no_hero_academia)"", ""miruko_(boku_no_hero_academia)"", ""usagiyama_rumi""]",False,False
466818,misty_(pokemon),4,3880,"[""misty_(pokemon)"", ""kasumi_(pokemon)"", ""misty""]",False,False
687394,nitta_minami_(idolmaster_cinderella_girls),4,3556,"[""nitta_minami_(idolmaster_cinderella_girls)""]",False,False
1480186,takarada_rikka_(ssss.gridman),4,3972,"[""takarada_rikka_(ssss.gridman)""]",False,False
550231,gokou_ruri_(oreimo),4,3520,"[""gokou_ruri_(oreimo)"", ""kuroneko_(oreimo)""]",False,False
1271042,kiana_kaslana_(honkai_impact),4,5204,"[""kiana_kaslana_(honkai_impact)""]",False,False
1660592,hanako_(blue_archive),4,5197,"[""hanako_(blue_archive)"", ""urawa_hanako""]",False,False
1893407,kisaki_(blue_archive),4,6587,"[""kisaki_(blue_archive)"", ""ryuuge_kisaki""]",False,False
1646759,silence_suzuka_(umamusume),4,4332,"[""silence_suzuka_(umamusume)"", ""silence_suzuka""]",False,False
1532725,edelgard_von_hresvelg_(fire_emblem),4,4161,"[""edelgard_von_hresvelg_(fire_emblem)""]",False,False
413395,kujo_jolyne_(jojo_no_kimyou_na_bouken),4,3633,"[""kujo_jolyne_(jojo_no_kimyou_na_bouken)"", ""cujoh_jolyne"", ""kuujou_jolyne""]",False,False
633863,tachibana_arisu_(idolmaster_cinderella_girls),4,3931,"[""tachibana_arisu_(idolmaster_cinderella_girls)""]",False,False
12309,medicine_melancholy_(touhou),4,3603,"[""medicine_melancholy_(touhou)""]",False,False
1440013,unicorn_(azur_lane),4,3506,"[""unicorn_(azur_lane)""]",False,False
1643885,mari_(blue_archive),4,6899,"[""mari_(blue_archive)"", ""iochi_mari""]",False,False
1275724,murasame_(kancolle),4,3586,"[""murasame_(kancolle)"", ""murasame_(kantai_collection)""]",False,False
1533759,barbara_(genshin_impact),4,3664,"[""barbara_(genshin_impact)"", ""barbara_pegg""]",False,False
1317066,doremy_sweet_(touhou),4,3588,"[""doremy_sweet_(touhou)""]",False,False
1509453,fu_hua_(honkai_impact),4,4596,"[""fu_hua_(honkai_impact)""]",False,False
1462685,kokkoro_(princess_connect!),4,3598,"[""kokkoro_(princess_connect!)""]",False,False
662047,sanya_v._litvyak_(World Witches Series),4,3378,"[""sanya_v._litvyak_(World Witches Series)"", ""sanya_v_litvyak""]",False,False
634453,barnaby_brooks_jr._(tiger_&_bunny),4,3346,"[""barnaby_brooks_jr._(tiger_&_bunny)"", ""barnaby_brooks_jr""]",False,False
12296,lunasa_prismriver_(touhou),4,3451,"[""lunasa_prismriver_(touhou)""]",False,False
1631482,yamakaze_(kancolle),4,3430,"[""yamakaze_(kancolle)"", ""yamakaze_(kantai_collection)""]",False,False
1580066,suzuran_(arknights),4,4534,"[""suzuran_(arknights)""]",False,False
413396,giorno_giovanna_(jojo_no_kimyou_na_bouken),4,3555,"[""giorno_giovanna_(jojo_no_kimyou_na_bouken)""]",False,False
1316171,sakurauchi_riko_(love_live!),4,3811,"[""sakurauchi_riko_(love_live!)""]",False,False
1054766,chloe_von_einzbern_(fate),4,3748,"[""chloe_von_einzbern_(fate)"", ""kuro_(fate/kaleid_liner)""]",False,False
1499605,natsuiro_matsuri_(hololive),4,3702,"[""natsuiro_matsuri_(hololive)""]",False,False
1507493,maya_(kancolle),4,3376,"[""maya_(kancolle)"", ""maya_(kantai_collection)""]",False,False
421104,eila_ilmatar_juutilainen_(strike_witches),4,3326,"[""eila_ilmatar_juutilainen_(strike_witches)""]",False,False
1667136,ump45_(girls'_frontline),4,3586,"[""ump45_(girls'_frontline)"", ""ump45_(girls_frontline)""]",False,False
1599614,jean_(genshin_impact),4,3615,"[""jean_(genshin_impact)"", ""jean_gunnhildr"", ""jean_gunnhildr_(genshin_impact)""]",False,False
1644992,manhattan_cafe_(umamusume),4,5660,"[""manhattan_cafe_(umamusume)""]",False,False
12355,uzumaki_naruto_(naruto),4,3714,"[""uzumaki_naruto_(naruto)""]",False,False
1799218,trailblazer_(honkai:_star_rail),4,10489,"[""trailblazer_(honkai:_star_rail)""]",False,False
1292961,bakugou_katsuki_(boku_no_hero_academia),4,4060,"[""bakugou_katsuki_(boku_no_hero_academia)""]",False,False
713714,kay_(girls_und_panzer),4,3574,"[""kay_(girls_und_panzer)""]",False,False
1631984,ako_(blue_archive),4,4935,"[""ako_(blue_archive)"", ""amau_ako""]",False,False
1447551,florence_nightingale_(fate),4,3464,"[""florence_nightingale_(fate)"", ""florence_nightingale_(fate/grand_order)""]",False,False
407911,jonathan_joestar_(jojo_no_kimyou_na_bouken),4,3324,"[""jonathan_joestar_(jojo_no_kimyou_na_bouken)""]",False,False
1631030,i-58_(kancolle),4,3291,"[""i-58_(kancolle)"", ""i-58_(kantai_collection)"", ""gouya_(kantai_collection)""]",False,False
1805391,miorine_rembran_(gundam),4,5209,"[""miorine_rembran_(gundam)""]",False,False
1678980,sangonomiya_kokomi_(genshin_impact),4,3856,"[""sangonomiya_kokomi_(genshin_impact)"", ""kokomi_(genshin_impact)""]",False,False
1442947,ch'en_(arknights),4,3699,"[""ch'en_(arknights)""]",False,False
1317065,usami_sumireko_(touhou),4,3402,"[""usami_sumireko_(touhou)""]",False,False
724152,anastasia_(idolmaster),4,3292,"[""anastasia_(idolmaster)""]",False,False
1865359,rio_(blue_archive),4,6908,"[""rio_(blue_archive)"", ""tsukatsuki_rio""]",False,False
649985,kaburagi_t._kotetsu_(Tiger & Bunny),4,3233,"[""kaburagi_t._kotetsu_(Tiger & Bunny)"", ""kaburagi_t_kotetsu"", ""kotetsu_t_kaburagi""]",False,False
8553,yagami_hayate_(mahou_shoujo_lyrical_nanoha),4,3298,"[""yagami_hayate_(mahou_shoujo_lyrical_nanoha)"", ""hayate_yagami""]",False,False
539110,yuki_miku_(vocaloid),4,3540,"[""yuki_miku_(vocaloid)"", ""snow_miku""]",False,False
12107,kotomine_kirei_(fate),4,3293,"[""kotomine_kirei_(fate)""]",False,False
563892,kirito_(sword_art_online),4,3288,"[""kirito_(sword_art_online)"", ""kirigaya_kazuto""]",False,False
620175,mikasa_ackerman_(shingeki_no_kyojin),4,3575,"[""mikasa_ackerman_(shingeki_no_kyojin)""]",False,False
1782915,ijichi_nijika_(bocchi_the_rock!),4,5341,"[""ijichi_nijika_(bocchi_the_rock!)""]",False,False
1525541,gojou_satoru_(jujutsu_kaisen),4,4111,"[""gojou_satoru_(jujutsu_kaisen)""]",False,False
382076,hiiragi_tsukasa_(lucky_star),4,3335,"[""hiiragi_tsukasa_(lucky_star)""]",False,False
1468120,nakano_nino_(go-toubun_no_hanayome),4,3834,"[""nakano_nino_(go-toubun_no_hanayome)""]",False,False
1627605,kama_(fate),4,3590,"[""kama_(fate)"", ""kama_(fate/grand_order)""]",False,False
1325863,robin_(fire_emblem),4,3713,"[""robin_(fire_emblem)"", ""my_unit_(fire_emblem:_kakusei)"", ""reflet_(fire_emblem)"", ""avatar_(fire_emblem:_kakusei)""]",False,False
660098,futaba_anzu_(idolmaster_cinderella_girls),4,3525,"[""futaba_anzu_(idolmaster_cinderella_girls)""]",False,False
722007,katyusha_(girls_und_panzer),4,3312,"[""katyusha_(girls_und_panzer)"", ""katyusha""]",False,False
1342592,shimada_arisu_(girls_und_panzer),4,3344,"[""shimada_arisu_(girls_und_panzer)""]",False,False
649693,jack_the_ripper_(fate/apocrypha),4,3333,"[""jack_the_ripper_(fate/apocrypha)"", ""assassin_of_black""]",False,False
665397,koshimizu_sachiko_(idolmaster_cinderella_girls),4,3377,"[""koshimizu_sachiko_(idolmaster_cinderella_girls)""]",False,False
711691,motoori_kosuzu_(touhou),4,3418,"[""motoori_kosuzu_(touhou)""]",False,False
1442945,exusiai_(arknights),4,3551,"[""exusiai_(arknights)""]",False,False
1524970,reisalin_stout_(atelier),4,3717,"[""reisalin_stout_(atelier)"", ""ryza""]",False,False
437574,shirai_kuroko_(toaru_majutsu_no_index),4,3418,"[""shirai_kuroko_(toaru_majutsu_no_index)""]",False,False
1295748,mercy_(overwatch),4,3223,"[""mercy_(overwatch)"", ""dr._angela_ziegler"", ""angela_ziegler""]",False,False
13543,hyuuga_hinata_(naruto),4,3486,"[""hyuuga_hinata_(naruto)""]",False,False
1594094,pecorine_(princess_connect!),4,3307,"[""pecorine_(princess_connect!)"", ""pecorine""]",False,False
1645002,nice_nature_(umamusume),4,3723,"[""nice_nature_(umamusume)""]",False,False
1544892,raihan_(pokemon),4,3353,"[""raihan_(pokemon)"", ""kibana_(pokemon)""]",False,False
1478507,iskandar_(fate),4,3251,"[""iskandar_(fate)"", ""rider_(fate/zero)""]",False,False
1275713,akigumo_(kancolle),4,3273,"[""akigumo_(kancolle)"", ""akigumo_(kantai_collection)""]",False,False
1337035,leon_(pokemon),4,3377,"[""leon_(pokemon)"", ""dande_(pokemon)"", ""leon_(pokemon_swsh)""]",False,False
1441167,ayanami_(azur_lane),4,3212,"[""ayanami_(azur_lane)""]",False,False
419123,shirogane_naoto_(persona),4,3222,"[""shirogane_naoto_(persona)""]",False,False
1792624,kafka_(honkai:_star_rail),4,5910,"[""kafka_(honkai:_star_rail)""]",False,False
1599722,aru_(blue_archive),4,5369,"[""aru_(blue_archive)"", ""rikuhachima_aru""]",False,False
527774,monkey_d._luffy_(One Piece),4,5048,"[""monkey_d._luffy_(One Piece)"", ""monkey_d_luffy""]",False,False
11349,ryuuguu_rena_(higurashi_no_naku_koro_ni),4,3329,"[""ryuuguu_rena_(higurashi_no_naku_koro_ni)"", ""ryuugu_rena""]",False,False
1240694,ruby_rose_(rwby),4,3293,"[""ruby_rose_(rwby)"", ""ruby_(rwby)""]",False,False
1333466,emilia_(re:zero),4,3616,"[""emilia_(re:zero)""]",False,False
403357,nia_teppelin_(tengen_toppa_gurren_lagann),4,3112,"[""nia_teppelin_(tengen_toppa_gurren_lagann)""]",False,False
1631514,z1_leberecht_maass_(kancolle),4,3135,"[""z1_leberecht_maass_(kancolle)"", ""z1_leberecht_maass_(kantai_collection)""]",False,False
1566117,kal'tsit_(arknights),4,3962,"[""kal'tsit_(arknights)""]",False,False
12514,shiranui_mai_(fatal_fury),4,4113,"[""shiranui_mai_(fatal_fury)""]",False,False
1628204,momoi_(blue_archive),4,4856,"[""momoi_(blue_archive)"", ""saiba_momoi""]",False,False
1462591,narmaya_(granblue_fantasy),4,3360,"[""narmaya_(granblue_fantasy)"", ""narumeia_(granblue_fantasy)""]",False,False
8956,star_sapphire_(touhou),4,3331,"[""star_sapphire_(touhou)"", ""starlight_starsapphire""]",False,False
1276066,hoto_cocoa_(gochuumon_wa_usagi_desu_ka?),4,3166,"[""hoto_cocoa_(gochuumon_wa_usagi_desu_ka?)""]",False,False
1417248,common_raccoon_(kemono_friends),4,3216,"[""common_raccoon_(kemono_friends)"", ""raccoon_(kemono_friends)""]",False,False
682208,bridget_(guilty_gear),4,3511,"[""bridget_(guilty_gear)""]",False,False
1452972,yorigami_shion_(touhou),4,3413,"[""yorigami_shion_(touhou)""]",False,False
1631389,taihou_(kancolle),4,3100,"[""taihou_(kancolle)"", ""taihou_(kantai_collection)""]",False,False
1768637,miyu_(blue_archive),4,4210,"[""miyu_(blue_archive)"", ""kasumizawa_miyu""]",False,False
398775,sheryl_nome_(macross),4,3052,"[""sheryl_nome_(macross)"", ""sheryl_noam""]",False,False
375279,waver_velvet_(fate),4,3123,"[""waver_velvet_(fate)""]",False,False
1919321,plana_(blue_archive),4,5020,"[""plana_(blue_archive)"", ""a.r.o.n.a_(blue_archive)""]",False,False
1283598,bronya_zaychik_(honkai_impact),4,3782,"[""bronya_zaychik_(honkai_impact)""]",False,False
1685269,ceres_fauna_(hololive),4,4768,"[""ceres_fauna_(hololive)""]",False,False
1595577,surtr_(arknights),4,3564,"[""surtr_(arknights)""]",False,False
411462,aisaka_taiga_(toradora!),4,3216,"[""aisaka_taiga_(toradora!)""]",False,False
407910,higashikata_josuke_(jojo_no_kimyou_na_bouken),4,3097,"[""higashikata_josuke_(jojo_no_kimyou_na_bouken)"", ""higashikata_jousuke""]",False,False
1443053,nakano_miku_(go-toubun_no_hanayome),4,3546,"[""nakano_miku_(go-toubun_no_hanayome)""]",False,False
9077,miura_azusa_(idolmaster),4,3115,"[""miura_azusa_(idolmaster)""]",False,False
1631516,z3_max_schultz_(kancolle),4,3096,"[""z3_max_schultz_(kancolle)"", ""z3_max_schultz_(kantai_collection)""]",False,False
1886276,corrin_(female)_(fire_emblem),4,3482,"[""corrin_(female)_(fire_emblem)"", ""corrin_(fire_emblem)_(female)"", ""female_my_unit_(fire_emblem_if)""]",False,False
1316036,takami_chika_(love_live!),4,3507,"[""takami_chika_(love_live!)""]",False,False
721694,tatsumaki_(one_punch_man),4,3654,"[""tatsumaki_(one_punch_man)"", ""terrible_tornado""]",False,False
1630673,fusou_(kancolle),4,3028,"[""fusou_(kancolle)"", ""fusou_(kantai_collection)""]",False,False
1631134,kuma_(kancolle),4,3045,"[""kuma_(kancolle)"", ""kuma_(kantai_collection)""]",False,False
1852825,iono_(pokemon),4,4130,"[""iono_(pokemon)""]",False,False
1631474,warspite_(kancolle),4,3061,"[""warspite_(kancolle)"", ""warspite_(kantai_collection)""]",False,False
663996,jougasaki_rika_(idolmaster_cinderella_girls),4,3164,"[""jougasaki_rika_(idolmaster_cinderella_girls)""]",False,False
1448715,kizuna_akari_(vocaloid),4,3510,"[""kizuna_akari_(vocaloid)""]",False,False
1593453,fern_(sousou_no_frieren),4,5703,"[""fern_(sousou_no_frieren)""]",False,False
1622307,hasumi_(blue_archive),4,4011,"[""hasumi_(blue_archive)"", ""hanekawa_hasumi""]",False,False
1435236,oda_nobunaga_(fate),4,3442,"[""oda_nobunaga_(fate)"", ""oda_nobunaga_(fate)_(all)""]",False,False
700406,reizei_mako_(girls_und_panzer),4,3051,"[""reizei_mako_(girls_und_panzer)""]",False,False
16122,nico_robin_(one_piece),4,4425,"[""nico_robin_(one_piece)""]",False,False
1630489,aoba_(kancolle),4,3026,"[""aoba_(kancolle)"", ""aoba_(kantai_collection)""]",False,False
1675937,kaedehara_kazuha_(genshin_impact),4,3759,"[""kaedehara_kazuha_(genshin_impact)"", ""kazuha_(genshin_impact)""]",False,False
9074,hagiwara_yukiho_(idolmaster),4,3047,"[""hagiwara_yukiho_(idolmaster)""]",False,False
1275726,oboro_(kancolle),4,3114,"[""oboro_(kancolle)"", ""oboro_(kantai_collection)""]",False,False
1431828,elizabeth_bathory_(fate),4,3009,"[""elizabeth_bathory_(fate)"", ""elizabeth_bathory_(fate)_(all)"", ""lancer_(fate/extra_ccc)""]",False,False
1629409,artoria_pendragon_(lancer)_(fate),4,3168,"[""artoria_pendragon_(lancer)_(fate)"", ""artoria_pendragon_(lancer)""]",False,False
761961,weiss_schnee_(rwby),4,3131,"[""weiss_schnee_(rwby)""]",False,False
8955,luna_child_(touhou),4,3084,"[""luna_child_(touhou)"", ""moonlight_lunarchild""]",False,False
664492,maekawa_miku_(idolmaster_cinderella_girls),4,3006,"[""maekawa_miku_(idolmaster_cinderella_girls)""]",False,False
1515525,mayuzumi_fuyuko_(idolmaster_cinderella_girls),4,3396,"[""mayuzumi_fuyuko_(idolmaster_cinderella_girls)""]",False,False
1631023,i-401_(kancolle),4,3009,"[""i-401_(kancolle)"", ""i-401_(kantai_collection)"", ""shioi_(kantai_collection)""]",False,False
1682833,satono_diamond_(umamusume),4,3628,"[""satono_diamond_(umamusume)"", ""satono_diamond""]",False,False
508752,pyonta_(touhou),4,3095,"[""pyonta_(touhou)""]",False,False
1380244,kumano_(kancolle),4,3004,"[""kumano_(kancolle)"", ""kumano_(kantai_collection)""]",False,False
1593304,don-chan_(usada_pekora),4,3317,"[""don-chan_(usada_pekora)""]",False,False
1530284,bea_(pokemon),4,3104,"[""bea_(pokemon)"", ""saitou_(pokemon)""]",False,False
1933159,shirakami_fubuki_(1st_costume),4,3631,"[""shirakami_fubuki_(1st_costume)""]",False,False
344358,roronoa_zoro_(one_piece),4,4230,"[""roronoa_zoro_(one_piece)""]",False,False
476837,holo_(spice_and_wolf),4,3383,"[""holo_(spice_and_wolf)"", ""horo""]",False,False
1262414,izumi_sagiri_(eromanga_sensei),4,2905,"[""izumi_sagiri_(eromanga_sensei)""]",False,False
406263,satonaka_chie_(persona),4,2989,"[""satonaka_chie_(persona)""]",False,False
1526515,nessa_(pokemon),4,3208,"[""nessa_(pokemon)"", ""rurina_(pokemon)""]",False,False
2075923,octoling_player_character_(splatoon),4,4657,"[""octoling_player_character_(splatoon)"", ""octoling""]",False,False
1440018,illustrious_(azur_lane),4,3043,"[""illustrious_(azur_lane)""]",False,False
1435235,nitocris_(fate),4,3137,"[""nitocris_(fate)"", ""nitocris_(fate/grand_order)""]",False,False
1271044,raiden_mei_(honkai_impact),4,4051,"[""raiden_mei_(honkai_impact)""]",False,False
758462,kirigiri_kyoko_(danganronpa),4,3665,"[""kirigiri_kyoko_(danganronpa)"", ""kirigiri_kyouko""]",False,False
1405055,fennec_(kemono_friends),4,2978,"[""fennec_(kemono_friends)""]",False,False
466393,lelouch_vi_britannia_(code_geass),4,2948,"[""lelouch_vi_britannia_(code_geass)"", ""lelouch_lamperouge"", ""lelouch""]",False,False
1429424,tokitsukaze_(kancolle),4,3007,"[""tokitsukaze_(kancolle)"", ""tokitsukaze_(kantai_collection)""]",False,False
8954,sunny_milk_(touhou),4,3009,"[""sunny_milk_(touhou)"", ""sunlight_sunnymilk""]",False,False
1602944,mudrock_(arknights),4,3369,"[""mudrock_(arknights)""]",False,False
1631239,non-human_admiral_(kancolle),4,2814,"[""non-human_admiral_(kancolle)"", ""non-human_admiral_(kantai_collection)""]",False,False
512930,alice_(alice_in_wonderland),4,3167,"[""alice_(alice_in_wonderland)"", ""alice_(wonderland)""]",False,False
626945,shokuhou_misaki_(toaru_majutsu_no_index),4,3287,"[""shokuhou_misaki_(toaru_majutsu_no_index)""]",False,False
1631303,satsuki_(kancolle),4,2892,"[""satsuki_(kancolle)"", ""satsuki_(kantai_collection)""]",False,False
1246772,mankanshoku_mako_(kill_la_kill),4,2895,"[""mankanshoku_mako_(kill_la_kill)""]",False,False
1627620,kiyohime_(fate),4,2981,"[""kiyohime_(fate)"", ""kiyohime_(fate/grand_order)""]",False,False
401823,sonic_the_hedgehog_(sonic_the_hedgehog),4,4031,"[""sonic_the_hedgehog_(sonic_the_hedgehog)"", ""sonic""]",False,False
660394,midorikawa_nao_(idolmaster_cinderella_girls),4,2839,"[""midorikawa_nao_(idolmaster_cinderella_girls)""]",False,False
539789,beatrice_(umineko),4,2870,"[""beatrice_(umineko)""]",False,False
1664919,yoimiya_(genshin_impact),4,3336,"[""yoimiya_(genshin_impact)"", ""naganohara_yoimiya""]",False,False
1631194,mogami_(kancolle),4,2881,"[""mogami_(kancolle)"", ""mogami_(kantai_collection)""]",False,False
1275732,uzuki_(kancolle),4,2881,"[""uzuki_(kancolle)"", ""uzuki_(kantai_collection)""]",False,False
1361608,boko_(girls_und_panzer),4,2884,"[""boko_(girls_und_panzer)""]",False,False
1631010,hyuuga_(kancolle),4,2812,"[""hyuuga_(kancolle)"", ""hyuuga_(kantai_collection)""]",False,False
1630519,ashigara_(kancolle),4,2895,"[""ashigara_(kancolle)"", ""ashigara_(kantai_collection)""]",False,False
378867,dark_magician_girl_(yu-gi-oh!),4,3269,"[""dark_magician_girl_(yu-gi-oh!)"", ""black_magician_girl""]",False,False
1403841,yoshida_yuuko_(machikado_mazoku),4,3075,"[""yoshida_yuuko_(machikado_mazoku)"", ""shamiko""]",False,False
1533761,amber_(genshin_impact),4,3021,"[""amber_(genshin_impact)""]",False,False
9076,akizuki_ritsuko_(idolmaster),4,2859,"[""akizuki_ritsuko_(idolmaster)""]",False,False
660393,kise_yayoi_(idolmaster_cinderella_girls),4,2790,"[""kise_yayoi_(idolmaster_cinderella_girls)""]",False,False
527779,han_juri_(street_fighter),4,3363,"[""han_juri_(street_fighter)"", ""juri_han""]",False,False
510605,makise_kurisu_(steins_gate),4,3117,"[""makise_kurisu_(steins_gate)"", ""christina_(steins;gate)""]",False,False
603070,charlotte_(madoka_magica),4,2864,"[""charlotte_(madoka_magica)""]",False,False
1055516,akari_(pokemon),4,3188,"[""akari_(pokemon)"", ""shou_(pokemon)"", ""akari_(pokemon_legends:_arceus)"", ""female_protagonist_(pokemon_legends:_arceus)""]",False,False
1387675,kamado_nezuko_(kimetsu_no_yaiba),4,2961,"[""kamado_nezuko_(kimetsu_no_yaiba)""]",False,False
1682831,kitasan_black_(umamusume),4,3380,"[""kitasan_black_(umamusume)""]",False,False
1452342,amamiya_ren_(persona),4,3525,"[""amamiya_ren_(persona)"", ""joker_(persona_5)"", ""protagonist_(persona_5)"", ""kurusu_akira""]",False,False
1465315,tomoe_gozen_(fate),4,2835,"[""tomoe_gozen_(fate)"", ""tomoe_gozen_(fate/grand_order)""]",False,False
1631081,kagerou_(kancolle),4,2833,"[""kagerou_(kancolle)"", ""kagerou_(kantai_collection)""]",False,False
1845992,noa_(blue_archive),4,4743,"[""noa_(blue_archive)"", ""ushio_noa""]",False,False
1631452,urakaze_(kancolle),4,2829,"[""urakaze_(kancolle)"", ""urakaze_(kantai_collection)""]",False,False
1628203,midori_(blue_archive),4,4160,"[""midori_(blue_archive)"", ""saiba_midori""]",False,False
1275731,shiratsuyu_(kancolle),4,2843,"[""shiratsuyu_(kancolle)"", ""shiratsuyu_(kantai_collection)""]",False,False
1631126,kiyoshimo_(kancolle),4,2802,"[""kiyoshimo_(kancolle)"", ""kiyoshimo_(kantai_collection)""]",False,False
1682871,kazusa_(blue_archive),4,6461,"[""kazusa_(blue_archive)"", ""kyouyama_kazusa""]",False,False
12405,nagisa_kaworu_(neon_genesis_evangelion),4,3087,"[""nagisa_kaworu_(neon_genesis_evangelion)"", ""tabris_(evangelion)""]",False,False
1762231,kirima_syaro_(gochuumon_wa_usagi_desu_ka?),4,2839,"[""kirima_syaro_(gochuumon_wa_usagi_desu_ka?)"", ""kirima_sharo""]",False,False
466559,kouzuki_kallen_(code_geass),4,2873,"[""kouzuki_kallen_(code_geass)"", ""kallen_stadtfeld"", ""kouzuki_karen"", ""kallen""]",False,False
707204,dizzy_(guilty_gear),4,3081,"[""dizzy_(guilty_gear)""]",False,False
1337527,mika_(girls_und_panzer),4,2882,"[""mika_(girls_und_panzer)""]",False,False
1964868,yamada_ryo_(bocchi_the_rock!),4,4587,"[""yamada_ryo_(bocchi_the_rock!)"", ""yamada_ryou""]",False,False
1631066,jintsuu_(kancolle),4,2766,"[""jintsuu_(kancolle)"", ""jintsuu_(kantai_collection)""]",False,False
473279,unzan_(touhou),4,2734,"[""unzan_(touhou)""]",False,False
601487,enoshima_junko_(danganronpa),4,3451,"[""enoshima_junko_(danganronpa)""]",False,False
471219,kousaka_kirino_(oreimo),4,2744,"[""kousaka_kirino_(oreimo)""]",False,False
1672736,twilight_(spy_x_family),4,3216,"[""twilight_(spy_x_family)"", ""loid_forger""]",False,False
11053,houjou_satoko_(higurashi_no_naku_koro_ni),4,2853,"[""houjou_satoko_(higurashi_no_naku_koro_ni)""]",False,False
700933,hayami_kanade_(idolmaster_cinderella_girls),4,2826,"[""hayami_kanade_(idolmaster_cinderella_girls)""]",False,False
1385142,isokaze_(kancolle),4,2710,"[""isokaze_(kancolle)"", ""isokaze_(kantai_collection)""]",False,False
1602206,qiqi_(genshin_impact),4,2905,"[""qiqi_(genshin_impact)"", ""qiqi"", ""nana_(genshin_impact)""]",False,False
1333601,ram_(re:zero),4,2859,"[""ram_(re:zero)""]",False,False
1631447,unryuu_(kancolle),4,2712,"[""unryuu_(kancolle)"", ""unryuu_(kantai_collection)""]",False,False
1236625,eren_yeager_(shingeki_no_kyojin),4,3026,"[""eren_yeager_(shingeki_no_kyojin)"", ""eren_jaeger""]",False,False
1318502,callie_(splatoon),4,3569,"[""callie_(splatoon)"", ""aori_(splatoon)""]",False,False
1630524,atlanta_(kancolle),4,2942,"[""atlanta_(kancolle)"", ""atlanta_(kantai_collection)""]",False,False
1540881,w_(arknights),4,3461,"[""w_(arknights)""]",False,False
1275717,hatsuyuki_(kancolle),4,2716,"[""hatsuyuki_(kancolle)"", ""hatsuyuki_(kantai_collection)""]",False,False
1670936,accelerator_(toaru_majutsu_no_index),4,2680,"[""accelerator_(toaru_majutsu_no_index)"", ""accelerator""]",False,False
1596241,diluc_(genshin_impact),4,3192,"[""diluc_(genshin_impact)"", ""diluc_ragnvindr""]",False,False
1799501,karin_(bunny)_(blue_archive),4,3169,"[""karin_(bunny)_(blue_archive)"", ""kakudate_karin_(bunny)"", ""karin_(bunny_girl)_(blue_archive)""]",False,False
438339,rotom_(pokemon),4,3293,"[""rotom_(pokemon)""]",False,False
12094,arcueid_brunestud_(tsukihime),4,3286,"[""arcueid_brunestud_(tsukihime)"", ""arcueid""]",False,False
499269,miyu_edelfelt_(fate),4,2899,"[""miyu_edelfelt_(fate)""]",False,False
1667138,wa2000_(girls'_frontline),4,2792,"[""wa2000_(girls'_frontline)"", ""wa2000_(girls_frontline)""]",False,False
414822,miyafuji_yoshika_(strike_witches),4,2654,"[""miyafuji_yoshika_(strike_witches)""]",False,False
1646757,special_week_(umamusume),4,3304,"[""special_week_(umamusume)"", ""special_week""]",False,False
1193071,yuuki_makoto_(persona_3),4,3725,"[""yuuki_makoto_(persona_3)"", ""yuuki_makoto"", ""arisato_minato"", ""protagonist_(persona3)"", ""protagonist_(persona_3)""]",False,False
658637,chitanda_eru_(hyouka),4,2667,"[""chitanda_eru_(hyouka)""]",False,False
1398811,kanna_kamui_(kobayashi-san_chi_no_maid_dragon),4,2838,"[""kanna_kamui_(kobayashi-san_chi_no_maid_dragon)""]",False,False
1631385,taigei_(kancolle),4,2598,"[""taigei_(kancolle)"", ""taigei_(kantai_collection)""]",False,False
1631174,michishio_(kancolle),4,2646,"[""michishio_(kancolle)"", ""michishio_(kantai_collection)""]",False,False
12112,emiya_kiritsugu_(fate),4,2713,"[""emiya_kiritsugu_(fate)""]",False,False
1378260,lana_(pokemon),4,2805,"[""lana_(pokemon)"", ""suiren_(pokemon)""]",False,False
414823,erica_hartmann_(strike_witches),4,2610,"[""erica_hartmann_(strike_witches)""]",False,False
1452975,yorigami_jo'on_(touhou),4,2875,"[""yorigami_jo'on_(touhou)""]",False,False
1631299,saratoga_(kancolle),4,2676,"[""saratoga_(kancolle)"", ""saratoga_(kantai_collection)""]",False,False
1464778,nakano_yotsuba_(go-toubun_no_hanayome),4,3148,"[""nakano_yotsuba_(go-toubun_no_hanayome)""]",False,False
1630472,akitsu_maru_(kancolle),4,2590,"[""akitsu_maru_(kancolle)"", ""akitsu_maru_(kantai_collection)""]",False,False
1806092,shiroko_(swimsuit)_(blue_archive),4,3192,"[""shiroko_(swimsuit)_(blue_archive)"", ""sunaookami_shiroko_(swimsuit)""]",False,False
438007,kamijou_touma_(toaru_majutsu_no_index),4,2653,"[""kamijou_touma_(toaru_majutsu_no_index)"", ""kamijo_touma""]",False,False
1596439,mutsuki_(blue_archive),4,4147,"[""mutsuki_(blue_archive)"", ""asagi_mutsuki""]",False,False
717140,hishikawa_rikka_(chuunibyou),4,2550,"[""hishikawa_rikka_(chuunibyou)""]",False,False
1366306,rowlet_(pokemon),4,2927,"[""rowlet_(pokemon)""]",False,False
1467675,symboli_rudolf_(umamusume),4,3228,"[""symboli_rudolf_(umamusume)""]",False,False
1440130,laffey_(azur_lane),4,2653,"[""laffey_(azur_lane)""]",False,False
670005,yukine_chris_(senki_zesshou_symphogear),4,2703,"[""yukine_chris_(senki_zesshou_symphogear)""]",False,False
12297,merlin_prismriver_(touhou),4,2588,"[""merlin_prismriver_(touhou)""]",False,False
1630723,hatsuzuki_(kancolle),4,2656,"[""hatsuzuki_(kancolle)"", ""hatsuzuki_(kantai_collection)""]",False,False
12564,uchiha_sasuke_(naruto),4,2915,"[""uchiha_sasuke_(naruto)""]",False,False
1318503,marie_(splatoon),4,3343,"[""marie_(splatoon)"", ""hotaru_(splatoon)""]",False,False
1481047,akai_haato_(hololive),4,2650,"[""akai_haato_(hololive)"", ""haachama""]",False,False
1702683,diarmuid_ua_duibhne_(lancer)_(fate),4,2432,"[""diarmuid_ua_duibhne_(lancer)_(fate)"", ""lancer_(fate/zero)""]",False,False
439625,kaenbyou_rin_(cat),4,2661,"[""kaenbyou_rin_(cat)""]",False,False
10284,asakura_ryouko_(suzumiya_haruhi),4,0,"[""asakura_ryouko_(suzumiya_haruhi)"", ""/ar"", ""asakura_ryoko""]",False,False
1631478,yahagi_(kancolle),4,2611,"[""yahagi_(kancolle)"", ""yahagi_(kantai_collection)""]",False,False
1449263,nia_(xenoblade),4,2963,"[""nia_(xenoblade)"", ""niyah""]",False,False
1627610,katsushika_hokusai_(fate),4,2701,"[""katsushika_hokusai_(fate)"", ""katsushika_hokusai_(fate/grand_order)""]",False,False
1589924,simon_(ttgl),4,2490,"[""simon_(ttgl)""]",False,False
554006,tachibana_kanade_(angel_beats!),4,2523,"[""tachibana_kanade_(angel_beats!)"", ""tenshi_(angel_beats!)"", ""angel_(angel_beats!)"", ""tenshi_(angel_beats)""]",False,False
4587,shana_(shakugan_no_shana),4,2517,"[""shana_(shakugan_no_shana)""]",False,False
9081,futami_mami_(idolmaster),4,2542,"[""futami_mami_(idolmaster)""]",False,False
482064,makinami_mari_illustrious_(neon_genesis_evangelion),4,2562,"[""makinami_mari_illustrious_(neon_genesis_evangelion)"", ""mari_(evangelion)""]",False,False
660390,aoki_reika_(idolmaster_cinderella_girls),4,2533,"[""aoki_reika_(idolmaster_cinderella_girls)""]",False,False
1630708,harusame_(kancolle),4,2633,"[""harusame_(kancolle)"", ""harusame_(kantai_collection)""]",False,False
1432467,morgan_le_fay_(fate),4,3663,"[""morgan_le_fay_(fate)""]",False,False
1440202,enterprise_(azur_lane),4,2548,"[""enterprise_(azur_lane)""]",False,False
557446,ethan_(pokemon),4,3036,"[""ethan_(pokemon)"", ""hibiki_(pokemon)"", ""gold_(pokemon)""]",False,False
420872,gertrud_barkhorn_(strike_witches),4,2483,"[""gertrud_barkhorn_(strike_witches)""]",False,False
1598223,kayoko_(blue_archive),4,5895,"[""kayoko_(blue_archive)"", ""onikata_kayoko""]",False,False
1440020,takao_(azur_lane),4,2521,"[""takao_(azur_lane)""]",False,False
1701171,march_7th_(honkai:_star_rail),4,4974,"[""march_7th_(honkai:_star_rail)""]",False,False
1399517,tippy_(gochiusa),4,2527,"[""tippy_(gochiusa)""]",False,False
12298,lyrica_prismriver_(touhou),4,2527,"[""lyrica_prismriver_(touhou)""]",False,False
1279297,yura_(kancolle),4,2511,"[""yura_(kancolle)"", ""yura_(kantai_collection)""]",False,False
1719005,hakui_koyori_(hololive),4,3374,"[""hakui_koyori_(hololive)""]",False,False
1758613,ui_(blue_archive),4,3540,"[""ui_(blue_archive)"", ""kozeki_ui""]",False,False
1250855,hex_maniac_(pokemon),4,2808,"[""hex_maniac_(pokemon)"", ""occult_maniac_(pokemon)""]",False,False
394317,rosalina_(super_mario),4,3030,"[""rosalina_(super_mario)"", ""rosetta_(mario)"", ""rosalina_(mario)"", ""princess_rosalina""]",False,False
394054,louise_francoise_le_blanc_de_la_valliere_(zero_no_tsukaima),4,2425,"[""louise_francoise_le_blanc_de_la_valliere_(zero_no_tsukaima)"", ""louise_francoise"", ""/lv""]",False,False
1674212,irys_(hololive),4,3498,"[""irys_(hololive)""]",False,False
1341257,toga_himiko_(boku_no_hero_academia),4,2881,"[""toga_himiko_(boku_no_hero_academia)""]",False,False
1459161,tsukino_mito_(2.5_jigen_no_rikyuu),4,3253,"[""tsukino_mito_(2.5_jigen_no_rikyuu)""]",False,False
1933166,ninomae_ina'nis_(hololive),4,2760,"[""ninomae_ina'nis_(hololive)""]",False,False
1933165,watson_amelia_(1st_costume),4,2976,"[""watson_amelia_(1st_costume)""]",False,False
573907,blue_oak_(pokemon),4,2768,"[""blue_oak_(pokemon)"", ""green_oak"", ""ookido_green""]",False,False
1634527,arima_kana_(oshi_no_bushi),4,3008,"[""arima_kana_(oshi_no_bushi)""]",False,False
1525544,itadori_yuuji_(jujutsu_kaisen),4,3081,"[""itadori_yuuji_(jujutsu_kaisen)""]",False,False
1932888,yuuka_(track)_(blue_archive),4,3184,"[""yuuka_(track)_(blue_archive)"", ""hayase_yuuka_(track)"", ""yuuka_(gym_uniform)_(blue_archive)""]",False,False
1620953,hifumi_(blue_archive),4,3388,"[""hifumi_(blue_archive)"", ""ajitani_hifumi""]",False,False
1311294,gran_(granblue_fantasy),4,2608,"[""gran_(granblue_fantasy)""]",False,False
1447375,tamamo_cat_(fate),4,2484,"[""tamamo_cat_(fate)"", ""tamamo_cat_(fate/grand_order)""]",False,False
700404,isuzu_hana_(girls_und_panzer),4,2421,"[""isuzu_hana_(girls_und_panzer)""]",False,False
1432299,matara_okina_(touhou),4,2688,"[""matara_okina_(touhou)""]",False,False
1817174,inkling_boy_(splatoon),4,3159,"[""inkling_boy_(splatoon)""]",False,False
1630695,haguro_(kancolle),4,2445,"[""haguro_(kancolle)"", ""haguro_(kantai_collection)""]",False,False
1255756,t-head_admiral_(Azur_Lane),4,2409,"[""t-head_admiral_(Azur_Lane)""]",False,False
1544632,mostima_(arknights),4,2666,"[""mostima_(arknights)""]",False,False
1631206,mutsuki_(kancolle),4,2426,"[""mutsuki_(kancolle)"", ""mutsuki_(kantai_collection)""]",False,False
1440110,akagi_(azur_lane),4,2450,"[""akagi_(azur_lane)""]",False,False
436994,sakurai_momoka_(idolmaster_cinderella_girls),4,2756,"[""sakurai_momoka_(idolmaster_cinderella_girls)""]",False,False
409162,senjougahara_hitagi_(bakemonogatari),4,2679,"[""senjougahara_hitagi_(bakemonogatari)""]",False,False
454513,hanekawa_tsubasa_(bakemonogatari),4,2507,"[""hanekawa_tsubasa_(bakemonogatari)""]",False,False
395970,ranka_lee_(macross),4,2353,"[""ranka_lee_(macross)""]",False,False
1483850,napoleon_bonaparte_(fate),4,2339,"[""napoleon_bonaparte_(fate)"", ""napoleon_bonaparte_(fate/grand_order)""]",False,False
549180,kashiwazaki_sena_(boku_wa_tomodachi_ga_sukunai),4,2354,"[""kashiwazaki_sena_(boku_wa_tomodachi_ga_sukunai)""]",False,False
1267920,re-class_battleship_(Kancolle),4,2313,"[""re-class_battleship_(Kancolle)""]",False,False
1549045,tsunomaki_watame_(hololive),4,2770,"[""tsunomaki_watame_(hololive)""]",False,False
1631440,u-511_(kancolle),4,2322,"[""u-511_(kancolle)"", ""u-511_(kantai_collection)""]",False,False
385134,ushiromiya_battler_(umineko_no_naku_koro_ni),4,2310,"[""ushiromiya_battler_(umineko_no_naku_koro_ni)""]",False,False
615289,hilbert_(pokemon),4,2664,"[""hilbert_(pokemon)"", ""black_(pokemon)"", ""touya_(pokemon)"", ""male_protagonist_(pokemon_b&w)""]",False,False
1814848,takodachi_(ninomae_ina'nis),4,2936,"[""takodachi_(ninomae_ina'nis)"", ""tako_(ninomae_ina'nis)""]",False,False
1257126,p-head_producer_(idolmaster),4,2687,"[""p-head_producer_(idolmaster)""]",False,False
99,shinku_(rozen_maiden),4,2382,"[""shinku_(rozen_maiden)""]",False,False
772426,ohtsuki_yui_(idolmaster_cinderella_girls),4,2545,"[""ohtsuki_yui_(idolmaster_cinderella_girls)"", ""ootsuki_yui""]",False,False
1287911,hino_akane_(smile_precure!),4,2325,"[""hino_akane_(smile_precure!)"", ""hino_akane_(precure)""]",False,False
1624414,neru_(blue_archive),4,3435,"[""neru_(blue_archive)"", ""mikamo_neru""]",False,False
1234829,yang_xiao_long_(rwby),4,2570,"[""yang_xiao_long_(rwby)""]",False,False
1316167,kurosawa_dia_(love_live!),4,2630,"[""kurosawa_dia_(love_live!)""]",False,False
1316169,matsuura_kanan_(love_live!),4,2757,"[""matsuura_kanan_(love_live!)"", ""matsuura_kana""]",False,False
386434,piplup_(pokemon),4,2676,"[""piplup_(pokemon)""]",False,False
1630477,akizuki_(kancolle),4,2361,"[""akizuki_(kancolle)"", ""akizuki_(kantai_collection)""]",False,False
403861,kyonko_(suzumiya_haruhi),4,2347,"[""kyonko_(suzumiya_haruhi)""]",False,False
1586177,omaru_polka_(hololive),4,2870,"[""omaru_polka_(hololive)""]",False,False
1667140,ump9_(girls'_frontline),4,2432,"[""ump9_(girls'_frontline)"", ""ump9_(girls_frontline)""]",False,False
1765430,jeanne_d'arc_alter_(swimsuit_berserker)_(fate),4,2521,"[""jeanne_d'arc_alter_(swimsuit_berserker)_(fate)"", ""jeanne_d'arc_(alter_swimsuit_berserker)_(fate)"", ""jeanne_d'arc_(alter_swimsuit_berserker)""]",False,False
1931043,stelle_(honkai:_star_rail),4,7138,"[""stelle_(honkai:_star_rail)"", ""female_trailblazer_(honkai:_star_rail)"", ""trailblazer_(honkai:_star_rail)_(female)""]",False,False
1384409,akamatsu_kaede_(danganronpa),4,3721,"[""akamatsu_kaede_(danganronpa)""]",False,False
1631032,i-8_(kancolle),4,2281,"[""i-8_(kancolle)"", ""i-8_(kantai_collection)"", ""hachi_(kantai_collection)""]",False,False
1440070,kaga_(azur_lane),4,2379,"[""kaga_(azur_lane)""]",False,False
1630210,abukuma_(kancolle),4,2277,"[""abukuma_(kancolle)"", ""abukuma_(kantai_collection)""]",False,False
615600,toshinou_kyouko_(yuru_yuri),4,2292,"[""toshinou_kyouko_(yuru_yuri)"", ""tashinou_kyouko""]",False,False
1631433,tone_(kancolle),4,2274,"[""tone_(kancolle)"", ""tone_(kantai_collection)""]",False,False
1402355,kagari_atsuko_(little_witch_academia),4,2379,"[""kagari_atsuko_(little_witch_academia)"", ""akko_kagari""]",False,False
1631333,shikinami_(kancolle),4,2369,"[""shikinami_(kancolle)"", ""shikinami_(kantai_collection)""]",False,False
445847,charizard_(pokemon),4,2709,"[""charizard_(pokemon)""]",False,False
1860581,wanderer_(genshin_impact),4,7051,"[""wanderer_(genshin_impact)"", ""scaramouche_(wanderer)_(genshin_impact)""]",False,False
1250847,junketsu_(kill_la_kill),4,2392,"[""junketsu_(kill_la_kill)""]",False,False
598066,houjou_hibiki_(senki_zesshou_symphogear),4,2243,"[""houjou_hibiki_(senki_zesshou_symphogear)""]",False,False
1623528,dodoco_(genshin_impact),4,2419,"[""dodoco_(genshin_impact)""]",False,False
1252196,akuma_homura_(mahou_shoujo_madoka_magica),4,2429,"[""akuma_homura_(mahou_shoujo_madoka_magica)""]",False,False
1933160,inugami_korone_(1st_costume),4,2562,"[""inugami_korone_(1st_costume)""]",False,False
1719006,kazama_iroha_(hololive),4,3099,"[""kazama_iroha_(hololive)""]",False,False
4906,lum_(urusei_yatsura),4,2648,"[""lum_(urusei_yatsura)""]",False,False
1789597,asakura_toru_(idolmaster),4,2643,"[""asakura_toru_(idolmaster)"", ""asakura_tooru""]",False,False
1933144,sakamata_chloe_(1st_costume),4,2632,"[""sakamata_chloe_(1st_costume)""]",False,False
9080,futami_ami_(idolmaster),4,2284,"[""futami_ami_(idolmaster)""]",False,False
666034,akagi_miria_(idolmaster_cinderella_girls),4,2444,"[""akagi_miria_(idolmaster_cinderella_girls)""]",False,False
853361,bb_(fate/extra),4,2329,"[""bb_(fate/extra)""]",False,False
1388692,touhoku_kiritan_(vocaloid),4,3126,"[""touhoku_kiritan_(vocaloid)""]",False,False
1786496,artoria_caster_(fate),4,3039,"[""artoria_caster_(fate)"", ""artoria_pendragon_(caster)_(fate)"", ""artoria_pendragon_(caster)""]",False,False
1631090,kamikaze_(kancolle),4,2252,"[""kamikaze_(kancolle)"", ""kamikaze_(kantai_collection)""]",False,False
1467925,vodka_(umamusume),4,2491,"[""vodka_(umamusume)""]",False,False
1631116,kisaragi_(kancolle),4,2244,"[""kisaragi_(kancolle)"", ""kisaragi_(kantai_collection)""]",False,False
1467838,oguri_cap_(umamusume),4,2741,"[""oguri_cap_(umamusume)""]",False,False
1183449,nonna_(girls_und_panzer),4,2303,"[""nonna_(girls_und_panzer)"", ""nonna""]",False,False
1602199,ningguang_(genshin_impact),4,2469,"[""ningguang_(genshin_impact)"", ""ningguang"", ""gyoukou_(genshin_impact)""]",False,False
171918,android_18_(dragon_ball),4,2488,"[""android_18_(dragon_ball)""]",False,False
1316166,kunikida_hanamaru_(love_live!),4,2435,"[""kunikida_hanamaru_(love_live!)""]",False,False
657125,ia_(vocaloid),4,2327,"[""ia_(vocaloid)""]",False,False
662472,takanashi_rikka_(chuunibyou),4,2241,"[""takanashi_rikka_(chuunibyou)""]",False,False
1525545,fushiguro_megumi_(jujutsu_kaisen),4,2786,"[""fushiguro_megumi_(jujutsu_kaisen)""]",False,False
1990869,adventurer_(ff11),4,2193,"[""adventurer_(ff11)"", ""avatar_(ff11)""]",False,False
1525756,sonia_(pokemon),4,2480,"[""sonia_(pokemon)""]",False,False
1677019,baobhan_sith_(fate),4,4315,"[""baobhan_sith_(fate)"", ""tam_lin_tristan_(fate)"", ""fairy_knight_tristan_(fate)"", ""tristan_(fairy_knight)_(fate)""]",False,False
476084,saten_ruiko_(toaru_kagaku_no_railgun),4,2433,"[""saten_ruiko_(toaru_kagaku_no_railgun)""]",False,False
1408667,kochou_shinobu_(kimetsu_no_yaiba),4,2446,"[""kochou_shinobu_(kimetsu_no_yaiba)""]",False,False
12106,kousaka_tamaki_(idolmaster_cinderella_girls),4,2161,"[""kousaka_tamaki_(idolmaster_cinderella_girls)""]",False,False
717136,aida_mana_(dokidoki_precure),4,2177,"[""aida_mana_(dokidoki_precure)""]",False,False
1680379,mash_kyrielight_(dangerous_beast),4,2427,"[""mash_kyrielight_(dangerous_beast)"", ""dangerous_beast""]",False,False
416172,kujikawa_rise_(persona),4,2304,"[""kujikawa_rise_(persona)""]",False,False
1631265,pola_(kancolle),4,2328,"[""pola_(kancolle)"", ""pola_(kantai_collection)""]",False,False
1631188,miyuki_(kancolle),4,2223,"[""miyuki_(kancolle)"", ""miyuki_(kantai_collection)""]",False,False
1488442,bb_(swimsuit_mooncancer)_(fate),4,2300,"[""bb_(swimsuit_mooncancer)_(fate)""]",False,False
1459170,hachimiya_meguru_(idolmaster),4,2428,"[""hachimiya_meguru_(idolmaster)""]",False,False
553633,lyra_(pokemon),4,2478,"[""lyra_(pokemon)"", ""kotone_(pokemon)""]",False,False
1467626,anastasia_(fate),4,2261,"[""anastasia_(fate)""]",False,False
1682888,saori_(blue_archive),4,4165,"[""saori_(blue_archive)"", ""joumae_saori""]",False,False
1533460,lysithea_von_ordelia_(fire_emblem),4,2353,"[""lysithea_von_ordelia_(fire_emblem)"", ""lysithea_von_cordelia""]",False,False
591906,panty_(psg),4,2260,"[""panty_(psg)"", ""anarchy_panty""]",False,False
1630675,gambier_bay_(kancolle),4,2243,"[""gambier_bay_(kancolle)"", ""gambier_bay_(kantai_collection)""]",False,False
1251354,phosphophyllite_(houseki_no_kuni),4,2342,"[""phosphophyllite_(houseki_no_kuni)""]",False,False
405240,amagi_yukiko_(persona),4,2195,"[""amagi_yukiko_(persona)""]",False,False
1627569,fou_(fate),4,2321,"[""fou_(fate)"", ""fou_(fate/grand_order)""]",False,False
1533066,hilda_valentine_goneril_(fire_emblem),4,2456,"[""hilda_valentine_goneril_(fire_emblem)""]",False,False
691541,perrine_h._clostermann,4,2160,"[""perrine_h._clostermann"", ""perrine_h_clostermann""]",False,False
713449,morikubo_nono_(idolmaster_cinderella_girls),4,2278,"[""morikubo_nono_(idolmaster_cinderella_girls)""]",False,False
1386288,harukawa_maki_(danganronpa),4,2929,"[""harukawa_maki_(danganronpa)""]",False,False
1350741,darkness_(konosuba),4,2728,"[""darkness_(konosuba)""]",False,False
599208,charlotte_e._yeager,4,2165,"[""charlotte_e._yeager"", ""charlotte_e_yeager""]",False,False
1431862,nero_claudius_(swimsuit_caster)_(fate),4,2144,"[""nero_claudius_(swimsuit_caster)_(fate)""]",False,False
1646767,twin_turbo_(umamusume),4,2585,"[""twin_turbo_(umamusume)"", ""twin_turbo""]",False,False
16066,raising_heart_(mahou_shoujo_lyrical_nanoha),4,2252,"[""raising_heart_(mahou_shoujo_lyrical_nanoha)"", ""raging_heart""]",False,False
426767,ikamusume_(squid_girl),4,2150,"[""ikamusume_(squid_girl)"", ""ika_musume""]",False,False
1387121,tamamo_no_mae_(swimsuit_lancer)_(fate),4,2142,"[""tamamo_no_mae_(swimsuit_lancer)_(fate)""]",False,False
1670077,springfield_(girls'_frontline),4,2225,"[""springfield_(girls'_frontline)"", ""m1903_springfield_(girls'_frontline)"", ""m1903_springfield_(girls_frontline)""]",False,False
938279,lyn_(fire_emblem),4,2334,"[""lyn_(fire_emblem)"", ""lyndis_(fire_emblem)""]",False,False
530171,kurumi_erika_(idolmaster_cinderella_girls),4,2179,"[""kurumi_erika_(idolmaster_cinderella_girls)""]",False,False
663681,honda_mio_(idolmaster_cinderella_girls),4,2147,"[""honda_mio_(idolmaster_cinderella_girls)""]",False,False
1631046,ise_(kancolle),4,2105,"[""ise_(kancolle)"", ""ise_(kantai_collection)""]",False,False
1378262,mallow_(pokemon),4,2199,"[""mallow_(pokemon)"", ""mao_(pokemon)""]",False,False
399582,lucario_(pokemon),4,2651,"[""lucario_(pokemon)""]",False,False
1584985,nonomi_(blue_archive),4,3346,"[""nonomi_(blue_archive)"", ""izayoi_nonomi""]",False,False
1827774,sanji_(one_piece),4,3292,"[""sanji_(one_piece)"", ""sanji""]",False,False
1585360,battleship_princess_(kantai_collection),4,2066,"[""battleship_princess_(kantai_collection)"", ""battleship_hime"", ""battleship-symbiotic_hime""]",False,False
502807,shinki_(touhou),4,2139,"[""shinki_(touhou)"", ""shinki""]",False,False
610107,akaza_akari_(yuru_yuri),4,2110,"[""akaza_akari_(yuru_yuri)""]",False,False
1561724,fukumaru_koito_(love_live!),4,2328,"[""fukumaru_koito_(love_live!)""]",False,False
660392,hoshizora_miyuki_(idolmaster_cinderella_girls),4,2098,"[""hoshizora_miyuki_(idolmaster_cinderella_girls)""]",False,False
1534338,kicchou_yachie_(touhou),4,2563,"[""kicchou_yachie_(touhou)""]",False,False
1610754,yu_mei-ren_(fate),4,2138,"[""yu_mei-ren_(fate)"", ""yu_miaoyi_(fate)"", ""consort_yu_(fate)""]",False,False
41,suiseiseki_(rozen_maiden),4,2134,"[""suiseiseki_(rozen_maiden)""]",False,False
1472743,ibaraki_douji_(fate),4,2317,"[""ibaraki_douji_(fate)"", ""ibaraki_douji_(fate/grand_order)""]",False,False
1644998,mihono_bourbon_(umamusume),4,2504,"[""mihono_bourbon_(umamusume)""]",False,False
1227373,sessyoin_kiara_(fate),4,2525,"[""sessyoin_kiara_(fate)"", ""sesshouin_kiara""]",False,False
11050,sonozaki_mion_(higurashi_no_naku_koro_ni),4,2150,"[""sonozaki_mion_(higurashi_no_naku_koro_ni)""]",False,False
1631071,jun'you_(kancolle),4,2057,"[""jun'you_(kancolle)"", ""jun'you_(kantai_collection)""]",False,False
1316168,kurosawa_ruby_(love_live!),4,2395,"[""kurosawa_ruby_(love_live!)""]",False,False
512688,brendan_(pokemon),4,2339,"[""brendan_(pokemon)"", ""ruby_(pokemon)"", ""yuuki_(pokemon)""]",False,False
1524282,lio_fotia_(promare),4,2195,"[""lio_fotia_(promare)""]",False,False
1933143,la+_darknesss_(1st_costume),4,2226,"[""la+_darknesss_(1st_costume)""]",False,False
1452668,hassan_of_serenity_(fate),4,2105,"[""hassan_of_serenity_(fate)""]",False,False
543959,sakura_miku_(vocaloid),4,2408,"[""sakura_miku_(vocaloid)""]",False,False
16082,ryougi_shiki_(kara_no_kyoukai),4,2240,"[""ryougi_shiki_(kara_no_kyoukai)""]",False,False
1747952,miyako_(blue_archive),4,3331,"[""miyako_(blue_archive)"", ""tsukiyuki_miyako""]",False,False
1633650,yuzu_(blue_archive),4,2829,"[""yuzu_(blue_archive)"", ""hanaoka_yuzu""]",False,False
565443,shinjou_akane_(ssss.gridman),4,2272,"[""shinjou_akane_(ssss.gridman)""]",False,False
1275722,makigumo_(kancolle),4,2132,"[""makigumo_(kancolle)"", ""makigumo_(kantai_collection)""]",False,False
1631510,yuugumo_(kancolle),4,2105,"[""yuugumo_(kancolle)"", ""yuugumo_(kantai_collection)""]",False,False
414820,lynette_bishop_(strike_witches),4,2098,"[""lynette_bishop_(strike_witches)""]",False,False
1631016,i-168_(kancolle),4,2161,"[""i-168_(kancolle)"", ""i-168_(kantai_collection)"", ""imuya_(kantai_collection)""]",False,False
1654886,kudamaki_tsukasa_(touhou),4,2464,"[""kudamaki_tsukasa_(touhou)""]",False,False
1346647,shinomiya_kaguya_(kaguya-sama_wa_kokurasetai),4,2300,"[""shinomiya_kaguya_(kaguya-sama_wa_kokurasetai)""]",False,False
1406378,shoebill_(kemono_friends),4,2117,"[""shoebill_(kemono_friends)""]",False,False
1533350,morpeko_(pokemon),4,2291,"[""morpeko_(pokemon)""]",False,False
1630677,gangut_(kancolle),4,2022,"[""gangut_(kancolle)"", ""gangut_(kantai_collection)""]",False,False
1551569,nian_(arknights),4,2649,"[""nian_(arknights)""]",False,False
1542542,higashiyama_kobeni_(dance_dance_dance),4,2382,"[""higashiyama_kobeni_(dance_dance_dance)""]",False,False
1317049,seiran_(touhou),4,2159,"[""seiran_(touhou)""]",False,False
2018110,neptune_(neptunia),4,2066,"[""neptune_(neptunia)"", ""neptune_(neptune_series)""]",False,False
408655,kasane_teto_(vocaloid),4,7962,"[""kasane_teto_(vocaloid)""]",False,False
1524986,specter_(arknights),4,2422,"[""specter_(arknights)""]",False,False
1586174,momosuzu_nene_(hololive),4,2475,"[""momosuzu_nene_(hololive)""]",False,False
1625330,hibiki_(blue_archive),4,2452,"[""hibiki_(blue_archive)"", ""nekozuka_hibiki""]",False,False
664082,miyamoto_frederica_(idolmaster_cinderella_girls),4,2093,"[""miyamoto_frederica_(idolmaster_cinderella_girls)""]",False,False
14180,lilith_aensland_(darkstalkers),4,0,"[""lilith_aensland_(darkstalkers)""]",False,False
1255499,satou_kazuma_(kono_subarashii_sekai_ni_shukufuku_wo!),4,2603,"[""satou_kazuma_(kono_subarashii_sekai_ni_shukufuku_wo!)""]",False,False
1406537,shima_rin_(yuru_camp),4,2153,"[""shima_rin_(yuru_camp)""]",False,False
1644994,mayano_top_gun_(umamusume),4,2389,"[""mayano_top_gun_(umamusume)""]",False,False
1248475,jinx_(league_of_legends),4,2817,"[""jinx_(league_of_legends)""]",False,False
7914,mizuno_ami_(sailor_moon),4,2198,"[""mizuno_ami_(sailor_moon)""]",False,False
1631211,nachi_(kancolle),4,2016,"[""nachi_(kancolle)"", ""nachi_(kantai_collection)""]",False,False
1534498,meltryllis_(swimsuit_lancer)_(fate),4,2152,"[""meltryllis_(swimsuit_lancer)_(fate)""]",False,False
1605760,iori_(blue_archive),4,2913,"[""iori_(blue_archive)"", ""shiromi_iori""]",False,False
1630685,gotland_(kancolle),4,2153,"[""gotland_(kancolle)"", ""gotland_(kantai_collection)""]",False,False
1629430,mysterious_heroine_xx_(fate),4,2054,"[""mysterious_heroine_xx_(fate)"", ""mysterious_heroine_xx_(foreigner)""]",False,False
1239637,jakuzure_nonon_(kill_la_kill),4,1981,"[""jakuzure_nonon_(kill_la_kill)""]",False,False
1405419,lucky_beast_(kemono_friends),4,2048,"[""lucky_beast_(kemono_friends)""]",False,False
1292966,asui_tsuyu_(boku_no_hero_academia),4,2148,"[""asui_tsuyu_(boku_no_hero_academia)"", ""froppy_(boku_no_hero_academia)""]",False,False
1634345,izuna_(blue_archive),4,2938,"[""izuna_(blue_archive)"", ""kuda_izuna""]",False,False
1613891,albedo_(genshin_impact),4,2309,"[""albedo_(genshin_impact)""]",False,False
10546,vegeta_(dragon_ball),4,2466,"[""vegeta_(dragon_ball)""]",False,False
1425456,seele_vollerei_(honkai_impact),4,2534,"[""seele_vollerei_(honkai_impact)""]",False,False
1596245,kaeya_(genshin_impact),4,2541,"[""kaeya_(genshin_impact)"", ""kaeya_alberich""]",False,False
1678981,kujou_sara_(genshin_impact),4,2148,"[""kujou_sara_(genshin_impact)"", ""kujou_sara_(genshin_impact)""]",False,False
7477,noumi_kudryavka_(little_busters!),4,1983,"[""noumi_kudryavka_(little_busters!)""]",False,False
1838442,alhaitham_(genshin_impact),4,2937,"[""alhaitham_(genshin_impact)"", ""al-haitham_(genshin_impact)""]",False,False
1629435,krista_lenz_(shingeki_no_kyojin),4,1985,"[""krista_lenz_(shingeki_no_kyojin)"", ""historia_reiss"", ""christa_renz""]",False,False
1978894,9s_(nier:automata),4,2209,"[""9s_(nier:automata)"", ""yorha_no._9_type_s"", ""9s_(nier)""]",False,False
1667145,ak-12_(girls'_frontline),4,2128,"[""ak-12_(girls'_frontline)"", ""ak-12_(girls_frontline)""]",False,False
1160566,blake_belladonna_(rwby),4,2134,"[""blake_belladonna_(rwby)""]",False,False
1517401,lize_helesta_(nijisanji),4,2538,"[""lize_helesta_(nijisanji)""]",False,False
1239070,akatsuki_kirika_(senki_zesshou_symphogear),4,2067,"[""akatsuki_kirika_(senki_zesshou_symphogear)""]",False,False
713731,tedeza_rize_(gochuumon_wa_usagi_desu_ka?),4,1978,"[""tedeza_rize_(gochuumon_wa_usagi_desu_ka?)""]",False,False
384405,irisviel_von_einzbern_(fate),4,2041,"[""irisviel_von_einzbern_(fate)""]",False,False
1317200,endeavor_(boku_no_hero_academia),4,2199,"[""endeavor_(boku_no_hero_academia)"", ""todoroki_enji""]",False,False
1542251,orange_pekoe_(girls_und_panzer),4,2015,"[""orange_pekoe_(girls_und_panzer)"", ""orange_pekoe""]",False,False
568921,aegis_(persona),4,0,"[""aegis_(persona)"", ""aigis_(persona)""]",False,False
1630542,choukai_(kancolle),4,1969,"[""choukai_(kancolle)"", ""choukai_(kantai_collection)""]",False,False
1522661,angelina_(arknights),4,2328,"[""angelina_(arknights)""]",False,False
1268743,ujimatsu_chiya_(gochuumon_wa_usagi_desu_ka?),4,1960,"[""ujimatsu_chiya_(gochuumon_wa_usagi_desu_ka?)""]",False,False
7794,aino_minako_(sailor_moon),4,2168,"[""aino_minako_(sailor_moon)""]",False,False
467096,leaf_(pokemon),4,2403,"[""leaf_(pokemon)""]",False,False
445901,gengar_(pokemon),4,2405,"[""gengar_(pokemon)""]",False,False
1387748,katsuki_yuuri_(yuri_on_ice),4,1905,"[""katsuki_yuuri_(yuri_on_ice)""]",False,False
1631112,kinugasa_(kancolle),4,2082,"[""kinugasa_(kancolle)"", ""kinugasa_(kantai_collection)""]",False,False
596343,mima_(touhou),4,1999,"[""mima_(touhou)"", ""mima""]",False,False
700409,tsumiki_mikan_(danganronpa),4,2379,"[""tsumiki_mikan_(danganronpa)""]",False,False
1886280,robin_(female)_(fire_emblem),4,2249,"[""robin_(female)_(fire_emblem)"", ""robin_(fire_emblem)_(female)"", ""female_my_unit_(fire_emblem:_kakusei)""]",False,False
1631376,suzutsuki_(kancolle),4,2061,"[""suzutsuki_(kancolle)"", ""suzutsuki_(kantai_collection)""]",False,False
1631244,noshiro_(kancolle),4,1977,"[""noshiro_(kancolle)"", ""noshiro_(kantai_collection)""]",False,False
1629361,ushiwakamaru_(fate),4,2094,"[""ushiwakamaru_(fate)"", ""ushiwakamaru_(fate/grand_order)""]",False,False
1693513,elizabeth_bathory_(fate/extra_ccc),4,0,"[""elizabeth_bathory_(fate/extra_ccc)""]",False,False
1971293,hanako_(swimsuit)_(blue_archive),4,2558,"[""hanako_(swimsuit)_(blue_archive)"", ""urawa_hanako_(swimsuit)""]",False,False
1440145,javelin_(azur_lane),4,1970,"[""javelin_(azur_lane)""]",False,False
1933175,nekomata_okayu_(1st_costume),4,2263,"[""nekomata_okayu_(1st_costume)""]",False,False
1577501,lisa_(genshin_impact),4,2139,"[""lisa_(genshin_impact)"", ""lisa_minci""]",False,False
1972134,vita_(nanoha),4,1899,"[""vita_(nanoha)"", ""vita""]",False,False
433649,johnny_joestar_(jojo_no_kimyou_na_bouken),4,1961,"[""johnny_joestar_(jojo_no_kimyou_na_bouken)""]",False,False
1387712,viktor_nikiforov_(yuri_on_ice),4,1882,"[""viktor_nikiforov_(yuri_on_ice)""]",False,False
1593680,ashiya_douman_(fate),4,2021,"[""ashiya_douman_(fate)""]",False,False
567872,n_(pokemon),4,2273,"[""n_(pokemon)""]",False,False
1618002,slime_(genshin_impact),4,2211,"[""slime_(genshin_impact)""]",False,False
1631163,maru-yu_(kancolle),4,1917,"[""maru-yu_(kancolle)"", ""maru-yu_(kantai_collection)"", ""maruyu_(kantai_collection)""]",False,False
1654650,skadi_the_corrupting_heart_(arknights),4,2242,"[""skadi_the_corrupting_heart_(arknights)""]",False,False
1631425,teruzuki_(kancolle),4,1962,"[""teruzuki_(kancolle)"", ""teruzuki_(kantai_collection)""]",False,False
1933211,nanashi_mumei_(1st_costume),4,2631,"[""nanashi_mumei_(1st_costume)""]",False,False
664359,tachibana_hibiki_(symphogear),4,2058,"[""tachibana_hibiki_(symphogear)""]",False,False
1631225,nagatsuki_(kancolle),4,1934,"[""nagatsuki_(kancolle)"", ""nagatsuki_(kantai_collection)""]",False,False
1539717,reze_(chainsaw_man),4,2390,"[""reze_(chainsaw_man)""]",False,False
383738,vivio_(mahou_shoujo_lyrical_nanoha),4,1897,"[""vivio_(mahou_shoujo_lyrical_nanoha)"", ""takamachi_vivio""]",False,False
1403842,chiyoda_momo_(idolmaster),4,2040,"[""chiyoda_momo_(idolmaster)""]",False,False
1629420,jeanne_d'arc_alter_santa_lily_(fate),4,1944,"[""jeanne_d'arc_alter_santa_lily_(fate)"", ""jeanne_d'arc_alter_santa_lily""]",False,False
1408471,camilla_(fire_emblem),4,2160,"[""camilla_(fire_emblem)"", ""camilla_(fire_emblem_if)""]",False,False
1657251,elira_pendora_(nijisanji),4,2053,"[""elira_pendora_(nijisanji)""]",False,False
301250,yae_sakura_(toaru_majutsu_no_index),4,2140,"[""yae_sakura_(toaru_majutsu_no_index)""]",False,False
753977,sinon_(sword_art_online),4,1983,"[""sinon_(sword_art_online)"", ""shinon_(sao)""]",False,False
681874,shiomi_syuko_(persona),4,1970,"[""shiomi_syuko_(persona)"", ""shiomi_shuuko""]",False,False
1670933,index_(toaru_majutsu_no_index),4,1922,"[""index_(toaru_majutsu_no_index)"", ""index"", ""index_(to_aru_majutsu_no_index)""]",False,False
1734277,oda_nobunaga_(koha-ace),4,2047,"[""oda_nobunaga_(koha-ace)"", ""oda_nobunaga_(koha/ace)""]",False,False
1581062,shiomi_kotone_(persona),4,2201,"[""shiomi_kotone_(persona)"", ""female_protagonist_(persona_3)"", ""/fpp3""]",False,False
1446811,st._louis_(azur_lane),4,2062,"[""st._louis_(azur_lane)""]",False,False
8276,bardiche_(mahou_shoujo_lyrical_nanoha),4,0,"[""bardiche_(mahou_shoujo_lyrical_nanoha)""]",False,False
1670940,last_order_(toaru_majutsu_no_index),4,1851,"[""last_order_(toaru_majutsu_no_index)"", ""last_order""]",False,False
601490,monokuma_(danganronpa),4,2340,"[""monokuma_(danganronpa)""]",False,False
1631102,katsuragi_(kancolle),4,1856,"[""katsuragi_(kancolle)"", ""katsuragi_(kantai_collection)""]",False,False
1459802,shirase_sakuya_(idolmaster),4,2077,"[""shirase_sakuya_(idolmaster)""]",False,False
1383241,lusamine_(pokemon),4,2135,"[""lusamine_(pokemon)""]",False,False
716185,nishizumi_shiho_(girls_und_panzer),4,2070,"[""nishizumi_shiho_(girls_und_panzer)""]",False,False
628777,yuzuriha_inori_(guilty_crown),4,1876,"[""yuzuriha_inori_(guilty_crown)""]",False,False
1300728,oumae_kumiko_(hibike_euphonium),4,2264,"[""oumae_kumiko_(hibike_euphonium)""]",False,False
1441509,andou_(girls_und_panzer),4,1928,"[""andou_(girls_und_panzer)"", ""andou_rena""]",False,False
1231206,levi_(shingeki_no_kyojin),4,2061,"[""levi_(shingeki_no_kyojin)"", ""rivaille""]",False,False
1524993,saria_(arknights),4,2043,"[""saria_(arknights)""]",False,False
1447957,nero_claudius_(bride)_(fate),4,1871,"[""nero_claudius_(bride)_(fate)"", ""saber_bride""]",False,False
1257062,pepperoni_(girls_und_panzer),4,1897,"[""pepperoni_(girls_und_panzer)""]",False,False
1275721,kuroshio_(kancolle),4,1891,"[""kuroshio_(kancolle)"", ""kuroshio_(kantai_collection)""]",False,False
382079,takara_miyuki_(lucky_star),4,1869,"[""takara_miyuki_(lucky_star)""]",False,False
1735921,asashio_kai_ni_(kancolle),4,1900,"[""asashio_kai_ni_(kancolle)""]",False,False
1643688,azusa_(blue_archive),4,2540,"[""azusa_(blue_archive)"", ""shirasu_azusa""]",False,False
717139,kenzaki_makoto_(idolmaster_cinderella_girls),4,1797,"[""kenzaki_makoto_(idolmaster_cinderella_girls)""]",False,False
1631495,yayoi_(kancolle),4,1834,"[""yayoi_(kancolle)"", ""yayoi_(kantai_collection)""]",False,False
1631402,tama_(kancolle),4,1823,"[""tama_(kancolle)"", ""tama_(kantai_collection)""]",False,False
2007520,houshou_marine_(summer),4,2021,"[""houshou_marine_(summer)"", ""houshou_marine_(swimsuit)"", ""houshou_marine_(4th_costume)""]",False,False
1243759,horikawa_raiko_(touhou),4,1909,"[""horikawa_raiko_(touhou)""]",False,False
1626315,dusk_(arknights),4,2737,"[""dusk_(arknights)""]",False,False
10146,koizumi_itsuki_(suzumiya_haruhi),4,1871,"[""koizumi_itsuki_(suzumiya_haruhi)""]",False,False
1631373,suzukaze_(kancolle),4,1800,"[""suzukaze_(kancolle)"", ""suzukaze_(kantai_collection)""]",False,False
1675744,selen_tatsuki_(virtual_youtuber),4,1999,"[""selen_tatsuki_(virtual_youtuber)""]",False,False
1631357,shirayuki_(kancolle),4,1862,"[""shirayuki_(kancolle)"", ""shirayuki_(kantai_collection)""]",False,False
1536889,kanroji_mitsuri_(kimetsu_no_yaiba),4,2135,"[""kanroji_mitsuri_(kimetsu_no_yaiba)"", ""kanroji_matsuri""]",False,False
1421907,komi_shouko_(komi-san_wa_komyushou_desu),4,2040,"[""komi_shouko_(komi-san_wa_komyushou_desu)""]",False,False
361258,ranma-chan_(ranma_1/2),4,2544,"[""ranma-chan_(ranma_1/2)""]",False,False
1501023,artoria_pendragon_(lancer_alter)_(fate),4,1915,"[""artoria_pendragon_(lancer_alter)_(fate)"", ""artoria_pendragon_(lancer_alter)""]",False,False
399147,yowane_haku_(vocaloid),4,1809,"[""yowane_haku_(vocaloid)""]",False,False
13036,misumi_nagisa_(futari_wa_precure),4,1895,"[""misumi_nagisa_(futari_wa_precure)""]",False,False
1186381,arch_bishop_(ragnarok_online),4,2054,"[""arch_bishop_(ragnarok_online)"", ""archbishop_(ragnarok_online)""]",False,False
1630510,asashimo_(kancolle),4,1810,"[""asashimo_(kancolle)"", ""asashimo_(kantai_collection)""]",False,False
1266581,ramlethal_valentine_(guilty_gear),4,1914,"[""ramlethal_valentine_(guilty_gear)"", ""ramletherl_valentine""]",False,False
445833,jessie_(pokemon),4,2043,"[""jessie_(pokemon)"", ""musashi_(pokemon)""]",False,False
1644982,curren_chan_(umamusume),4,2398,"[""curren_chan_(umamusume)""]",False,False
401594,palutena_(kid_icarus),4,2138,"[""palutena_(kid_icarus)""]",False,False
386242,sakata_gintoki_(gintama),4,1985,"[""sakata_gintoki_(gintama)""]",False,False
414816,sakamoto_mio_(strike_witches),4,1758,"[""sakamoto_mio_(strike_witches)""]",False,False
1295749,tracer_(overwatch),4,1834,"[""tracer_(overwatch)"", ""lena_oxton""]",False,False
1808100,dan_heng_(honkai:_star_rail),4,2853,"[""dan_heng_(honkai:_star_rail)"", ""danheng_(honkai:_star_rail)""]",False,False
663432,kamiya_nao_(idolmaster_cinderella_girls),4,1843,"[""kamiya_nao_(idolmaster_cinderella_girls)""]",False,False
727253,hojo_karen_(idolmaster),4,1879,"[""hojo_karen_(idolmaster)"", ""houjou_karen""]",False,False
1639112,sendai_kai_ni_(kancolle),4,2172,"[""sendai_kai_ni_(kancolle)""]",False,False
1862390,hiroi_kikuri_(bocchi_the_rock!),4,2777,"[""hiroi_kikuri_(bocchi_the_rock!)""]",False,False
392481,madotsuki_(yume_nikki),4,2014,"[""madotsuki_(yume_nikki)""]",False,False
1644976,admire_vega_(umamusume),4,2603,"[""admire_vega_(umamusume)""]",False,False
1560134,morpeko_(full),4,2027,"[""morpeko_(full)"", ""morpeko_(full_belly)""]",False,False
1344590,matsuno_osomatsu_(osomatsu-kun),4,2002,"[""matsuno_osomatsu_(osomatsu-kun)"", ""osomatsu_(osomatsu-kun)""]",False,False
1442305,hiro_(darling_in_the_franxx),4,1728,"[""hiro_(darling_in_the_franxx)""]",False,False
1734866,musashi_kai_ni_(kancolle),4,1861,"[""musashi_kai_ni_(kancolle)""]",False,False
1584593,felicia_(vampire),4,0,"[""felicia_(vampire)""]",False,False
664313,moroboshi_kirari_(idolmaster_cinderella_girls),4,1832,"[""moroboshi_kirari_(idolmaster_cinderella_girls)""]",False,False
1749629,chouzetsusaikawa_tenshi-chan_(needy_streamer_overdose),4,3120,"[""chouzetsusaikawa_tenshi-chan_(needy_streamer_overdose)"", ""kangel_(needy_streamer_overdose)"", ""omgkawaiiangel-chan""]",False,False
496829,makoto_nanaya_(blazblue),4,1762,"[""makoto_nanaya_(blazblue)"", ""nanaya_makoto""]",False,False
1344591,matsuno_karamatsu_(osomatsu-kun),4,1949,"[""matsuno_karamatsu_(osomatsu-kun)"", ""karamatsu""]",False,False
1634607,hoshino_ai_(oshi_no_ko),4,0,"[""hoshino_ai_(oshi_no_ko)""]",False,False
1824247,etna_(disgaea),4,1901,"[""etna_(disgaea)"", ""etna""]",False,False
424944,hanamura_yousuke_(persona),4,1844,"[""hanamura_yousuke_(persona)"", ""hanamura_yosuke""]",False,False
1368824,takamaki_anne_(persona),4,2051,"[""takamaki_anne_(persona)"", ""takamaki_ann"", ""takamaki_anzu""]",False,False
1645007,seiun_sky_(umamusume),4,2144,"[""seiun_sky_(umamusume)""]",False,False
663460,sasaki_chie_(persona),4,2014,"[""sasaki_chie_(persona)""]",False,False
1462453,morino_rinze_(idolmaster),4,1956,"[""morino_rinze_(idolmaster)""]",False,False
529058,hanasaki_tsubomi_(heartcatch_precure!),4,1822,"[""hanasaki_tsubomi_(heartcatch_precure!)""]",False,False
1549066,himemori_luna_(hololive),4,2099,"[""himemori_luna_(hololive)""]",False,False
8107,bulma_(dragon_ball),4,2069,"[""bulma_(dragon_ball)""]",False,False
1365551,sakura_futaba_(persona),4,2047,"[""sakura_futaba_(persona)""]",False,False
1493611,kemomimi-chan_(naga_u),4,1847,"[""kemomimi-chan_(naga_u)""]",False,False
1423783,eternity_larva_(touhou),4,1843,"[""eternity_larva_(touhou)""]",False,False
1292970,yaoyorozu_momo_(boku_no_hero_academia),4,1927,"[""yaoyorozu_momo_(boku_no_hero_academia)"", ""creati_(boku_no_hero_academia)""]",False,False
1560614,saren_(princess_connect!),4,1853,"[""saren_(princess_connect!)"", ""sasaki_saren""]",False,False
1344593,matsuno_ichimatsu_(osomatsu-kun),4,1939,"[""matsuno_ichimatsu_(osomatsu-kun)"", ""ichimatsu""]",False,False
1644983,eishin_flash_(umamusume),4,2135,"[""eishin_flash_(umamusume)""]",False,False
1344594,matsuno_jyushimatsu_(osomatsu-kun),4,1917,"[""matsuno_jyushimatsu_(osomatsu-kun)"", ""matsuno_juushimatsu"", ""jyushimatsu""]",False,False
5036,signum_(mahou_shoujo_lyrical_nanoha),4,1724,"[""signum_(mahou_shoujo_lyrical_nanoha)""]",False,False
445954,bulbasaur_(pokemon),4,2143,"[""bulbasaur_(pokemon)""]",False,False
1630499,arashio_(kancolle),4,1799,"[""arashio_(kancolle)"", ""arashio_(kantai_collection)""]",False,False
1420942,yuuki_setsuna_(love_live!),4,0,"[""yuuki_setsuna_(love_live!)""]",False,False
1533840,kurokoma_saki_(touhou),4,1955,"[""kurokoma_saki_(touhou)""]",False,False
1682867,iroha_(blue_archive),4,2583,"[""iroha_(blue_archive)"", ""natsume_iroha_(blue_archive)""]",False,False
1933164,takanashi_kiara_(1st_costume),4,1991,"[""takanashi_kiara_(1st_costume)""]",False,False
1460817,kuwayama_chiyuki_(idolmaster),4,1957,"[""kuwayama_chiyuki_(idolmaster)""]",False,False
1554856,hayakawa_aki_(chainsaw_man),4,1969,"[""hayakawa_aki_(chainsaw_man)"", ""hayakawa_aki_(chainsaw_man)""]",False,False
657914,tokisaki_kurumi_(date_a_live),4,2042,"[""tokisaki_kurumi_(date_a_live)""]",False,False
1317067,ringo_(touhou),4,1839,"[""ringo_(touhou)""]",False,False
1933161,kiryu_coco_(1st_costume),4,1746,"[""kiryu_coco_(1st_costume)""]",False,False
488853,kasumi_(doa),4,1775,"[""kasumi_(doa)""]",False,False
674693,skyla_(pokemon),4,2191,"[""skyla_(pokemon)"", ""fuuro_(pokemon)""]",False,False
1316170,ohara_mari_(love_live!),4,2195,"[""ohara_mari_(love_live!)""]",False,False
1627626,leonardo_da_vinci_(fate),4,2078,"[""leonardo_da_vinci_(fate)"", ""leonardo_da_vinci_(fate/grand_order)""]",False,False
697698,kirigaya_suguha_(sword_art_online),4,1834,"[""kirigaya_suguha_(sword_art_online)""]",False,False
1541326,hoshikawa_sara_(nijisanji),4,2046,"[""hoshikawa_sara_(nijisanji)""]",False,False
1298160,kotonoha_akane_(vocaloid),4,2085,"[""kotonoha_akane_(vocaloid)""]",False,False
1732422,kasumi_kai_ni_(kancolle),4,2250,"[""kasumi_kai_ni_(kancolle)""]",False,False
1470527,natori_sana_(nijisanji),4,1938,"[""natori_sana_(nijisanji)""]",False,False
1409154,tohru_(maidragon),4,1864,"[""tohru_(maidragon)"", ""tooru_(maidragon)""]",False,False
401222,noel_vermillion_(blazblue),4,1705,"[""noel_vermillion_(blazblue)""]",False,False
1542253,rosehip_(girls_und_panzer),4,1780,"[""rosehip_(girls_und_panzer)"", ""rosehip""]",False,False
1933191,shishiro_botan_(1st_costume),4,1874,"[""shishiro_botan_(1st_costume)""]",False,False
1594464,bloop_(gawr_gura),4,1805,"[""bloop_(gawr_gura)""]",False,False
1296572,todoroki_shouto_(boku_no_hero_academia),4,0,"[""todoroki_shouto_(boku_no_hero_academia)""]",False,False
518079,tiki_(fire_emblem),4,1892,"[""tiki_(fire_emblem)"", ""chiki""]",False,False
1597302,beidou_(genshin_impact),4,1961,"[""beidou_(genshin_impact)"", ""hokuto_(genshin_impact)""]",False,False
1665751,t-head_trainer_(umamusume),4,0,"[""t-head_trainer""]",False,False
15221,hanyuu_(higurashi_no_naku_koro_ni),4,1753,"[""hanyuu_(higurashi_no_naku_koro_ni)""]",False,False
1412756,theresa_apocalypse_(honkai_impact),4,2323,"[""theresa_apocalypse_(honkai_impact)""]",False,False
432714,trafalgar_law_(one_piece),4,2678,"[""trafalgar_law_(one_piece)""]",False,False
375109,midna_(the_legend_of_zelda),4,1905,"[""midna_(the_legend_of_zelda)""]",False,False
1417247,japanese_crested_ibis_(kemono_friends),4,1741,"[""japanese_crested_ibis_(kemono_friends)"", ""crested_ibis_(kemono_friends)""]",False,False
1410565,fujiwara_chika_(kaguya-sama_wa_kokurasetai),4,1920,"[""fujiwara_chika_(kaguya-sama_wa_kokurasetai)""]",False,False
510496,ryu_(street_fighter),4,2022,"[""ryu_(street_fighter)""]",False,False
606667,kirino_ranmaru_(idolmaster),4,1703,"[""kirino_ranmaru_(idolmaster)""]",False,False
1654887,iizunamaru_megumu_(touhou),4,1902,"[""iizunamaru_megumu_(touhou)""]",False,False
386311,otonashi_kotori_(idolmaster),4,1718,"[""otonashi_kotori_(idolmaster)""]",False,False
1303014,producer_(idolmaster_cinderella_girls_anime),4,1703,"[""producer_(idolmaster_cinderella_girls_anime)"", ""takeuchi-p"", ""producer_(idolmaster_cinderella_girls)""]",False,False
396068,watatsuki_no_yorihime_(touhou),4,1724,"[""watatsuki_no_yorihime_(touhou)""]",False,False
1419028,komano_aunn_(touhou),4,1940,"[""komano_aunn_(touhou)"", ""komano_aun""]",False,False
436223,nanasaki_ai_(idolmaster_cinderella_girls),4,1855,"[""nanasaki_ai_(idolmaster_cinderella_girls)""]",False,False
1581646,noelle_(genshin_impact),4,1870,"[""noelle_(genshin_impact)""]",False,False
1630529,ayanami_(kancolle),4,1819,"[""ayanami_(kancolle)"", ""ayanami_(kantai_collection)""]",False,False
8151,hino_rei_(sailor_moon),4,1827,"[""hino_rei_(sailor_moon)""]",False,False
423669,saber_lily_(fate),4,1717,"[""saber_lily_(fate)""]",False,False
658795,mimura_kanako_(idolmaster_cinderella_girls),4,1694,"[""mimura_kanako_(idolmaster_cinderella_girls)""]",False,False
1525780,rotom_phone_(pokemon),4,2187,"[""rotom_phone_(pokemon)""]",False,False
1630445,agano_(kancolle),4,1714,"[""agano_(kancolle)"", ""agano_(kantai_collection)""]",False,False
1641844,yanfei_(genshin_impact),4,2064,"[""yanfei_(genshin_impact)""]",False,False
1493508,princess_king_boo_(super_mario),4,1698,"[""princess_king_boo_(super_mario)"", ""queen_boo"", ""booette"", ""boosette""]",False,False
1645011,tamamo_cross_(umamusume),4,2019,"[""tamamo_cross_(umamusume)""]",False,False
1627148,koyanskaya_(fate),4,1956,"[""koyanskaya_(fate)"", ""tamamo_(assassin)_(fate)"", ""koyanskaya""]",False,False
712088,leafa_(sword_art_online),4,0,"[""leafa_(sword_art_online)""]",False,False
593284,naegi_makoto_(danganronpa),4,2099,"[""naegi_makoto_(danganronpa)""]",False,False
593802,minamino_kanade_(heartcatch_precure!),4,1670,"[""minamino_kanade_(heartcatch_precure!)""]",False,False
42,souseiseki_(rozen_maiden),4,1698,"[""souseiseki_(rozen_maiden)""]",False,False
1447804,oshida_(girls_und_panzer),4,1734,"[""oshida_(girls_und_panzer)"", ""oshida_ruka""]",False,False
8586,chibi_usa_(sailor_moon),4,1748,"[""chibi_usa_(sailor_moon)""]",False,False
1407560,kizuna_ai_(vocaloid),4,1676,"[""kizuna_ai_(vocaloid)""]",False,False
1459804,tsukioka_kogane_(idolmaster),4,1787,"[""tsukioka_kogane_(idolmaster)""]",False,False
707037,hoshi_syoko_(idolmaster_cinderella_girls),4,1903,"[""hoshi_syoko_(idolmaster_cinderella_girls)"", ""hoshi_shouko""]",False,False
1644990,king_halo_(umamusume),4,2293,"[""king_halo_(umamusume)""]",False,False
1886287,byleth_(male)_(fire_emblem),4,2213,"[""byleth_(male)_(fire_emblem)"", ""byleth_(fire_emblem)_(male)"", ""byleth_(male)""]",False,False
1829691,juliana_(pokemon),4,2750,"[""juliana_(pokemon)"", ""female_protagonist_(pokemon_sv)""]",False,False
378207,matou_kariya_(fate),4,1687,"[""matou_kariya_(fate)""]",False,False
1407467,northern_white-faced_owl_(kemono_friends),4,1679,"[""northern_white-faced_owl_(kemono_friends)""]",False,False
1492381,shiina_yuika_(idolmaster_cinderella_girls),4,2009,"[""shiina_yuika_(idolmaster_cinderella_girls)""]",False,False
432816,kishibe_rohan_(jojo_no_kimyou_na_bouken),4,1675,"[""kishibe_rohan_(jojo_no_kimyou_na_bouken)""]",False,False
1933189,yukihana_lamy_(1st_costume),4,1811,"[""yukihana_lamy_(1st_costume)""]",False,False
354943,edward_elric_(fullmetal_alchemist),4,1789,"[""edward_elric_(fullmetal_alchemist)""]",False,False
1631054,isuzu_(kancolle),4,1687,"[""isuzu_(kancolle)"", ""isuzu_(kantai_collection)""]",False,False
1933156,hoshimachi_suisei_(1st_costume),4,2277,"[""hoshimachi_suisei_(1st_costume)""]",False,False
1719012,takane_lui_(hololive),4,2293,"[""takane_lui_(hololive)""]",False,False
1534779,artoria_pendragon_(swimsuit_ruler)_(fate),4,1766,"[""artoria_pendragon_(swimsuit_ruler)_(fate)""]",False,False
403378,yuffie_kisaragi_(final_fantasy),4,2201,"[""yuffie_kisaragi_(final_fantasy)""]",False,False
11427,kasugano_sakura_(street_fighter),4,1775,"[""kasugano_sakura_(street_fighter)""]",False,False
727697,sylveon_(pokemon),4,2506,"[""sylveon_(pokemon)""]",False,False
1667329,oberon_(fate),4,2358,"[""oberon_(fate)""]",False,False
1572074,lucifer_(helltaker),4,1787,"[""lucifer_(helltaker)""]",False,False
1407816,silver_fox_(kemono_friends),4,1749,"[""silver_fox_(kemono_friends)""]",False,False
1806087,hoshino_(swimsuit)_(blue_archive),4,2325,"[""hoshino_(swimsuit)_(blue_archive)"", ""takanashi_hoshino_(swimsuit)""]",False,False
1793083,silver_wolf_(honkai:_star_rail),4,3304,"[""silver_wolf_(honkai:_star_rail)""]",False,False
1810157,tighnari_(genshin_impact),4,2339,"[""tighnari_(genshin_impact)""]",False,False
1525687,blue_poison_(arknights),4,1721,"[""blue_poison_(arknights)""]",False,False
1467946,haru_urara_(umamusume),4,1975,"[""haru_urara_(umamusume)""]",False,False
1528228,le_malin_(azur_lane),4,1698,"[""le_malin_(azur_lane)""]",False,False
1375862,mimikyu_(pokemon),4,2033,"[""mimikyu_(pokemon)""]",False,False
1825474,ichika_(blue_archive),4,2487,"[""ichika_(blue_archive)"", ""nakamasa_ichika""]",False,False
425768,umbreon_(pokemon),4,2407,"[""umbreon_(pokemon)""]",False,False
1273262,rensouhou-kun_(kantai_collection),4,1614,"[""rensouhou-kun_(kantai_collection)""]",False,False
674691,elesa_(pokemon),4,1845,"[""elesa_(pokemon)"", ""kamitsure_(pokemon)""]",False,False
1631208,myoukou_(kancolle),4,1724,"[""myoukou_(kancolle)"", ""myoukou_(kantai_collection)""]",False,False
1631141,libeccio_(kancolle),4,1672,"[""libeccio_(kancolle)"", ""libeccio_(kantai_collection)""]",False,False
1338854,mei_(overwatch),4,1785,"[""mei_(overwatch)"", ""zhou_mei-ling"", ""mei-ling_zhou""]",False,False
1446812,honolulu_(azur_lane),4,1703,"[""honolulu_(azur_lane)""]",False,False
1631408,tashkent_(kancolle),4,1682,"[""tashkent_(kancolle)"", ""tashkent_(kantai_collection)""]",False,False
1561956,bremerton_(scorching-hot_training)_(azur_lane),4,1655,"[""bremerton_(scorching-hot_training)_(azur_lane)""]",False,False
2018066,noire_(neptunia),4,1628,"[""noire_(neptunia)"", ""noire_(neptune_series)"", ""noire""]",False,False
466260,terra_branford_(final_fantasy),4,1802,"[""terra_branford_(final_fantasy)"", ""tina_branford""]",False,False
7559,luigi_(super_mario),4,2452,"[""luigi_(super_mario)""]",False,False
2018038,purple_heart_(neptunia),4,1639,"[""purple_heart_(neptunia)"", ""purple_heart_(neptune)"", ""purple_heart"", ""purlple_heart_(neptune)""]",False,False
1245442,i-class_destroyer_(kantai_collection),4,1610,"[""i-class_destroyer_(kantai_collection)""]",False,False
1295790,widowmaker_(overwatch),4,1670,"[""widowmaker_(overwatch)"", ""amelie_lacroix""]",False,False
1631062,jervis_(kancolle),4,1687,"[""jervis_(kancolle)"", ""jervis_(kantai_collection)""]",False,False
1525577,hoshiguma_(arknights),4,1789,"[""hoshiguma_(arknights)""]",False,False
1762182,ranni_the_witch_(elden_ring),4,1930,"[""ranni_the_witch_(elden_ring)""]",False,False
1629640,martha_(fate),4,1685,"[""martha_(fate)"", ""saint_martha""]",False,False
1248309,sendai_hakurei_no_miko_(touhou),4,1588,"[""sendai_hakurei_no_miko_(touhou)"", ""hakurei_miko""]",False,False
427708,ushiromiya_ange_(umineko_no_naku_koro_ni),4,1654,"[""ushiromiya_ange_(umineko_no_naku_koro_ni)""]",False,False
1933172,uruha_rushia_(1st_costume),4,1623,"[""uruha_rushia_(1st_costume)""]",False,False
404724,kagura_(gintama),4,1668,"[""kagura_(gintama)""]",False,False
1682834,matikane_tannhauser_(umamusume),4,2085,"[""matikane_tannhauser_(umamusume)""]",False,False
1513845,scorbunny_(pokemon),4,1840,"[""scorbunny_(pokemon)""]",False,False
1630653,fletcher_(kancolle),4,1768,"[""fletcher_(kancolle)"", ""fletcher_(kantai_collection)""]",False,False
1527621,marianne_von_edmund_(fire_emblem),4,1816,"[""marianne_von_edmund_(fire_emblem)""]",False,False
1508231,sunazuka_akira_(idolmaster),4,1849,"[""sunazuka_akira_(idolmaster)""]",False,False
425771,glaceon_(pokemon),4,2309,"[""glaceon_(pokemon)""]",False,False
1382909,kawakaze_(kancolle),4,1586,"[""kawakaze_(kancolle)"", ""kawakaze_(kantai_collection)""]",False,False
592111,oshawott_(pokemon),4,1773,"[""oshawott_(pokemon)""]",False,False
1344592,matsuno_choromatsu_(osomatsu-kun),4,1786,"[""matsuno_choromatsu_(osomatsu-kun)"", ""choromatsu""]",False,False
1440177,z23_(azur_lane),4,1712,"[""z23_(azur_lane)""]",False,False
1667154,an-94_(girls'_frontline),4,1752,"[""an-94_(girls'_frontline)"", ""an-94_(girls_frontline)""]",False,False
1667148,m4a1_(girls'_frontline),4,1669,"[""m4a1_(girls'_frontline)"", ""m4a1_(girls_frontline)""]",False,False
8545,kamio_misuzu_(air),4,1624,"[""kamio_misuzu_(air)""]",False,False
1933183,minato_aqua_(1st_costume),4,1986,"[""minato_aqua_(1st_costume)""]",False,False
1630671,furutaka_(kancolle),4,1647,"[""furutaka_(kancolle)"", ""furutaka_(kantai_collection)""]",False,False
595668,hatsune_miku_(append),4,1569,"[""hatsune_miku_(append)"", ""miku_append""]",False,False
1631161,mamiya_(kancolle),4,1649,"[""mamiya_(kancolle)"", ""mamiya_(kantai_collection)""]",False,False
1675004,elysia_(honkai_impact),4,5176,"[""elysia_(honkai_impact)""]",False,False
1712705,adachi_rei_(lycoris_recoil),4,4540,"[""adachi_rei_(lycoris_recoil)""]",False,False
1629414,artoria_pendragon_(alter_swimsuit_rider)_(fate),4,1717,"[""artoria_pendragon_(alter_swimsuit_rider)_(fate)"", ""artoria_pendragon_(swimsuit_rider_alter)""]",False,False
547415,funami_yui_(yuru_yuri),4,1581,"[""funami_yui_(yuru_yuri)""]",False,False
1462526,higuchi_kaede_(nijisanji),4,2104,"[""higuchi_kaede_(nijisanji)""]",False,False
1631052,isonami_(kancolle),4,1590,"[""isonami_(kancolle)"", ""isonami_(kantai_collection)""]",False,False
1667163,commander_(girls'_frontline),4,1851,"[""commander_(girls'_frontline)"", ""commander_(girls_frontline)"", ""shikikan_(girls_frontline)""]",False,False
1253671,gamagoori_ira_(kill_la_kill),4,1575,"[""gamagoori_ira_(kill_la_kill)"", ""gamagouri_ira""]",False,False
1676220,peroro_(blue_archive),4,2326,"[""peroro_(blue_archive)""]",False,False
374467,princess_daisy_(super_mario),4,2176,"[""princess_daisy_(super_mario)""]",False,False
56878,fujibayashi_kyou_(clannad),4,1578,"[""fujibayashi_kyou_(clannad)""]",False,False
1496188,yuzuki_choco_(hololive),4,2045,"[""yuzuki_choco_(hololive)""]",False,False
8152,kino_makoto_(bishoujo_senshi_sailor_moon),4,1766,"[""kino_makoto_(bishoujo_senshi_sailor_moon)""]",False,False
470503,konjiki_no_yami_(to_love-ru),4,1713,"[""konjiki_no_yami_(to_love-ru)"", ""golden_darkness""]",False,False
695285,sakuma_mayu_(idolmaster_cinderella_girls),4,1741,"[""sakuma_mayu_(idolmaster_cinderella_girls)""]",False,False
1405975,grey_wolf_(kemono_friends),4,1610,"[""grey_wolf_(kemono_friends)""]",False,False
1627803,yang_guifei_(fate),4,1639,"[""yang_guifei_(fate)"", ""yang_guifei_(fate/grand_order)""]",False,False
1515526,serizawa_asahi_(idolmaster),4,1867,"[""serizawa_asahi_(idolmaster)""]",False,False
1627248,shun_(blue_archive),4,2059,"[""shun_(blue_archive)"", ""sunohara_shun""]",False,False
1409820,ezo_red_fox_(kemono_friends),4,1622,"[""ezo_red_fox_(kemono_friends)""]",False,False
1644977,agnes_digital_(umamusume),4,1962,"[""agnes_digital_(umamusume)""]",False,False
1627695,marie_antoinette_(fate),4,1861,"[""marie_antoinette_(fate)"", ""marie_antoinette_(fate/grand_order)""]",False,False
1627756,scathach_skadi_(fate),4,1699,"[""scathach_skadi_(fate)"", ""scathach_skadi_(fate/grand_order)""]",False,False
1846970,rebecca_(cyberpunk),4,1811,"[""rebecca_(cyberpunk)"", ""rebecca_(cyberpunk_edgerunners)""]",False,False
479648,hirasawa_ui_(k-on!),4,1548,"[""hirasawa_ui_(k-on!)""]",False,False
1789592,osaki_amana_(idolmaster),4,1884,"[""osaki_amana_(idolmaster)"", ""oosaki_amana""]",False,False
1526355,wattson_(apex_legends),4,1847,"[""wattson_(apex_legends)""]",False,False
11051,sonozaki_shion_(higurashi_no_naku_koro_ni),4,1615,"[""sonozaki_shion_(higurashi_no_naku_koro_ni)""]",False,False
1304225,mikazuki_munechika_(touken_ranbu),4,1551,"[""mikazuki_munechika_(touken_ranbu)""]",False,False
126661,furukawa_nagisa_(clannad),4,1603,"[""furukawa_nagisa_(clannad)"", ""okazaki_nagisa""]",False,False
1517393,inui_toko_(nijisanji),4,1951,"[""inui_toko_(nijisanji)""]",False,False
658638,oreki_houtarou_(hyouka),4,1567,"[""oreki_houtarou_(hyouka)""]",False,False
1307612,nishi_kinuyo_(girls_und_panzer),4,1629,"[""nishi_kinuyo_(girls_und_panzer)""]",False,False
384100,natsume_rin_(little_busters!),4,1646,"[""natsume_rin_(little_busters!)""]",False,False
1932879,hibiki_(cheer_squad)_(blue_archive),4,1739,"[""hibiki_(cheer_squad)_(blue_archive)"", ""nekozuka_hibiki_(cheer_squad)"", ""hibiki_(cheerleader)_(blue_archive)""]",False,False
970886,roll_(mega_man),4,1824,"[""roll_(mega_man)"", ""roll_(rockman)""]",False,False
606875,little_red_riding_hood_(grimm),4,1816,"[""little_red_riding_hood_(grimm)""]",False,False
1865424,rika_(pokemon),4,2680,"[""rika_(pokemon)""]",False,False
1644970,grass_wonder_(umamusume),4,1910,"[""grass_wonder_(umamusume)""]",False,False
54495,jean_pierre_polnareff_(jojo_no_kimyou_na_bouken),4,1551,"[""jean_pierre_polnareff_(jojo_no_kimyou_na_bouken)""]",False,False
1544952,piers_(pokemon),4,1674,"[""piers_(pokemon)"", ""nezu_(pokemon)""]",False,False
474547,uiharu_kazari_(toaru_kagaku_no_railgun),4,1569,"[""uiharu_kazari_(toaru_kagaku_no_railgun)""]",False,False
1420690,hikawa_sayo_(bandori),4,1816,"[""hikawa_sayo_(bandori)""]",False,False
1525557,nanami_kento_(jujutsu_kaisen),4,1809,"[""nanami_kento_(jujutsu_kaisen)""]",False,False
1533833,haniyasushin_keiki_(touhou),4,1709,"[""haniyasushin_keiki_(touhou)""]",False,False
414819,francesca_lucchini_(strike_witches),4,1549,"[""francesca_lucchini_(strike_witches)""]",False,False
1631100,katori_(kancolle),4,1564,"[""katori_(kancolle)"", ""katori_(kantai_collection)""]",False,False
418600,kamui_gakupo_(vocaloid),4,1599,"[""kamui_gakupo_(vocaloid)""]",False,False
1639094,murakumo_kai_ni_(kancolle),4,1811,"[""murakumo_kai_ni_(kancolle)""]",False,False
1677021,melusine_(fate),4,2316,"[""melusine_(fate)"", ""tam_lin_lancelot_(fate)"", ""fairy_knight_lancelot_(fate)"", ""lancelot_(fairy_knight)_(fate)""]",False,False
544077,kris_(pokemon),4,1775,"[""kris_(pokemon)"", ""crystal_(pokemon)""]",False,False
1535146,schwarz_(arknights),4,1607,"[""schwarz_(arknights)""]",False,False
423040,amy_rose_(sonic_the_hedgehog),4,2281,"[""amy_rose_(sonic_the_hedgehog)""]",False,False
657793,cure_peace_(smile_precure!),4,1524,"[""cure_peace_(smile_precure!)""]",False,False
722867,ymir_(shingeki_no_kyojin),4,1541,"[""ymir_(shingeki_no_kyojin)""]",False,False
1433946,marina_(splatoon),4,2099,"[""marina_(splatoon)"", ""iida_(splatoon)""]",False,False
12208,shihouin_yoruichi_(bleach),4,1943,"[""shihouin_yoruichi_(bleach)""]",False,False
1644973,narita_brian_(umamusume),4,1939,"[""narita_brian_(umamusume)""]",False,False
1611363,kureiji_ollie_(hololive),4,1820,"[""kureiji_ollie_(hololive)""]",False,False
1360561,natsuki_subaru_(re_zero),4,1849,"[""natsuki_subaru_(re_zero)""]",False,False
1303947,kashuu_kiyomitsu_(touken_ranbu),4,1520,"[""kashuu_kiyomitsu_(touken_ranbu)""]",False,False
4908,kero_(cardcaptor_sakura),4,0,"[""kero_(cardcaptor_sakura)""]",False,False
2003712,tokoyami_towa_(jirai_kei),4,1750,"[""tokoyami_towa_(jirai_kei)"", ""tokoyami_towa_(casual)"", ""tokoyami_towa_(3rd_costume)""]",False,False
1972686,fuwawa_abyssgard_(hololive),4,3228,"[""fuwawa_abyssgard_(hololive)""]",False,False
13037,yukishiro_honoka_(futari_wa_precure),4,1632,"[""yukishiro_honoka_(futari_wa_precure)""]",False,False
1531714,baltimore_(azur_lane),4,1665,"[""baltimore_(azur_lane)""]",False,False
1588986,abigail_williams_(swimsuit_foreigner)_(fate),4,1632,"[""abigail_williams_(swimsuit_foreigner)_(fate)""]",False,False
1517396,ange_katrina_(nijisanji),4,2107,"[""ange_katrina_(nijisanji)""]",False,False
1344595,matsuno_todomatsu_(osomatsu-kun),4,1643,"[""matsuno_todomatsu_(osomatsu-kun)"", ""todomatsu""]",False,False
1445023,hikawa_hina_(bandori),4,1640,"[""hikawa_hina_(bandori)""]",False,False
1757557,jeanne_d'arc_alter_(ver._shinjuku_1999)_(fate),4,1570,"[""jeanne_d'arc_alter_(ver._shinjuku_1999)_(fate)"", ""wicked_dragon_witch_ver._shinjuku_1999""]",False,False
1495228,konno_junko_(sword_art_online),4,1512,"[""konno_junko_(sword_art_online)""]",False,False
382240,nekomusume_(gegege_no_kitarou),4,1548,"[""nekomusume_(gegege_no_kitarou)""]",False,False
1298161,kotonoha_aoi_(vocaloid),4,1871,"[""kotonoha_aoi_(vocaloid)""]",False,False
1972687,mococo_abyssgard_(hololive),4,3180,"[""mococo_abyssgard_(hololive)""]",False,False
424220,silver_(pokemon),4,2024,"[""silver_(pokemon)"", ""heart_(pokemon)"", ""soul_(pokemon)""]",False,False
1933148,tokoyami_towa_(1st_costume),4,1785,"[""tokoyami_towa_(1st_costume)""]",False,False
437685,bayonetta_(bayonetta),4,1625,"[""bayonetta_(bayonetta)"", ""bayonetta_(character)""]",False,False
1627580,helena_blavatsky_(fate),4,1546,"[""helena_blavatsky_(fate)"", ""helena_blavatsky_(fate/grand_order)""]",False,False
10082,sephiroth_(final_fantasy),4,3441,"[""sephiroth_(final_fantasy)""]",False,False
1374966,kamado_tanjirou_(kimetsu_no_yaiba),4,1690,"[""kamado_tanjirou_(kimetsu_no_yaiba)""]",False,False
1630559,enemy_aircraft_(kancolle),4,1484,"[""enemy_aircraft_(kancolle)"", ""enemy_aircraft_(kantai_collection)""]",False,False
542683,sonya_(kill_me_baby),4,1651,"[""sonya_(kill_me_baby)""]",False,False
1667146,g11_(girls'_frontline),4,1655,"[""g11_(girls'_frontline)"", ""g11_(girls_frontline)""]",False,False
2008086,osakabehime_(fate),4,1558,"[""osakabehime_(fate)"", ""osakabe-hime_(fate)"", ""osakabe-hime_(fate/grand_order)""]",False,False
1630726,hayashimo_(kancolle),4,1536,"[""hayashimo_(kancolle)"", ""hayashimo_(kantai_collection)""]",False,False
1443455,igarashi_futaba_(shiromanta),4,0,"[""igarashi_futaba_(shiromanta)""]",False,False
12207,inoue_orihime_(bleach),4,1939,"[""inoue_orihime_(bleach)"", ""orihime_inoue""]",False,False
1503277,makaino_ririmu_(idolmaster),4,1927,"[""makaino_ririmu_(idolmaster)""]",False,False
445832,james_(pokemon),4,1793,"[""james_(pokemon)"", ""kojirou_(pokemon)""]",False,False
1575935,nagatoro_hayase_(ijiranaide_nagatoro-san),4,1746,"[""nagatoro_hayase_(ijiranaide_nagatoro-san)"", ""nagatoro""]",False,False
902082,tateyama_ayano_(kagerou_project),4,1524,"[""tateyama_ayano_(kagerou_project)""]",False,False
1499780,jeanne_d'arc_(swimsuit_archer)_(fate),4,1607,"[""jeanne_d'arc_(swimsuit_archer)_(fate)"", ""jeanne_d'arc_(swimsuit_archer)""]",False,False
1257906,elsa_(frozen),4,1633,"[""elsa_(frozen)""]",False,False
1243753,tsukumo_benben_(touhou),4,1570,"[""tsukumo_benben_(touhou)""]",False,False
446937,reiuji_utsuho_(bird),4,1546,"[""reiuji_utsuho_(bird)""]",False,False
1667152,m4_sopmod_ii_(girls'_frontline),4,1539,"[""m4_sopmod_ii_(girls'_frontline)"", ""m4_sopmod_ii_(girls_frontline)""]",False,False
1462508,tokino_sora_(hololive),4,1798,"[""tokino_sora_(hololive)""]",False,False
466937,higashi_setsuna_(fresh_precure!),4,1510,"[""higashi_setsuna_(fresh_precure!)""]",False,False
428744,yuri_lowell_(tales_of),4,1542,"[""yuri_lowell_(tales_of)""]",False,False
1593360,bibi_(tokoyami_towa),4,1740,"[""bibi_(tokoyami_towa)""]",False,False
445414,bianca_(pokemon),4,1672,"[""bianca_(pokemon)"", ""bel_(pokemon)"", ""bell_(pokemon)""]",False,False
1589993,chongyun_(genshin_impact),4,1634,"[""chongyun_(genshin_impact)"", ""chouun_(genshin_impact)""]",False,False
12210,kuchiki_rukia_(bleach),4,2144,"[""kuchiki_rukia_(bleach)""]",False,False
1829230,octoling_girl_(splatoon),4,3183,"[""octoling_girl_(splatoon)""]",False,False
7449,daidouji_tomoyo_(cardcaptor_sakura),4,1703,"[""daidouji_tomoyo_(cardcaptor_sakura)""]",False,False
181219,kirijou_mitsuru_(persona),4,1826,"[""kirijou_mitsuru_(persona)"", ""mitsuru_kirijou"", ""mitsuru_kirijyo""]",False,False
550010,tsukikage_yuri_(heartcatch_precure!),4,1468,"[""tsukikage_yuri_(heartcatch_precure!)""]",False,False
1688526,kokona_(blue_archive),4,2242,"[""kokona_(blue_archive)"", ""sunohara_kokona""]",False,False
1288044,popuko_(pop_team_epic),4,1577,"[""popuko_(pop_team_epic)""]",False,False
1724523,irida_(pokemon),4,1767,"[""irida_(pokemon)""]",False,False
1768187,saki_(blue_archive),4,2235,"[""saki_(blue_archive)"", ""sorai_saki""]",False,False
1438046,android_21_(dragon_ball),4,1614,"[""android_21_(dragon_ball)""]",False,False
935913,alice_margatroid_(pc-98),4,1506,"[""alice_margatroid_(pc-98)"", ""alice_margatroid_(young)""]",False,False
1462223,hatoba_tsugu_(idolmaster),4,1711,"[""hatoba_tsugu_(idolmaster)""]",False,False
1551542,dido_(azur_lane),4,1503,"[""dido_(azur_lane)""]",False,False
1492855,hawks_(boku_no_hero_academia),4,1641,"[""hawks_(boku_no_hero_academia)"", ""takami_keigo""]",False,False
1377502,tamura_yuri_(yuru_yuri),4,1516,"[""tamura_yuri_(yuru_yuri)""]",False,False
387299,prisma_illya_(fate),4,1700,"[""prisma_illya_(fate)""]",False,False
717606,yukinoshita_yukino_(oregairu),4,1737,"[""yukinoshita_yukino_(oregairu)""]",False,False
1514982,elio_(pokemon),4,1627,"[""elio_(pokemon)"", ""sun_(pokemon)"", ""you_(pokemon)""]",False,False
1768632,mysterious_heroine_x_alter_(fate),4,1552,"[""mysterious_heroine_x_alter_(fate)"", ""mysterious_heroine_x_(alter)_(fate)"", ""mysterious_heroine_x_(alter)"", ""heroine_x_(alter)""]",False,False
1827083,yoru_(chainsaw_man),4,2231,"[""yoru_(chainsaw_man)""]",False,False
1349628,fubuki_(one-punch_man),4,1823,"[""fubuki_(one-punch_man)"", ""hellish_blizzard"", ""fubuki_(onepunch_man)""]",False,False
1556681,rex_(xenoblade),4,1643,"[""rex_(xenoblade)""]",False,False
445840,jigglypuff_(pokemon),4,1769,"[""jigglypuff_(pokemon)""]",False,False
1630503,ark_royal_(kancolle),4,1453,"[""ark_royal_(kancolle)"", ""ark_royal_(kantai_collection)""]",False,False
428824,bruno_bucciarati_(jojo_no_kimyou_na_bouken),4,1536,"[""bruno_bucciarati_(jojo_no_kimyou_na_bouken)"", ""bruno_buccellati""]",False,False
1464773,nakano_itsuki_(go-toubun_no_hanayome),4,1835,"[""nakano_itsuki_(go-toubun_no_hanayome)""]",False,False
1886282,robin_(male)_(fire_emblem),4,1644,"[""robin_(male)_(fire_emblem)"", ""robin_(fire_emblem)_(male)"", ""male_my_unit_(fire_emblem:_kakusei)""]",False,False
1630643,etorofu_(kancolle),4,1511,"[""etorofu_(kancolle)"", ""etorofu_(kantai_collection)""]",False,False
1518710,hisakawa_hayate_(idolmaster),4,1642,"[""hisakawa_hayate_(idolmaster)""]",False,False
439343,ragna_the_bloodedge_(blazblue),4,1425,"[""ragna_the_bloodedge_(blazblue)""]",False,False
1706706,toutetsu_yuuma_(touhou),4,1945,"[""toutetsu_yuuma_(touhou)""]",False,False
1589994,xingqiu_(genshin_impact),4,1690,"[""xingqiu_(genshin_impact)"", ""yukuaki_(genshin_impact)""]",False,False
1512399,wraith_(apex_legends),4,1659,"[""wraith_(apex_legends)""]",False,False
101524,bowser_(super_mario),4,1687,"[""bowser_(super_mario)""]",False,False
1667157,m16a1_(girls'_frontline),4,1650,"[""m16a1_(girls'_frontline)"", ""m16a1_(girls_frontline)""]",False,False
1462454,sonoda_chiyoko_(idolmaster),4,1702,"[""sonoda_chiyoko_(idolmaster)""]",False,False
1619061,jumpy_dumpty_(shugo_chara!),4,1553,"[""jumpy_dumpty_(shugo_chara!)""]",False,False
1258989,failure_penguin_(mawaru_penguindrum),4,1424,"[""failure_penguin_(mawaru_penguindrum)""]",False,False
1441567,monika_(doki_doki_literature_club),4,1877,"[""monika_(doki_doki_literature_club)""]",False,False
1533372,miyamoto_musashi_(swimsuit_berserker)_(fate),4,1530,"[""miyamoto_musashi_(swimsuit_berserker)_(fate)""]",False,False
1589926,kamina_(ttgl),4,1430,"[""kamina_(ttgl)""]",False,False
1522439,niwatari_kutaka_(touhou),4,1761,"[""niwatari_kutaka_(touhou)""]",False,False
1684743,mr._c.b._(umamusume),4,1989,"[""mr._c.b._(umamusume)""]",False,False
592340,snivy_(pokemon),4,1669,"[""snivy_(pokemon)""]",False,False
1667150,st_ar-15_(girls'_frontline),4,1492,"[""st_ar-15_(girls'_frontline)"", ""st_ar-15_(girls_frontline)""]",False,False
1631092,kamoi_(kancolle),4,1452,"[""kamoi_(kancolle)"", ""kamoi_(kantai_collection)""]",False,False
1436229,uehara_ayumu_(nijisanji),4,2421,"[""uehara_ayumu_(nijisanji)""]",False,False
1304908,yamato-no-kami_yasusada_(touken_ranbu),4,1420,"[""yamato-no-kami_yasusada_(touken_ranbu)""]",False,False
1525546,kugisaki_nobara_(jujutsu_kaisen),4,1905,"[""kugisaki_nobara_(jujutsu_kaisen)""]",False,False
610092,yoshikawa_chinatsu_(yuru_yuri),4,1438,"[""yoshikawa_chinatsu_(yuru_yuri)""]",False,False
602082,charlotte_dunois_(infinite_stratos),4,1407,"[""charlotte_dunois_(infinite_stratos)""]",False,False
1571821,modeus_(helltaker),4,1541,"[""modeus_(helltaker)""]",False,False
1462457,komiya_kaho_(idolmaster_cinderella_girls),4,1694,"[""komiya_kaho_(idolmaster_cinderella_girls)""]",False,False
1677017,barghest_(fate),4,1928,"[""barghest_(fate)"", ""tam_lin_gawain_(fate)"", ""fairy_knight_gawain_(fate)"", ""gawain_(fairy_knight)_(fate)""]",False,False
663499,totoki_airi_(idolmaster_cinderella_girls),4,1492,"[""totoki_airi_(idolmaster_cinderella_girls)""]",False,False
1386217,umikaze_(kancolle),4,1455,"[""umikaze_(kancolle)"", ""umikaze_(kantai_collection)""]",False,False
1657252,pomu_rainpuff_(nijisanji),4,1490,"[""pomu_rainpuff_(nijisanji)""]",False,False
419122,tatsumi_kanji_(persona),4,1437,"[""tatsumi_kanji_(persona)""]",False,False
1630693,hagikaze_(kancolle),4,1427,"[""hagikaze_(kancolle)"", ""hagikaze_(kantai_collection)""]",False,False
1432308,nishida_satono_(touhou),4,1548,"[""nishida_satono_(touhou)""]",False,False
1468121,nakano_ichika_(go-toubun_no_hanayome),4,1854,"[""nakano_ichika_(go-toubun_no_hanayome)""]",False,False
816414,joseph_joestar_(old),4,1400,"[""joseph_joestar_(old)""]",False,False
1258306,ninomiya_asuka_(idolmaster),4,1490,"[""ninomiya_asuka_(idolmaster)""]",False,False
1513846,sobble_(pokemon),4,1537,"[""sobble_(pokemon)""]",False,False
1753908,goldenglow_(arknights),4,1932,"[""goldenglow_(arknights)""]",False,False
1435315,oyama_mihari_(onimai),4,1878,"[""oyama_mihari_(onimai)""]",False,False
2039817,minato_aqua_(sailor),4,1730,"[""minato_aqua_(sailor)"", ""minato_aqua_(5th_costume)""]",False,False
1685273,tsukumo_sana_(hololive),4,1557,"[""tsukumo_sana_(hololive)""]",False,False
16268,son_gohan_(dragon_ball),4,1834,"[""son_gohan_(dragon_ball)"", ""gohan_(dragon_ball)""]",False,False
445848,squirtle_(pokemon),4,1647,"[""squirtle_(pokemon)""]",False,False
1631145,little_boy_admiral_(kancolle),4,1422,"[""little_boy_admiral_(kancolle)"", ""little_boy_admiral_(kantai_collection)"", ""shota_admiral_(kantai_collection)""]",False,False
416940,su-san_(crayon_shin-chan),4,1474,"[""su-san_(crayon_shin-chan)""]",False,False
714995,yuno_(hidamari_sketch),4,1406,"[""yuno_(hidamari_sketch)"", ""yuno""]",False,False
1525770,hop_(pokemon),4,1494,"[""hop_(pokemon)""]",False,False
1713162,cyno_(genshin_impact),4,2062,"[""cyno_(genshin_impact)""]",False,False
411080,lopunny_(pokemon),4,1821,"[""lopunny_(pokemon)""]",False,False
1407454,atalanta_(fate),4,1406,"[""atalanta_(fate)""]",False,False
396219,tokiko_(touhou),4,1415,"[""tokiko_(touhou)""]",False,False
1972683,nerissa_ravencroft_(hololive),4,3264,"[""nerissa_ravencroft_(hololive)""]",False,False
487228,sengoku_nadeko_(bakemonogatari),4,1611,"[""sengoku_nadeko_(bakemonogatari)""]",False,False
1406536,kagamihara_nadeshiko_(yuru_camp),4,1485,"[""kagamihara_nadeshiko_(yuru_camp)""]",False,False
1522707,siege_(arknights),4,1539,"[""siege_(arknights)""]",False,False
1841705,kaveh_(genshin_impact),4,2163,"[""kaveh_(genshin_impact)""]",False,False
464857,sailor_mercury_(sailor_moon),4,1526,"[""sailor_mercury_(sailor_moon)""]",False,False
520787,elin_(tera),4,1368,"[""elin_(tera)"", ""elin_(tera)""]",False,False
430852,hachikuji_mayoi_(bakemonogatari),4,1506,"[""hachikuji_mayoi_(bakemonogatari)""]",False,False
1607938,getou_suguru_(jujutsu_kaisen),4,1804,"[""getou_suguru_(jujutsu_kaisen)""]",False,False
617637,oomuro_sakurako_(yuru_yuri),4,1437,"[""oomuro_sakurako_(yuru_yuri)""]",False,False
1630544,colorado_(kancolle),4,1469,"[""colorado_(kancolle)"", ""colorado_(kantai_collection)""]",False,False
1479089,okita_souji_alter_(fate),4,1394,"[""okita_souji_alter_(fate)"", ""okita_souji_(alter)_(fate)""]",False,False
1644965,air_groove_(umamusume),4,1800,"[""air_groove_(umamusume)""]",False,False
12091,tohno_akiha_(tsukihime),4,1478,"[""tohno_akiha_(tsukihime)"", ""toono_akiha""]",False,False
1222667,ike_(fire_emblem),4,1707,"[""ike_(fire_emblem)"", ""ike""]",False,False
677075,reiner_braun_(shingeki_no_kyojin),4,1514,"[""reiner_braun_(shingeki_no_kyojin)""]",False,False
1631358,shouhou_(kancolle),4,1404,"[""shouhou_(kancolle)"", ""shouhou_(kantai_collection)""]",False,False
513774,shantae_(shantae),4,1648,"[""shantae_(shantae)"", ""shantae_(character)""]",False,False
1933157,sakura_miko_(1st_costume),4,1669,"[""sakura_miko_(1st_costume)""]",False,False
2018082,blanc_(neptunia),4,1377,"[""blanc_(neptunia)"", ""blanc_(neptune_series)"", ""blanc""]",False,False
1518711,hisakawa_nagi_(idolmaster_cinderella_girls),4,1546,"[""hisakawa_nagi_(idolmaster_cinderella_girls)""]",False,False
1292974,ashido_mina_(boku_no_hero_academia),4,1608,"[""ashido_mina_(boku_no_hero_academia)"", ""pinky_(boku_no_hero_academia)""]",False,False
1307567,cagliostro_(granblue_fantasy),4,1426,"[""cagliostro_(granblue_fantasy)""]",False,False
1498626,rita_rossweisse_(idolmaster),4,1581,"[""rita_rossweisse_(idolmaster)""]",False,False
1432310,teireida_mai_(touhou),4,1514,"[""teireida_mai_(touhou)""]",False,False
445933,vaporeon_(pokemon),4,1960,"[""vaporeon_(pokemon)""]",False,False
547150,myoudouin_itsuki_(heartcatch_precure!),4,1365,"[""myoudouin_itsuki_(heartcatch_precure!)""]",False,False
709319,yuigahama_yui_(oregairu),4,1540,"[""yuigahama_yui_(oregairu)""]",False,False
710980,kadotani_anzu_(girls_und_panzer),4,1448,"[""kadotani_anzu_(girls_und_panzer)""]",False,False
1584984,serika_(blue_archive),4,2626,"[""serika_(blue_archive)"", ""kuromi_serika""]",False,False
1631270,richelieu_(kancolle),4,1455,"[""richelieu_(kancolle)"", ""richelieu_(kantai_collection)""]",False,False
1631260,oyashio_(kancolle),4,1453,"[""oyashio_(kancolle)"", ""oyashio_(kantai_collection)""]",False,False
1993491,shiroko_terror_(blue_archive),4,2690,"[""shiroko_terror_(blue_archive)"", ""shiroko_(terror)_(blue_archive)""]",False,False
389156,frederica_bernkastel_(umineko_no_naku_koro_ni),4,1441,"[""frederica_bernkastel_(umineko_no_naku_koro_ni)""]",False,False
1567159,shinonome_ena_(project_sekai),4,1996,"[""shinonome_ena_(project_sekai)""]",False,False
1332548,chi-chi_(dragon_ball),4,1550,"[""chi-chi_(dragon_ball)"", ""chichi""]",False,False
475559,araragi_koyomi_(bakemonogatari),4,1484,"[""araragi_koyomi_(bakemonogatari)""]",False,False
1511279,murasaki_shikibu_(fate),4,1400,"[""murasaki_shikibu_(fate)""]",False,False
1459806,tanaka_mamimi_(idolmaster),4,1562,"[""tanaka_mamimi_(idolmaster)""]",False,False
1304230,tsurumaru_kuninaga_(touken_ranbu),4,1379,"[""tsurumaru_kuninaga_(touken_ranbu)""]",False,False
1451890,kaguya_luna_(hololive),4,1344,"[""kaguya_luna_(hololive)""]",False,False
1690906,kamisato_ayato_(genshin_impact),4,1726,"[""kamisato_ayato_(genshin_impact)""]",False,False
1226975,diana_cavendish_(little_witch_academia),4,1427,"[""diana_cavendish_(little_witch_academia)""]",False,False
1534340,joutouguu_mayumi_(touhou),4,1491,"[""joutouguu_mayumi_(touhou)""]",False,False
653217,nepgear_(hyperdimension_neptunia),4,1357,"[""nepgear_(hyperdimension_neptunia)""]",False,False
1300741,kousaka_reina_(hibike_euphonium),4,1573,"[""kousaka_reina_(hibike_euphonium)""]",False,False
405776,riesz_(seiken_densetsu),4,1351,"[""riesz_(seiken_densetsu)""]",False,False
421660,tsunade_(naruto),4,1540,"[""tsunade_(naruto)"", ""tsunade""]",False,False
1630497,arashi_(kancolle),4,1378,"[""arashi_(kancolle)"", ""arashi_(kantai_collection)""]",False,False
1567162,tenma_tsukasa_(project_sekai),4,1656,"[""tenma_tsukasa_(project_sekai)""]",False,False
746341,tharja_(fire_emblem),4,1535,"[""tharja_(fire_emblem)"", ""tharja"", ""sarja""]",False,False
451173,haramura_nodoka_(saki),4,1359,"[""haramura_nodoka_(saki)""]",False,False
12258,katsuragi_misato_(neon_genesis_evangelion),4,1612,"[""katsuragi_misato_(neon_genesis_evangelion)""]",False,False
1181678,boo_(mario),4,1457,"[""boo_(mario)"", ""boo""]",False,False
1779349,kanna_(blue_archive),4,4236,"[""kanna_(blue_archive)"", ""ogata_kanna_(blue_archive)""]",False,False
1383156,gladion_(pokemon),4,1579,"[""gladion_(pokemon)"", ""gladio_(pokemon)""]",False,False
1932884,hasumi_(track)_(blue_archive),4,1555,"[""hasumi_(track)_(blue_archive)"", ""hanekawa_hasumi_(track)"", ""hasumi_(gym_uniform)_(blue_archive)""]",False,False
1649113,gilles_de_rais_(caster)_(fate),4,1324,"[""gilles_de_rais_(caster)_(fate)"", ""caster_(fate/zero)""]",False,False
1530489,eyjafjalla_(arknights),4,1612,"[""eyjafjalla_(arknights)""]",False,False
12518,leona_heidern_(fatal_fury),4,1494,"[""leona_heidern_(fatal_fury)""]",False,False
1459172,sakuragi_mano_(idolmaster),4,1623,"[""sakuragi_mano_(idolmaster)""]",False,False
1630505,asagumo_(kancolle),4,1377,"[""asagumo_(kancolle)"", ""asagumo_(kantai_collection)""]",False,False
1392841,altera_(fate),4,1360,"[""altera_(fate)"", ""attila_(fate/grand_order)""]",False,False
1341419,anila_(granblue_fantasy),4,1443,"[""anila_(granblue_fantasy)"", ""anira_(granblue_fantasy)""]",False,False
1368823,niijima_makoto_(persona),4,1553,"[""niijima_makoto_(persona)""]",False,False
1630636,enemy_lifebuoy_(kancolle),4,1383,"[""enemy_lifebuoy_(kancolle)"", ""enemy_lifebuoy_(kantai_collection)""]",False,False
9090,mizunashi_akari_(aria),4,1462,"[""mizunashi_akari_(aria)""]",False,False
622669,alisa_ilinichina_amiella_(god_eater),4,1351,"[""alisa_ilinichina_amiella_(god_eater)"", ""arisa_iriinchina_amieera""]",False,False
1291135,elphelt_valentine_(guilty_gear),4,1735,"[""elphelt_valentine_(guilty_gear)""]",False,False
489852,akizuki_ryo_(free!),4,1327,"[""akizuki_ryo_(free!)"", ""akizuki_ryou""]",False,False
734427,sona_(league_of_legends),4,1362,"[""sona_(league_of_legends)"", ""sona_buvelle""]",False,False
1399519,tamaki_iroha_(magia_record),4,1913,"[""tamaki_iroha_(magia_record)""]",False,False
1932889,mari_(track)_(blue_archive),4,1988,"[""mari_(track)_(blue_archive)"", ""iochi_mari_(track)"", ""mari_(gym_uniform)_(blue_archive)""]",False,False
1627780,tokitarou_(fate),4,1422,"[""tokitarou_(fate)"", ""tokitarou_(fate/grand_order)""]",False,False
575975,iris_(pokemon),4,1500,"[""iris_(pokemon)""]",False,False
596939,akali_(league_of_legends),4,1420,"[""akali_(league_of_legends)""]",False,False
1544888,victor_(pokemon),4,1450,"[""victor_(pokemon)"", ""henry_sword"", ""male_protagonist_(pokemon_swsh)"", ""masaru_(pokemon)""]",False,False
1528128,himeno_(chainsaw_man),4,1565,"[""himeno_(chainsaw_man)""]",False,False
596093,caren_hortensia_(fate),4,1383,"[""caren_hortensia_(fate)"", ""caren_ortensia"", ""karen_ortensia""]",False,False
1799502,shun_(small)_(blue_archive),4,1678,"[""shun_(small)_(blue_archive)"", ""sunohara_shun_(small)"", ""shun_(kid)_(blue_archive)""]",False,False
542685,oribe_yasuna_(kill_me_baby),4,1473,"[""oribe_yasuna_(kill_me_baby)""]",False,False
587823,tsurumaki_maki_(vocaloid),4,1476,"[""tsurumaki_maki_(vocaloid)""]",False,False
601379,takagi-san_(karakai_jouzu_no_takagi-san),4,1556,"[""takagi-san_(karakai_jouzu_no_takagi-san)""]",False,False
1933141,hakui_koyori_(1st_costume),4,1586,"[""hakui_koyori_(1st_costume)""]",False,False
1407495,eurasian_eagle_owl_(kemono_friends),4,1340,"[""eurasian_eagle_owl_(kemono_friends)""]",False,False
1589614,pochita_(chainsaw_man),4,1636,"[""pochita_(chainsaw_man)""]",False,False
599168,hourai_doll_(touhou),4,1338,"[""hourai_doll_(touhou)""]",False,False
1639053,fubuki_kai_ni_(kancolle),4,1860,"[""fubuki_kai_ni_(kancolle)""]",False,False
664000,ichihara_nina_(idolmaster_cinderella_girls),4,1431,"[""ichihara_nina_(idolmaster_cinderella_girls)""]",False,False
1579913,yamato_(one_piece),4,1810,"[""yamato_(one_piece)""]",False,False
672515,abe_nana_(idolmaster_cinderella_girls),4,1400,"[""abe_nana_(idolmaster_cinderella_girls)""]",False,False
421683,angel_(kof),4,1481,"[""angel_(kof)"", ""angel_(king_of_fighters)""]",False,False
644430,rias_gremory_(high_school_dxd),4,1427,"[""rias_gremory_(high_school_dxd)""]",False,False
558421,high_priest_(ragnarok_online),4,1468,"[""high_priest_(ragnarok_online)""]",False,False
681655,oikawa_shizuku_(idolmaster_cinderella_girls),4,1392,"[""oikawa_shizuku_(idolmaster_cinderella_girls)""]",False,False
1899592,pod_(nier:automata),4,1445,"[""pod_(nier:automata)"", ""pod_(nier_automata)""]",False,False
1567158,asahina_mafuyu_(project_sekai),4,2178,"[""asahina_mafuyu_(project_sekai)""]",False,False
1705709,irene_(arknights),4,1923,"[""irene_(arknights)""]",False,False
1420943,tennouji_rina_(love_live!),4,0,"[""tennouji_rina_(love_live!)""]",False,False
1318793,zeta_(granblue_fantasy),4,1417,"[""zeta_(granblue_fantasy)""]",False,False
1780213,hina_(swimsuit)_(blue_archive),4,1696,"[""hina_(swimsuit)_(blue_archive)"", ""sorasaki_hina_(swimsuit)""]",False,False
555,haro_(gundam),4,1663,"[""haro_(gundam)""]",False,False
433648,gyro_zeppeli_(jojo_no_kimyou_na_bouken),4,1331,"[""gyro_zeppeli_(jojo_no_kimyou_na_bouken)""]",False,False
532518,cure_marine_(heartcatch_precure!),4,1325,"[""cure_marine_(heartcatch_precure!)""]",False,False
1631154,maikaze_(kancolle),4,1310,"[""maikaze_(kancolle)"", ""maikaze_(kantai_collection)""]",False,False
1386434,momota_kaito_(danganronpa),4,1916,"[""momota_kaito_(danganronpa)""]",False,False
1611841,haruna_(blue_archive),4,1934,"[""haruna_(blue_archive)"", ""kurodate_haruna""]",False,False
1671729,sirius_symboli_(umamusume),4,1973,"[""sirius_symboli_(umamusume)""]",False,False
1631255,ooshio_(kancolle),4,1303,"[""ooshio_(kancolle)"", ""ooshio_(kantai_collection)""]",False,False
6177,moogle_(final_fantasy),4,1639,"[""moogle_(final_fantasy)""]",False,False
1542249,assam_(girls_und_panzer),4,1356,"[""assam_(girls_und_panzer)"", ""assam""]",False,False
893075,suou_momoko_(idolmaster_cinderella_girls),4,1582,"[""suou_momoko_(idolmaster_cinderella_girls)""]",False,False
1414917,alpaca_suri_(kemono_friends),4,1324,"[""alpaca_suri_(kemono_friends)"", ""alpaca_suri""]",False,False
1442807,marie_(girls_und_panzer),4,1394,"[""marie_(girls_und_panzer)""]",False,False
1937492,tsukino_mito_(1st_costume),4,1608,"[""tsukino_mito_(1st_costume)""]",False,False
425767,espeon_(pokemon),4,1877,"[""espeon_(pokemon)""]",False,False
437588,kuma_(persona_4),4,1329,"[""kuma_(persona_4)"", ""teddie_(persona_4)"", ""kuma_(persona4)""]",False,False
533537,ciel_(tsukihime),4,1620,"[""ciel_(tsukihime)""]",False,False
1644991,matikanefukukitaru_(umamusume),4,1643,"[""matikanefukukitaru_(umamusume)""]",False,False
422389,cyndaquil_(pokemon),4,1574,"[""cyndaquil_(pokemon)""]",False,False
1631068,johnston_(kancolle),4,1429,"[""johnston_(kancolle)"", ""johnston_(kantai_collection)""]",False,False
11052,maebara_keiichi_(higurashi_no_naku_koro_ni),4,1350,"[""maebara_keiichi_(higurashi_no_naku_koro_ni)""]",False,False
1814893,magical_mirai_miku_(vocaloid),4,1542,"[""magical_mirai_miku_(vocaloid)"", ""magimirai_miku""]",False,False
1567149,ootori_emu_(project_sekai),4,1688,"[""ootori_emu_(project_sekai)""]",False,False
464855,sailor_venus_(sailor_moon),4,1412,"[""sailor_venus_(sailor_moon)""]",False,False
445845,charmander_(pokemon),4,1507,"[""charmander_(pokemon)""]",False,False
1299395,amanogawa_kirara_(idolmaster_cinderella_girls),4,1298,"[""amanogawa_kirara_(idolmaster_cinderella_girls)""]",False,False
1814441,arlecchino_(genshin_impact),4,3935,"[""arlecchino_(genshin_impact)""]",False,False
1477331,osaki_tenka_(idolmaster),4,1492,"[""osaki_tenka_(idolmaster)"", ""oosaki_tenka""]",False,False
1594449,kashino_(azur_lane),4,1443,"[""kashino_(azur_lane)""]",False,False
554323,may_(guilty_gear),4,1396,"[""may_(guilty_gear)""]",False,False
421102,minna-dietlinde_wilcke_(strike_witches),4,1288,"[""minna-dietlinde_wilcke_(strike_witches)""]",False,False
618147,honma_meiko_(anohana),4,1266,"[""honma_meiko_(anohana)""]",False,False
1459180,kazano_hiori_(idolmaster),4,1480,"[""kazano_hiori_(idolmaster)""]",False,False
1696728,rydia_(ff4),4,1305,"[""rydia_(ff4)"", ""rydia""]",False,False
1447775,katou_asuka_(idolmaster),4,1386,"[""katou_asuka_(idolmaster)""]",False,False
1520852,hozuki_momiji_(idolmaster),4,1776,"[""hozuki_momiji_(idolmaster)""]",False,False
1282191,hoshino_fumina_(gundam),4,1313,"[""hoshino_fumina_(gundam)""]",False,False
1481030,caenis_(fate),4,1475,"[""caenis_(fate)"", ""lancer_(lostbelt)""]",False,False
1972693,shiori_novella_(hololive),4,3012,"[""shiori_novella_(hololive)""]",False,False
1472521,medea_(fate),4,1380,"[""medea_(fate)"", ""caster""]",False,False
1305388,namazuo_toushirou_(touken_ranbu),4,1257,"[""namazuo_toushirou_(touken_ranbu)""]",False,False
2060124,marcille_donato_(dungeon_meshi),4,4367,"[""marcille_donato_(dungeon_meshi)"", ""marcille""]",False,False
1682879,seia_(blue_archive),4,3309,"[""seia_(blue_archive)"", ""yurizono_seia""]",False,False
1406070,jaguar_(kemono_friends),4,1276,"[""jaguar_(kemono_friends)""]",False,False
459048,momozono_love_(fresh_precure!),4,1310,"[""momozono_love_(fresh_precure!)""]",False,False
633741,furutani_himawari_(girls_und_panzer),4,1290,"[""furutani_himawari_(girls_und_panzer)"", ""furuya_himawari""]",False,False
713156,hoshimiya_ichigo_(aikatsu!),4,1430,"[""hoshimiya_ichigo_(aikatsu!)""]",False,False
1842585,alear_(fire_emblem),4,1980,"[""alear_(fire_emblem)""]",False,False
597205,silica_(sword_art_online),4,1255,"[""silica_(sword_art_online)""]",False,False
1627521,boudica_(fate),4,1415,"[""boudica_(fate)"", ""boudica_(fate/grand_order)""]",False,False
1645008,smart_falcon_(umamusume),4,1518,"[""smart_falcon_(umamusume)""]",False,False
1810886,dehya_(genshin_impact),4,1584,"[""dehya_(genshin_impact)""]",False,False
566644,blaze_the_cat_(sonic_the_hedgehog),4,1663,"[""blaze_the_cat_(sonic_the_hedgehog)""]",False,False
1933147,murasaki_shion_(1st_costume),4,1450,"[""murasaki_shion_(1st_costume)""]",False,False
7459,white_mage_(final_fantasy),4,0,"[""white_mage_(final_fantasy)""]",False,False
501746,shadow_the_hedgehog_(sonic_the_hedgehog),4,2256,"[""shadow_the_hedgehog_(sonic_the_hedgehog)""]",False,False
464856,sailor_mars_(sailor_moon),4,1359,"[""sailor_mars_(sailor_moon)""]",False,False
1232066,armin_arlert_(shingeki_no_kyojin),4,1348,"[""armin_arlert_(shingeki_no_kyojin)"", ""armin_arelet""]",False,False
1462463,arisugawa_natsuha_(idolmaster),4,1378,"[""arisugawa_natsuha_(idolmaster)""]",False,False
1567160,akiyama_mizuki_(project_sekai),4,1993,"[""akiyama_mizuki_(project_sekai)""]",False,False
1349627,saitama_(one-punch_man),4,1555,"[""saitama_(one-punch_man)"", ""saitama_(onepunch_man)""]",False,False
1292110,shidare_hotaru_(dagashi_kashi),4,1253,"[""shidare_hotaru_(dagashi_kashi)""]",False,False
1654888,tenkyuu_chimata_(touhou),4,1439,"[""tenkyuu_chimata_(touhou)""]",False,False
1631536,hilichurl_(genshin_impact),4,1459,"[""hilichurl_(genshin_impact)"", ""hilichurl""]",False,False
445831,green_(pokemon),4,1323,"[""green_(pokemon)"", ""blue_(pokemon_special)""]",False,False
1603873,mountain_(arknights),4,1622,"[""mountain_(arknights)""]",False,False
1402193,nanachi_(made_in_abyss),4,1445,"[""nanachi_(made_in_abyss)""]",False,False
1514243,shigure_ui_(vtuber),4,1846,"[""shigure_ui_(vtuber)""]",False,False
1564800,moona_hoshinova_(hololive),4,1564,"[""moona_hoshinova_(hololive)""]",False,False
544078,lucas_(pokemon),4,1364,"[""lucas_(pokemon)"", ""diamond_(pokemon)"", ""kouki_(pokemon)""]",False,False
1305386,honebami_toushirou_(touken_ranbu),4,1225,"[""honebami_toushirou_(touken_ranbu)""]",False,False
1125853,enkidu_(fate),4,1365,"[""enkidu_(fate)"", ""enkidu_(fate/strange_fake)""]",False,False
618301,ivan_karelin_(tiger_&_bunny),4,1222,"[""ivan_karelin_(tiger_&_bunny)""]",False,False
1933142,kazama_iroha_(1st_costume),4,1568,"[""kazama_iroha_(1st_costume)""]",False,False
1594283,shinano_(azur_lane),4,1575,"[""shinano_(azur_lane)""]",False,False
1622926,akane_(blue_archive),4,1664,"[""akane_(blue_archive)"", ""murokasa_akane""]",False,False
1761329,sprigatito_(pokemon),4,1782,"[""sprigatito_(pokemon)""]",False,False
1644995,meisho_doto_(umamusume),4,1613,"[""meisho_doto_(umamusume)""]",False,False
533539,kohaku_(tsukihime),4,1343,"[""kohaku_(tsukihime)""]",False,False
1536880,zara_(azur_lane),4,1278,"[""zara_(azur_lane)""]",False,False
8760,kusanagi_motoko_(ghost_in_the_shell),4,1405,"[""kusanagi_motoko_(ghost_in_the_shell)""]",False,False
564326,nakamura_yuri_(angel_beats!),4,1360,"[""nakamura_yuri_(angel_beats!)"", ""yuri_(angel_beats!)""]",False,False
1631180,mikuma_(kancolle),4,1285,"[""mikuma_(kancolle)"", ""mikuma_(kantai_collection)""]",False,False
1856034,backbeako_(touhou),4,0,"[""backbeako_(touhou)""]",False,False
1571010,takasaki_yuu_(love_live!),4,0,"[""takasaki_yuu_(love_live!)""]",False,False
1333583,kozakura_marry_(kagerou_project),4,1251,"[""kozakura_marry_(kagerou_project)"", ""kozakura_mary""]",False,False
1617664,rosaria_(genshin_impact),4,1317,"[""rosaria_(genshin_impact)""]",False,False
1561721,ichikawa_hinana_(idolmaster),4,1495,"[""ichikawa_hinana_(idolmaster)""]",False,False
1233044,yuuki_haru_(idolmaster_cinderella_girls),4,1494,"[""yuuki_haru_(idolmaster_cinderella_girls)""]",False,False
1288043,pipimi_(pop_team_epic),4,1324,"[""pipimi_(pop_team_epic)""]",False,False
1303946,midare_toushirou_(touken_ranbu),4,1221,"[""midare_toushirou_(touken_ranbu)""]",False,False
1533343,bede_(pokemon),4,1362,"[""bede_(pokemon)"", ""beet_(pokemon)""]",False,False
1560602,kyouka_(princess_connect!),4,0,"[""kyouka_(princess_connect!)""]",False,False
528478,sabrina_(pokemon),4,1503,"[""sabrina_(pokemon)"", ""natsume_(pokemon)""]",False,False
1630717,hatsushimo_(kancolle),4,1226,"[""hatsushimo_(kancolle)"", ""hatsushimo_(kantai_collection)""]",False,False
1436151,uzaki_hana_(uzaki-chan_wa_asobitai!),4,1286,"[""uzaki_hana_(uzaki-chan_wa_asobitai!)""]",False,False
1515913,reines_el-melloi_archisorte_(fate),4,1252,"[""reines_el-melloi_archisorte_(fate)""]",False,False
375278,tohsaka_tokiomi_(fate),4,1209,"[""tohsaka_tokiomi_(fate)"", ""toosaka_tokiomi""]",False,False
1572402,xiangling_(genshin_impact),4,1428,"[""xiangling_(genshin_impact)"", ""shanrin_(genshin_impact)""]",False,False
1624311,nagi_(kannagi),4,1201,"[""nagi_(kannagi)"", ""nagi""]",False,False
1401930,nemoto_hina_(idolmaster_cinderella_girls),4,1256,"[""nemoto_hina_(idolmaster_cinderella_girls)""]",False,False
1538944,sussurro_(arknights),4,1701,"[""sussurro_(arknights)""]",False,False
1630538,chitose_(kancolle),4,1226,"[""chitose_(kancolle)"", ""chitose_(kantai_collection)""]",False,False
1631019,i-26_(kancolle),4,1242,"[""i-26_(kancolle)"", ""i-26_(kantai_collection)"", ""nimu_(kantai_collection)""]",False,False
1541815,rabbit_yukine_(vocaloid),4,1311,"[""rabbit_yukine_(vocaloid)"", ""yukine_(vocaloid)""]",False,False
1933109,amane_kanata_(1st_costume),4,1369,"[""amane_kanata_(1st_costume)""]",False,False
425769,leafeon_(pokemon),4,1708,"[""leafeon_(pokemon)""]",False,False
1405299,emperor_penguin_(kemono_friends),4,1349,"[""emperor_penguin_(kemono_friends)""]",False,False
1682889,wakamo_(blue_archive),4,2090,"[""wakamo_(blue_archive)"", ""kosaka_wakamo""]",False,False
402795,meowth_(pokemon),4,1444,"[""meowth_(pokemon)"", ""nyarth""]",False,False
1391739,karna_(fate),4,1346,"[""karna_(fate)"", ""lancer_of_red"", ""launcher_(fate/extra_ccc)"", ""karna_(fate/extra_ccc)""]",False,False
1631518,zara_(kancolle),4,1315,"[""zara_(kancolle)"", ""zara_(kantai_collection)""]",False,False
1239071,tsukuyomi_shirabe_(symphogear),4,1299,"[""tsukuyomi_shirabe_(symphogear)""]",False,False
1496142,minamoto_sakura_(zombie_land_saga),4,1234,"[""minamoto_sakura_(zombie_land_saga)""]",False,False
375868,kururugi_suzaku_(code_geass),4,1248,"[""kururugi_suzaku_(code_geass)""]",False,False
1277829,sento_isuzu_(amagi_brilliant_park),4,1230,"[""sento_isuzu_(amagi_brilliant_park)""]",False,False
1639062,haruna_kai_ni_(kancolle),4,1449,"[""haruna_kai_ni_(kancolle)""]",False,False
1334050,frisk_(undertale),4,1810,"[""frisk_(undertale)""]",False,False
1431995,minamoto_no_raikou_(swimsuit_lancer)_(fate),4,1278,"[""minamoto_no_raikou_(swimsuit_lancer)_(fate)""]",False,False
1487055,sasaki_saku_(nijisanji),4,1363,"[""sasaki_saku_(nijisanji)""]",False,False
712140,kawashima_momo_(hibike_euphonium),4,1246,"[""kawashima_momo_(hibike_euphonium)""]",False,False
1229728,kitazawa_shiho_(idolmaster_cinderella_girls),4,1360,"[""kitazawa_shiho_(idolmaster_cinderella_girls)""]",False,False
1247199,braixen_(pokemon),4,1415,"[""braixen_(pokemon)""]",False,False
176593,takeba_yukari_(persona),4,1965,"[""takeba_yukari_(persona)"", ""yukari_takeba""]",False,False
1242334,ta-class_battleship_(kantai_collection),4,1191,"[""ta-class_battleship_(kantai_collection)"", ""ta-class_(kantai_collection)""]",False,False
1600783,ryoumen_sukuna_(jujutsu_kaisen),4,1830,"[""ryoumen_sukuna_(jujutsu_kaisen)""]",False,False
1886373,sora_harewataru_(hirogaru_sky_precure!),4,1982,"[""sora_harewataru_(hirogaru_sky_precure!)""]",False,False
10145,tsuruya_(suzumiya_haruhi),4,1208,"[""tsuruya_(suzumiya_haruhi)""]",False,False
420502,guido_mista_(jojo_no_kimyou_na_bouken),4,1249,"[""guido_mista_(jojo_no_kimyou_na_bouken)""]",False,False
1630667,fumizuki_(kancolle),4,1216,"[""fumizuki_(kancolle)"", ""fumizuki_(kantai_collection)""]",False,False
745262,celestia_ludenberg_(danganronpa),4,1502,"[""celestia_ludenberg_(danganronpa)"", ""celestia_ludenberck"", ""celestia_rudenberk""]",False,False
1625351,eimi_(blue_archive),4,1563,"[""eimi_(blue_archive)"", ""izumimoto_eimi""]",False,False
528716,yui_(angel_beats!),4,1211,"[""yui_(angel_beats!)"", ""yoshioka_yui""]",False,False
7566,kamikita_komari_(little_busters!),4,1221,"[""kamikita_komari_(little_busters!)""]",False,False
485033,sora_(kingdom_hearts),4,1504,"[""sora_(kingdom_hearts)""]",False,False
1055501,micaiah_(fire_emblem),4,1319,"[""micaiah_(fire_emblem)""]",False,False
1630715,hatsukaze_(kancolle),4,1244,"[""hatsukaze_(kancolle)"", ""hatsukaze_(kantai_collection)""]",False,False
1305416,saniwa_(touken_ranbu),4,1190,"[""saniwa_(touken_ranbu)""]",False,False
1495229,mizuno_ai_(zombie_land_saga),4,1203,"[""mizuno_ai_(zombie_land_saga)""]",False,False
1630536,chikuma_(kancolle),4,1210,"[""chikuma_(kancolle)"", ""chikuma_(kantai_collection)""]",False,False
1667213,m200_(girls'_frontline),4,1364,"[""m200_(girls'_frontline)"", ""m200_(girls_frontline)""]",False,False
1242336,ru-class_battleship_(kantai_collection),4,1168,"[""ru-class_battleship_(kantai_collection)""]",False,False
1246940,matoba_risa_(idolmaster_cinderella_girls),4,1424,"[""matoba_risa_(idolmaster_cinderella_girls)""]",False,False
1732814,kongou_kai_ni_(kancolle),4,1391,"[""kongou_kai_ni_(kancolle)""]",False,False
1522347,suzuhara_lulu_(nijisanji),4,1366,"[""suzuhara_lulu_(nijisanji)""]",False,False
396070,watatsuki_no_toyohime_(touhou),4,1213,"[""watatsuki_no_toyohime_(touhou)""]",False,False
1638054,fu_hua_(herrscher_of_sentience),4,1693,"[""fu_hua_(herrscher_of_sentience)""]",False,False
1644984,fine_motion_(umamusume),4,1464,"[""fine_motion_(umamusume)""]",False,False
1607439,arjuna_(fate),4,1313,"[""arjuna_(fate)"", ""arjuna_(fate/grand_order)""]",False,False
1631106,kazagumo_(kancolle),4,1288,"[""kazagumo_(kancolle)"", ""kazagumo_(kantai_collection)""]",False,False
1548047,vikala_(granblue_fantasy),4,1307,"[""vikala_(granblue_fantasy)""]",False,False
1440644,inuyama_aoi_(yuru_camp),4,1291,"[""inuyama_aoi_(yuru_camp)""]",False,False
1630728,hayasui_(kancolle),4,1240,"[""hayasui_(kancolle)"", ""hayasui_(kantai_collection)""]",False,False
1714815,himari_(blue_archive),4,1680,"[""himari_(blue_archive)"", ""akeboshi_himari""]",False,False
1799880,nemona_(pokemon),4,1705,"[""nemona_(pokemon)"", ""nemo_(pokemon)""]",False,False
1971284,koharu_(swimsuit)_(blue_archive),4,1474,"[""koharu_(swimsuit)_(blue_archive)"", ""shimoe_koharu_(swimsuit)""]",False,False
1629448,passionlip_(fate),4,1349,"[""passionlip_(fate)"", ""passionlip"", ""passion_lip""]",False,False
1440247,yamashiro_(azur_lane),4,1178,"[""yamashiro_(azur_lane)""]",False,False
1781047,artoria_pendragon_(alter_swimsuit_rider)_(second_ascension)_(fate),4,1268,"[""artoria_pendragon_(alter_swimsuit_rider)_(second_ascension)_(fate)""]",False,False
1452674,frankenstein's_monster_(fate),4,1188,"[""frankenstein's_monster_(fate)""]",False,False
1631088,kako_(kancolle),4,1189,"[""kako_(kancolle)"", ""kako_(kantai_collection)""]",False,False
1962844,neuvillette_(genshin_impact),4,2312,"[""neuvillette_(genshin_impact)""]",False,False
12212,kurosaki_ichigo_(bleach),4,1813,"[""kurosaki_ichigo_(bleach)""]",False,False
1448421,pearl_(splatoon),4,1580,"[""pearl_(splatoon)"", ""hime_(splatoon)""]",False,False
1933196,ouro_kronii_(1st_costume),4,2593,"[""ouro_kronii_(1st_costume)""]",False,False
6000,baiken_(guilty_gear),4,1299,"[""baiken_(guilty_gear)""]",False,False
394620,yuuki_mikan_(danganronpa),4,1192,"[""yuuki_mikan_(danganronpa)""]",False,False
592339,tepig_(pokemon),4,1292,"[""tepig_(pokemon)""]",False,False
1760945,kuki_shinobu_(genshin_impact),4,1369,"[""kuki_shinobu_(genshin_impact)""]",False,False
688842,leon_s._kennedy_(resident_evil),4,1480,"[""leon_s._kennedy_(resident_evil)"", ""leon_s_kennedy""]",False,False
1362417,elaina_(majo_no_tabitabi),4,1269,"[""elaina_(majo_no_tabitabi)""]",False,False
1527167,azura_(fire_emblem),4,1322,"[""azura_(fire_emblem)"", ""aqua_(fire_emblem_if)"", ""azura_(fire_emblem_fates)""]",False,False
8305,tomoe_hotaru_(sailor_moon),4,1221,"[""tomoe_hotaru_(sailor_moon)""]",False,False
701392,mioda_ibuki_(danganronpa),4,1425,"[""mioda_ibuki_(danganronpa)""]",False,False
1629357,medb_(fate),4,1262,"[""medb_(fate)"", ""medb_(fate)_(all)"", ""medb_(fate/grand_order)""]",False,False
1366296,popplio_(pokemon),4,1313,"[""popplio_(pokemon)""]",False,False
1806082,nonomi_(swimsuit)_(blue_archive),4,1501,"[""nonomi_(swimsuit)_(blue_archive)"", ""izayoi_nonomi_(swimsuit)""]",False,False
661692,dante_(devil_may_cry),4,1756,"[""dante_(devil_may_cry)""]",False,False
87514,cure_black_(futari_wa_precure),4,1239,"[""cure_black_(futari_wa_precure)""]",False,False
1489783,carpaccio_(girls_und_panzer),4,1207,"[""carpaccio_(girls_und_panzer)"", ""carpaccio""]",False,False
466365,mega_man_(character),4,1429,"[""mega_man_(character)"", ""rockman_(character)"", ""megaman_(character)""]",False,False
1292965,jirou_kyouka_(boku_no_hero_academia),4,0,"[""jirou_kyouka_(boku_no_hero_academia)""]",False,False
1631246,nowaki_(kancolle),4,1176,"[""nowaki_(kancolle)"", ""nowaki_(kantai_collection)""]",False,False
1660217,lucoa_(maidragon),4,1291,"[""lucoa_(maidragon)"", ""quetzalcoatl_(maidragon)"", ""lucoa""]",False,False
1932167,caelus_(honkai:_star_rail),4,3771,"[""caelus_(honkai:_star_rail)"", ""male_trailblazer_(honkai:_star_rail)"", ""trailblazer_(honkai:_star_rail)_(male)""]",False,False
1629366,xuangzang_sanzang_(fate),4,1171,"[""xuangzang_sanzang_(fate)"", ""xuanzang_(fate/grand_order)""]",False,False
1513843,grookey_(pokemon),4,1266,"[""grookey_(pokemon)""]",False,False
1645009,super_creek_(umamusume),4,1411,"[""super_creek_(umamusume)""]",False,False
1644996,mejiro_dober_(umamusume),4,1460,"[""mejiro_dober_(umamusume)""]",False,False
8896,backbeard_(gegege_no_kitarou),4,1530,"[""backbeard_(gegege_no_kitarou)""]",False,False
472786,america_(hetalia),4,1379,"[""america_(hetalia)"", ""alfred_f._jones""]",False,False
1645001,narita_taishin_(umamusume),4,1699,"[""narita_taishin_(umamusume)""]",False,False
1589903,yin_(darker_than_black),4,1130,"[""yin_(darker_than_black)""]",False,False
1631147,littorio_(kancolle),4,1169,"[""littorio_(kancolle)"", ""littorio_(kantai_collection)""]",False,False
1598866,sucrose_(genshin_impact),4,1258,"[""sucrose_(genshin_impact)""]",False,False
438329,torchic_(pokemon),4,1368,"[""torchic_(pokemon)""]",False,False
379900,squall_leonhart_(final_fantasy),4,1644,"[""squall_leonhart_(final_fantasy)""]",False,False
12213,matsumoto_rangiku_(bleach),4,1345,"[""matsumoto_rangiku_(bleach)""]",False,False
1334378,albedo_(overlord),4,1236,"[""albedo_(overlord)"", ""albedo""]",False,False
1646463,gwen_(league_of_legends),4,1327,"[""gwen_(league_of_legends)""]",False,False
15312,millia_rage_(guilty_gear),4,1160,"[""millia_rage_(guilty_gear)""]",False,False
1572599,rosmontis_(arknights),4,1416,"[""rosmontis_(arknights)""]",False,False
502557,nu-13_(blazblue),4,1115,"[""nu-13_(blazblue)"", ""nu_(blazblue)"", ""v-13""]",False,False
1846972,lucy_(cyberpunk),4,1385,"[""lucy_(cyberpunk)"", ""lucyna_kushinada"", ""lucy_(cyberpunk_edgerunners)""]",False,False
630836,huang_baoling_(girls_und_panzer),4,1116,"[""huang_baoling_(girls_und_panzer)"", ""paolin_huan""]",False,False
1606545,diona_(genshin_impact),4,1249,"[""diona_(genshin_impact)""]",False,False
1684742,t.m._opera_o_(umamusume),4,1740,"[""t.m._opera_o_(umamusume)""]",False,False
1230568,isabelle_(animal_crossing),4,1299,"[""isabelle_(animal_crossing)"", ""shizue_(doubutsu_no_mori)""]",False,False
1573025,isekai_joucho_(kamitsubaki_studio),4,0,"[""isekai_joucho_(kamitsubaki_studio)""]",False,False
461046,killua_zoldyck_(hunter_x_hunter),4,1385,"[""killua_zoldyck_(hunter_x_hunter)"", ""killua_zaoldyeck"", ""killua""]",False,False
378066,chris_redfield_(resident_evil),4,1337,"[""chris_redfield_(resident_evil)""]",False,False
601489,maizono_sayaka_(danganronpa),4,1467,"[""maizono_sayaka_(danganronpa)""]",False,False
1631192,mochizuki_(kancolle),4,1138,"[""mochizuki_(kancolle)"", ""mochizuki_(kantai_collection)""]",False,False
1631437,tsushima_(kancolle),4,1219,"[""tsushima_(kancolle)"", ""tsushima_(kantai_collection)""]",False,False
717859,nate_(pokemon),4,1304,"[""nate_(pokemon)"", ""blake_(pokemon)"", ""lack-two_(pokemon)"", ""male_protagonist_(pokemon_bw2)"", ""kyouhei_(pokemon)""]",False,False
1295903,pharah_(overwatch),4,1132,"[""pharah_(overwatch)"", ""fareeha_amari""]",False,False
1906527,kieran_(pokemon),4,4036,"[""kieran_(pokemon)""]",False,False
1304228,izumi-no-kami_kanesada_(touken_ranbu),4,1128,"[""izumi-no-kami_kanesada_(touken_ranbu)""]",False,False
1551455,silence_(arknights),4,1284,"[""silence_(arknights)"", ""silent_(arknights)""]",False,False
550750,cure_sunshine_(heartcatch_precure!),4,1121,"[""cure_sunshine_(heartcatch_precure!)""]",False,False
1627153,medjed_(fate),4,1184,"[""medjed_(fate)"", ""medjed""]",False,False
1720788,lynette_(genshin_impact),4,1927,"[""lynette_(genshin_impact)""]",False,False
654355,kazanari_tsubasa_(senki_zesshou_symphogear),4,1225,"[""kazanari_tsubasa_(senki_zesshou_symphogear)""]",False,False
1478568,merlin_(fate),4,1352,"[""merlin_(fate)""]",False,False
1926018,luo_xiaohei_(luo_xiaohei_zhan_ji),4,1221,"[""luo_xiaohei_(luo_xiaohei_zhan_ji)"", ""luoxiaohei""]",False,False
1611905,hoshino_ruby_(oshi_no_bushi),4,1632,"[""hoshino_ruby_(oshi_no_bushi)""]",False,False
715313,marth_(fire_emblem),4,1221,"[""marth_(fire_emblem)"", ""marth""]",False,False
711467,kamukura_izuru_(danganronpa),4,1446,"[""kamukura_izuru_(danganronpa)""]",False,False
1319288,yoroizuka_mizore_(hibike_euphonium),4,1244,"[""yoroizuka_mizore_(hibike_euphonium)""]",False,False
1343724,miyamizu_mitsuha_(kimi_no_na_wa),4,1173,"[""miyamizu_mitsuha_(kimi_no_na_wa)""]",False,False
1280966,kaneki_ken_(tokyo_ghoul),4,1183,"[""kaneki_ken_(tokyo_ghoul)""]",False,False
1500657,hayasaka_ai_(kaguya-sama_wa_kokurasetai),4,1249,"[""hayasaka_ai_(kaguya-sama_wa_kokurasetai)""]",False,False
1557434,ceobe_(arknights),4,1300,"[""ceobe_(arknights)""]",False,False
1281721,slaine_troyard_(aldnoah.zero),4,1109,"[""slaine_troyard_(aldnoah.zero)""]",False,False
1631396,takanami_(kancolle),4,1159,"[""takanami_(kancolle)"", ""takanami_(kantai_collection)""]",False,False
435392,boa_hancock_(one_piece),4,1502,"[""boa_hancock_(one_piece)""]",False,False
597292,fujisaki_chihiro_(danganronpa),4,1335,"[""fujisaki_chihiro_(danganronpa)""]",False,False
1978848,a2_(nier:automata),4,1257,"[""a2_(nier:automata)"", ""yorha_type_a_no._2"", ""a2_(nier)""]",False,False
503437,eve_(elsword),4,1140,"[""eve_(elsword)""]",False,False
423518,berserker_(fate/zero),4,1111,"[""berserker_(fate/zero)""]",False,False
657796,cure_beauty_(smile_precure!),4,1121,"[""cure_beauty_(smile_precure!)""]",False,False
628333,yumi_(senran_kagura),4,1303,"[""yumi_(senran_kagura)""]",False,False
1509864,prinz_eugen_(unfading_smile)_(azur_lane),4,1102,"[""prinz_eugen_(unfading_smile)_(azur_lane)""]",False,False
1447393,alina_gray_(magia_record),4,1184,"[""alina_gray_(magia_record)""]",False,False
1797173,hyakumantenbara_salome_(nijisanji),4,1325,"[""hyakumantenbara_salome_(nijisanji)""]",False,False
1246632,monomi_(danganronpa),4,1433,"[""monomi_(danganronpa)"", ""monomi_(dangan_ronpa)""]",False,False
1572071,justice_(helltaker),4,1197,"[""justice_(helltaker)""]",False,False
1799499,neru_(bunny)_(blue_archive),4,1385,"[""neru_(bunny)_(blue_archive)"", ""mikamo_neru_(bunny)"", ""neru_(bunny_girl)_(blue_archive)""]",False,False
1631040,intrepid_(kancolle),4,1205,"[""intrepid_(kancolle)"", ""intrepid_(kantai_collection)""]",False,False
1292136,raphtalia_(tate_no_yuusha_no_nariagari),4,1366,"[""raphtalia_(tate_no_yuusha_no_nariagari)""]",False,False
1829693,florian_(pokemon),4,1902,"[""florian_(pokemon)"", ""male_protagonist_(pokemon_sv)""]",False,False
532519,cure_blossom_(heartcatch_precure!),4,1135,"[""cure_blossom_(heartcatch_precure!)""]",False,False
1552816,blaze_(arknights),4,1280,"[""blaze_(arknights)""]",False,False
1591636,goh_(pokemon),4,1204,"[""goh_(pokemon)"", ""gou_(pokemon)""]",False,False
1177793,katou_megumi_(saekano),4,1133,"[""katou_megumi_(saekano)""]",False,False
743241,racing_miku_(vocaloid),4,1298,"[""racing_miku_(vocaloid)""]",False,False
1657250,finana_ryugu_(nijisanji),4,1195,"[""finana_ryugu_(nijisanji)""]",False,False
15840,kos-mos_(xenosaga),4,1135,"[""kos-mos_(xenosaga)""]",False,False
596161,steven_stone_(pokemon),4,1242,"[""steven_stone_(pokemon)"", ""steven_(pokemon)"", ""tsuwabuki_daigo"", ""daigo_(pokemon)""]",False,False
1524996,ifrit_(arknights),4,1205,"[""ifrit_(arknights)""]",False,False
1515527,izumi_mei_(idolmaster),4,1264,"[""izumi_mei_(idolmaster)""]",False,False
705643,ib_(ib),4,1171,"[""ib_(ib)"", ""eve_(ib)""]",False,False
1316824,spider-gwen_(marvel),4,1326,"[""spider-gwen_(marvel)""]",False,False
464858,sailor_jupiter_(sailor_moon),4,1217,"[""sailor_jupiter_(sailor_moon)""]",False,False
14569,jill_valentine_(resident_evil),4,1190,"[""jill_valentine_(resident_evil)""]",False,False
428743,estellise_sidos_heurassein_(tales_of),4,1102,"[""estellise_sidos_heurassein_(tales_of)""]",False,False
1252365,calem_(pokemon),4,1452,"[""calem_(pokemon)"", ""x_(pokemon)"", ""calme_(pokemon)"", ""callum_(pokemon)"", ""male_protagonist_(pokemon_xy)""]",False,False
1387115,scathach_(swimsuit_assassin)_(fate),4,1108,"[""scathach_(swimsuit_assassin)_(fate)""]",False,False
1519338,nursery_rhyme_(fate),4,1236,"[""nursery_rhyme_(fate)"", ""nursery_rhyme_(fate/extra)""]",False,False
1241962,kishinami_hakuno_(female),4,1328,"[""kishinami_hakuno_(female)"", ""hakunon_(fate/extra)"", ""female_protagonist_(fate/extra)""]",False,False
1591011,nia_(blade)_(xenoblade),4,1264,"[""nia_(blade)_(xenoblade)"", ""niyah_(blade)""]",False,False
664409,sajo_yukimi_(idolmaster_cinderella_girls),4,1261,"[""sajo_yukimi_(idolmaster_cinderella_girls)"", ""sajou_yukimi""]",False,False
1243761,tsukumo_yatsuhashi_(touhou),4,1132,"[""tsukumo_yatsuhashi_(touhou)""]",False,False
416695,uryuu_ryuunosuke_(fate),4,1072,"[""uryuu_ryuunosuke_(fate)""]",False,False
1412049,mitake_ran_(bandori),4,1248,"[""mitake_ran_(bandori)""]",False,False
1525261,platinum_(arknights),4,1208,"[""platinum_(arknights)""]",False,False
1840092,anis_(nikke),4,1840,"[""anis_(nikke)""]",False,False
7583,fukuzawa_yumi_(maria_sama_ga_miteru),4,1073,"[""fukuzawa_yumi_(maria_sama_ga_miteru)""]",False,False
186196,winry_rockbell_(fullmetal_alchemist),4,1091,"[""winry_rockbell_(fullmetal_alchemist)""]",False,False
1155353,kars_(jojo),4,1084,"[""kars_(jojo)"", ""cars_(jojo)""]",False,False
445935,flareon_(pokemon),4,1467,"[""flareon_(pokemon)""]",False,False
1403111,sucy_manbavaran_(little_witch_academia),4,1143,"[""sucy_manbavaran_(little_witch_academia)"", ""sucy_manbabalan""]",False,False
1229730,makabe_mizuki_(idolmaster),4,1228,"[""makabe_mizuki_(idolmaster)""]",False,False
1455448,nagato_(azur_lane),4,1269,"[""nagato_(azur_lane)""]",False,False
1533061,bernadetta_von_varley_(fire_emblem),4,1253,"[""bernadetta_von_varley_(fire_emblem)""]",False,False
1579977,cheshire_(azur_lane),4,1260,"[""cheshire_(azur_lane)""]",False,False
376498,zidane_tribal_(final_fantasy),4,1252,"[""zidane_tribal_(final_fantasy)""]",False,False
436529,toon_link_(the_legend_of_zelda),4,1220,"[""toon_link_(the_legend_of_zelda)""]",False,False
664191,tada_riina_(idolmaster_cinderella_girls),4,1110,"[""tada_riina_(idolmaster_cinderella_girls)""]",False,False
1634596,hoshino_aquamarine_(oshi_no_bushi),4,1568,"[""hoshino_aquamarine_(oshi_no_bushi)""]",False,False
1350177,violet_evergarden_(violet_evergarden),4,1096,"[""violet_evergarden_(violet_evergarden)"", ""violet_evergarden_(character)""]",False,False
1531303,swire_(arknights),4,1204,"[""swire_(arknights)""]",False,False
1447950,nearl_(arknights),4,1195,"[""nearl_(arknights)""]",False,False
422393,jirachi_(pokemon),4,1457,"[""jirachi_(pokemon)""]",False,False
628623,sorceress_(dragon's_crown),4,1104,"[""sorceress_(dragon's_crown)""]",False,False
1420954,nakasu_kasumi_(love_live!),4,1780,"[""nakasu_kasumi_(love_live!)""]",False,False
9687,kula_diamond_(fatal_fury),4,1124,"[""kula_diamond_(fatal_fury)""]",False,False
587354,lux_(league_of_legends),4,1208,"[""lux_(league_of_legends)"", ""luxanna_crownguard""]",False,False
1631276,roma_(kancolle),4,1088,"[""roma_(kancolle)"", ""roma_(kantai_collection)""]",False,False
439063,rachel_alucard_(blazblue),4,1059,"[""rachel_alucard_(blazblue)""]",False,False
701163,kisaragi_shintarou_(kagerou_project),4,1085,"[""kisaragi_shintarou_(kagerou_project)""]",False,False
1423942,eris_greyrat_(mushoku_tensei),4,1553,"[""eris_greyrat_(mushoku_tensei)""]",False,False
437349,garchomp_(pokemon),4,1347,"[""garchomp_(pokemon)""]",False,False
1341416,ferry_(granblue_fantasy),4,1079,"[""ferry_(granblue_fantasy)"", ""ferri_(granblue_fantasy)""]",False,False
1344209,roxy_migurdia_(mushoku_tensei),4,1731,"[""roxy_migurdia_(mushoku_tensei)""]",False,False
1534941,claude_von_riegan_(fire_emblem),4,1309,"[""claude_von_riegan_(fire_emblem)"", ""claude_(fire_emblem:_three_houses)""]",False,False
1722586,abigail_williams_(traveling_outfit)_(fate),4,1069,"[""abigail_williams_(traveling_outfit)_(fate)""]",False,False
464824,hinaichigo_(rozen_maiden),4,1086,"[""hinaichigo_(rozen_maiden)"", ""hina_ichigo""]",False,False
526169,trunks_(dragon_ball),4,1255,"[""trunks_(dragon_ball)"", ""trunks_(dragonball)""]",False,False
1766156,astolfo_(sailor_paladin)_(fate),4,1132,"[""astolfo_(sailor_paladin)_(fate)""]",False,False
1366290,okumura_haru_(persona),4,1185,"[""okumura_haru_(persona)""]",False,False
382261,subaru_nakajima_(mahou_shoujo_lyrical_nanoha),4,1060,"[""subaru_nakajima_(mahou_shoujo_lyrical_nanoha)"", ""nakajima_subaru""]",False,False
1631530,collei_(genshin_impact),4,1337,"[""collei_(genshin_impact)""]",False,False
1645715,zero_(mega_man),4,1795,"[""zero_(mega_man)"", ""zero_(rockman)""]",False,False
1933137,nakiri_ayame_(1st_costume),4,1182,"[""nakiri_ayame_(1st_costume)""]",False,False
1443456,takeda_harumi_(shiromanta),4,0,"[""takeda_harumi_(shiromanta)""]",False,False
1285741,suzukaze_aoba_(new_game!),4,1064,"[""suzukaze_aoba_(new_game!)""]",False,False
1667166,ro635_(girls'_frontline),4,1179,"[""ro635_(girls'_frontline)"", ""ro635_(girls_frontline)""]",False,False
1790620,clumsy_nun_(diva),4,1200,"[""clumsy_nun_(diva)"", ""protagonist_nun_(diva)""]",False,False
1646030,daitaku_helios_(umamusume),4,1707,"[""daitaku_helios_(umamusume)""]",False,False
402521,meta_knight_(Kirby),4,1289,"[""meta_knight_(Kirby)""]",False,False
12099,komaki_manaka_(to_love-ru),4,1048,"[""komaki_manaka_(to_love-ru)""]",False,False
1583984,kino_(kino_no_tabi),4,1118,"[""kino_(kino_no_tabi)""]",False,False
1314604,sakurajima_mai_(seishun_buta_yarou),4,1149,"[""sakurajima_mai_(seishun_buta_yarou)""]",False,False
1241333,sanageyama_uzu_(kill_la_kill),4,1041,"[""sanageyama_uzu_(kill_la_kill)""]",False,False
1533059,dorothea_arnault_(fire_emblem),4,1220,"[""dorothea_arnault_(fire_emblem)""]",False,False
436841,raven_(dc),4,1324,"[""raven_(dc)""]",False,False
1733431,murasame_kai_ni_(kancolle),4,1226,"[""murasame_kai_ni_(kancolle)""]",False,False
13066,okazaki_yumemi_(touhou),4,1087,"[""okazaki_yumemi_(touhou)""]",False,False
567695,cheren_(pokemon),4,1216,"[""cheren_(pokemon)""]",False,False
1318266,clarisse_(granblue_fantasy),4,1048,"[""clarisse_(granblue_fantasy)""]",False,False
1479891,rimuru_tempest_(tensei_shitara_slime_datta_ken),4,1204,"[""rimuru_tempest_(tensei_shitara_slime_datta_ken)""]",False,False
1631064,jingei_(kancolle),4,1157,"[""jingei_(kancolle)"", ""jingei_(kantai_collection)""]",False,False
1304904,horikawa_kunihiro_(touken_ranbu),4,1034,"[""horikawa_kunihiro_(touken_ranbu)""]",False,False
378317,garnet_til_alexandros_xvii_(final_fantasy),4,1184,"[""garnet_til_alexandros_xvii_(final_fantasy)"", ""dagger_(ff9)"", ""garnet_(ff9)""]",False,False
605171,kujou_karen_(idolmaster_cinderella_girls),4,1065,"[""kujou_karen_(idolmaster_cinderella_girls)""]",False,False
1351075,yunyun_(konosuba),4,1269,"[""yunyun_(konosuba)""]",False,False
1627618,king_hassan_(fate),4,1072,"[""king_hassan_(fate)"", ""king_hassan_(fate/grand_order)""]",False,False
1606513,len_(tsukihime),4,1098,"[""len_(tsukihime)""]",False,False
474262,slime_(dragon_quest),4,1343,"[""slime_(dragon_quest)""]",False,False
385133,ushiromiya_maria_(umineko_no_naku_koro_ni),4,1051,"[""ushiromiya_maria_(umineko_no_naku_koro_ni)""]",False,False
1645010,sweep_tosho_(umamusume),4,1334,"[""sweep_tosho_(umamusume)""]",False,False
981832,guts_(berserk),4,1206,"[""guts_(berserk)""]",False,False
1410354,purah_(the_legend_of_zelda),4,1207,"[""purah_(the_legend_of_zelda)""]",False,False
1925037,protagonist_3_(housamo),4,1097,"[""protagonist_3_(housamo)"", ""mc3_(housamo)"", ""master_3_(housamo)"", ""master_3_(tokyo_houkago_summoners)""]",False,False
1593833,crewmate_(among_us),4,1207,"[""crewmate_(among_us)""]",False,False
1684882,florence_nightingale_(trick_or_treatment)_(fate),4,1093,"[""florence_nightingale_(trick_or_treatment)_(fate)"", ""trick_or_treatment""]",False,False
1524346,pramanix_(arknights),4,1129,"[""pramanix_(arknights)""]",False,False
1631480,yamagumo_(kancolle),4,1073,"[""yamagumo_(kancolle)"", ""yamagumo_(kantai_collection)""]",False,False
378846,tenjouin_asuka_(yu-gi-oh!),4,1193,"[""tenjouin_asuka_(yu-gi-oh!)"", ""alexis_rhodes""]",False,False
429524,mudkip_(pokemon),4,1227,"[""mudkip_(pokemon)""]",False,False
1506004,amagi_(azur_lane),4,1204,"[""amagi_(azur_lane)""]",False,False
717654,kiriya_aoi_(aikatsu!),4,1138,"[""kiriya_aoi_(aikatsu!)""]",False,False
1630474,akitsushima_(kancolle),4,1048,"[""akitsushima_(kancolle)"", ""akitsushima_(kantai_collection)""]",False,False
1566087,yoisaki_kanade_(project_sekai),4,1655,"[""yoisaki_kanade_(project_sekai)""]",False,False
1827586,blade_(honkai:_star_rail),4,2181,"[""blade_(honkai:_star_rail)""]",False,False
1537880,dimitri_alexandre_blaiddyd_(fire_emblem),4,2253,"[""dimitri_alexandre_blaiddyd_(fire_emblem)"", ""dimitri_alexandre_bladud""]",False,False
354942,alphonse_elric_(fullmetal_alchemist),4,1093,"[""alphonse_elric_(fullmetal_alchemist)""]",False,False
716728,kitashirakawa_tamako_(tamako_market),4,1025,"[""kitashirakawa_tamako_(tamako_market)""]",False,False
1432652,jack-o'_valentine_(guilty_gear),4,1188,"[""jack-o'_valentine_(guilty_gear)""]",False,False
252261,godzilla_(godzilla),4,1360,"[""godzilla_(godzilla)"", ""gojira""]",False,False
657791,cure_happy_(smile_precure!),4,1037,"[""cure_happy_(smile_precure!)""]",False,False
480039,manabe_nodoka_(k-on!),4,1015,"[""manabe_nodoka_(k-on!)""]",False,False
713607,sawa_azusa_(k-on!),4,1104,"[""sawa_azusa_(k-on!)""]",False,False
539676,taneshima_popura_(working!!),4,1048,"[""taneshima_popura_(working!!)"", ""taneshima_poplar""]",False,False
1340376,murata_himeko_(honkai_impact),4,1172,"[""murata_himeko_(honkai_impact)""]",False,False
1442307,ichigo_(darling_in_the_franxx),4,1038,"[""ichigo_(darling_in_the_franxx)""]",False,False
1660762,new_jersey_(azur_lane),4,1201,"[""new_jersey_(azur_lane)""]",False,False
383404,ibuki_fuuko_(clannad),4,1041,"[""ibuki_fuuko_(clannad)""]",False,False
376441,arle_nadja_(puyo_puyo),4,1194,"[""arle_nadja_(puyo_puyo)""]",False,False
431436,momo_velia_deviluke_(to_love-ru),4,1084,"[""momo_velia_deviluke_(to_love-ru)""]",False,False
628849,yuuki_(sao),4,1133,"[""yuuki_(sao)""]",False,False
1489740,aki_rosenthal_(hololive),4,1234,"[""aki_rosenthal_(hololive)"", ""akirose""]",False,False
472784,japan_(hetalia),4,1243,"[""japan_(hetalia)"", ""honda_kiku""]",False,False
1459805,yukoku_kiriko_(idolmaster),4,1194,"[""yukoku_kiriko_(idolmaster)"", ""yuukoku_kiriko""]",False,False
1611382,pavolia_reine_(hololive),4,1377,"[""pavolia_reine_(hololive)""]",False,False
1701951,arataki_itto_(genshin_impact),4,1256,"[""arataki_itto_(genshin_impact)"", ""itto_(genshin_impact)""]",False,False
461883,chikorita_(pokemon),4,1225,"[""chikorita_(pokemon)""]",False,False
487246,araragi_karen_(bakemonogatari),4,1072,"[""araragi_karen_(bakemonogatari)""]",False,False
1600590,haruka_(blue_archive),4,1894,"[""haruka_(blue_archive)"", ""igusa_haruka""]",False,False
423041,rouge_the_bat_(sonic_the_hedgehog),4,1401,"[""rouge_the_bat_(sonic_the_hedgehog)""]",False,False
1496206,kuzuha_(nijisanji),4,1473,"[""kuzuha_(nijisanji)""]",False,False
1754603,mio_(xenoblade),4,1281,"[""mio_(xenoblade)""]",False,False
657794,cure_march_(smile_precure!),4,1022,"[""cure_march_(smile_precure!)""]",False,False
664614,ryuzaki_kaoru_(idolmaster_cinderella_girls),4,1203,"[""ryuzaki_kaoru_(idolmaster_cinderella_girls)"", ""ryuuzaki_kaoru""]",False,False
1275005,ousaka_shizuku_(idolmaster_cinderella_girls),4,0,"[""ousaka_shizuku_(idolmaster_cinderella_girls)""]",False,False
1783064,miyamoto_musashi_(swimsuit_berserker)_(second_ascension)_(fate),4,1096,"[""miyamoto_musashi_(swimsuit_berserker)_(second_ascension)_(fate)""]",False,False
594282,cure_melody_(suite_precure),4,1022,"[""cure_melody_(suite_precure)""]",False,False
688703,miia_(monster_musume),4,1053,"[""miia_(monster_musume)"", ""meer_(monster_musume)""]",False,False
1560517,utage_(arknights),4,1240,"[""utage_(arknights)""]",False,False
1323324,yuna_(ff10),4,1080,"[""yuna_(ff10)"", ""yuna_(final_fantasy)""]",False,False
1404598,ilulu_(maidragon),4,1202,"[""ilulu_(maidragon)"", ""ilulu"", ""iruru""]",False,False
1479271,rengoku_kyoujurou_(kimetsu_no_yaiba),4,1108,"[""rengoku_kyoujurou_(kimetsu_no_yaiba)""]",False,False
1706188,ame-chan_(needy_girl_overdose),4,1882,"[""ame-chan_(needy_girl_overdose)""]",False,False
286,kooh_(touhou),4,999,"[""kooh_(touhou)""]",False,False
439615,misaka_imouto_(toaru_majutsu_no_index),4,1049,"[""misaka_imouto_(toaru_majutsu_no_index)""]",False,False
691588,pit_(kid_icarus),4,1732,"[""pit_(kid_icarus)""]",False,False
534615,tails_(sonic),4,1261,"[""tails_(sonic)"", ""miles_prower""]",False,False
12095,aozaki_aoko_(tsukihime),4,1344,"[""aozaki_aoko_(tsukihime)""]",False,False
1257905,shirayuki_hime_(akagami_no_shirayuki-hime),4,1014,"[""shirayuki_hime_(akagami_no_shirayuki-hime)""]",False,False
1767936,cu_chulainn_alter_(fate),4,1071,"[""cu_chulainn_alter_(fate)"", ""cu_chulainn_alter_(fate/grand_order)""]",False,False
717540,yotsuba_alice_(k-on!),4,1013,"[""yotsuba_alice_(k-on!)""]",False,False
1933174,shirogane_noel_(1st_costume),4,1109,"[""shirogane_noel_(1st_costume)""]",False,False
1567150,kusanagi_nene_(project_sekai),4,1317,"[""kusanagi_nene_(project_sekai)""]",False,False
1783170,meltryllis_(swimsuit_lancer)_(first_ascension)_(fate),4,1064,"[""meltryllis_(swimsuit_lancer)_(first_ascension)_(fate)""]",False,False
1967582,justice_task_force_member_(blue_archive),4,1538,"[""justice_task_force_member_(blue_archive)"", ""jtf_mob-chan"", ""justice_committee_club_member_(blue_archive)""]",False,False
1569872,yuuki_(princess_connect!),4,1077,"[""yuuki_(princess_connect!)""]",False,False
2026878,ishmael_(project_moon),4,3243,"[""ishmael_(project_moon)"", ""ishmael_(limbus_company)""]",False,False
12093,tohno_shiki_(tsukihime),4,1195,"[""tohno_shiki_(tsukihime)"", ""toono_shiki""]",False,False
1554751,damian_desmond_(spy_x_family),4,1269,"[""damian_desmond_(spy_x_family)""]",False,False
1567152,kamishiro_rui_(project_sekai),4,1215,"[""kamishiro_rui_(project_sekai)""]",False,False
533538,hisui_(tsukihime),4,1113,"[""hisui_(tsukihime)""]",False,False
482492,tendou_akane_(ranma_1/2),4,1520,"[""tendou_akane_(ranma_1/2)"", ""tendo_akane""]",False,False
420074,izayoi_aki_(yu-gi-oh!),4,1125,"[""izayoi_aki_(yu-gi-oh!)"", ""akiza_izinski""]",False,False
2026769,employee_(project_moon),4,1300,"[""employee_(project_moon)"", ""employee_(lobotomy_corporation)""]",False,False
381743,yumehara_nozomi_(yes_precure_5!),4,1076,"[""yumehara_nozomi_(yes_precure_5!)""]",False,False
1515002,aisha_landar_(elsword),4,1039,"[""aisha_landar_(elsword)"", ""aisha_(elsword)""]",False,False
1387746,yuri_plisetsky_(yuri_on_ice),4,993,"[""yuri_plisetsky_(yuri_on_ice)""]",False,False
1405056,lion_(kemono_friends),4,1041,"[""lion_(kemono_friends)""]",False,False
1560591,yui_(princess_connect!),4,1128,"[""yui_(princess_connect!)"", ""kusano_yui""]",False,False
1285682,iroha_(samurai_spirits),4,1078,"[""iroha_(samurai_spirits)""]",False,False
1627134,euryale_(fate),4,1062,"[""euryale_(fate)"", ""euryale""]",False,False
1254335,marie_rose_(dead_or_alive),4,1066,"[""marie_rose_(dead_or_alive)""]",False,False
1435684,merlin_(fate/prototype),4,1146,"[""merlin_(fate/prototype)""]",False,False
676594,lulu_(league_of_legends),4,1021,"[""lulu_(league_of_legends)""]",False,False
1222099,nanao_yuriko_(idolmaster_cinderella_girls),4,1145,"[""nanao_yuriko_(idolmaster_cinderella_girls)""]",False,False
1290263,danua_(idolmaster),4,1027,"[""danua_(idolmaster)""]",False,False
1631002,hornet_(kancolle),4,1171,"[""hornet_(kancolle)"", ""hornet_(kantai_collection)""]",False,False
1319289,kasaki_nozomi_(idolmaster_cinderella_girls),4,1120,"[""kasaki_nozomi_(idolmaster_cinderella_girls)""]",False,False
1456824,nekomusume_(gegege_no_kitarou_6),4,1024,"[""nekomusume_(gegege_no_kitarou_6)""]",False,False
1629433,annie_leonhart_(shingeki_no_kyojin),4,1081,"[""annie_leonhart_(shingeki_no_kyojin)"", ""annie_leonhardt""]",False,False
50896,pichu_(pokemon),4,1271,"[""pichu_(pokemon)""]",False,False
438937,spider-man_(marvel),4,1427,"[""spider-man_(marvel)"", ""spider_man"", ""spiderman""]",False,False
1571004,shibuya_kanon_(love_live!),4,1852,"[""shibuya_kanon_(love_live!)""]",False,False
1303902,miss_cloud_(idolmaster_cinderella_girls),4,979,"[""miss_cloud_(idolmaster_cinderella_girls)""]",False,False
665521,ogata_chieri_(idolmaster_cinderella_girls),4,1021,"[""ogata_chieri_(idolmaster_cinderella_girls)""]",False,False
1572068,cerberus_(helltaker),4,1035,"[""cerberus_(helltaker)""]",False,False
1700488,enna_alouette_(nijisanji),4,1244,"[""enna_alouette_(nijisanji)""]",False,False
420577,shampoo_(ranma_1/2),4,2129,"[""shampoo_(ranma_1/2)"", ""shampoo_(ranma\u00bd)""]",False,False
472787,united_kingdom_(hetalia),4,1319,"[""united_kingdom_(hetalia)"", ""arthur_kirkland"", ""england_(hetalia)""]",False,False
663434,kohinata_miho_(idolmaster_cinderella_girls),4,1069,"[""kohinata_miho_(idolmaster_cinderella_girls)""]",False,False
401814,saotome_alto_(macross),4,974,"[""saotome_alto_(macross)""]",False,False
662826,himejima_akeno_(high_school_dxd),4,1074,"[""himejima_akeno_(high_school_dxd)""]",False,False
1762549,mordred_(memories_at_trifas)_(fate),4,1095,"[""mordred_(memories_at_trifas)_(fate)""]",False,False
1472931,y'shtola_rhul_(final_fantasy_xiv),4,1253,"[""y'shtola_rhul_(final_fantasy_xiv)""]",False,False
1566256,captain_(kemono_friends),4,1255,"[""captain_(kemono_friends)""]",False,False
1243506,magical_ruby_(fate),4,1230,"[""magical_ruby_(fate)""]",False,False
655527,kayneth_el-melloi_archibald_(fate),4,970,"[""kayneth_el-melloi_archibald_(fate)"", ""kayneth_archibald_el-melloi""]",False,False
664381,mukai_takumi_(idolmaster_cinderella_girls),4,1008,"[""mukai_takumi_(idolmaster_cinderella_girls)""]",False,False
1311289,lyria_(granblue_fantasy),4,1093,"[""lyria_(granblue_fantasy)""]",False,False
1955327,miyako_(swimsuit)_(blue_archive),4,1403,"[""miyako_(swimsuit)_(blue_archive)"", ""tsukiyuki_miyako_(swimsuit)""]",False,False
397841,ganondorf_(the_legend_of_zelda),4,1177,"[""ganondorf_(the_legend_of_zelda)""]",False,False
1630481,amagi_(kancolle),4,990,"[""amagi_(kancolle)"", ""amagi_(kantai_collection)""]",False,False
1792537,zabaniyya_(housamo),4,1017,"[""zabaniyya_(housamo)"", ""zabaniya_(housamo)"", ""zabaniya_(tokyo_houkago_summoners)""]",False,False
1246021,momoe_nagisa_(mahou_shoujo_madoka_magica),4,1173,"[""momoe_nagisa_(mahou_shoujo_madoka_magica)""]",False,False
557902,priest_(ragnarok_online),4,1120,"[""priest_(ragnarok_online)""]",False,False
520564,lucy_heartfilia_(fairy_tail),4,1111,"[""lucy_heartfilia_(fairy_tail)"", ""lucy_heartphilia""]",False,False
428825,narancia_ghirga_(jojo_no_kimyou_na_bouken),4,1016,"[""narancia_ghirga_(jojo_no_kimyou_na_bouken)""]",False,False
444532,maka_albarn_(soul_eater),4,1251,"[""maka_albarn_(soul_eater)"", ""maka_alban"", ""maka_arubaan""]",False,False
618134,karina_lyle_(tiger_&_bunny),4,960,"[""karina_lyle_(tiger_&_bunny)""]",False,False
1631297,samuel_b._roberts_(kancolle),4,1031,"[""samuel_b._roberts_(kancolle)"", ""samuel_b._roberts_(kantai_collection)""]",False,False
1665128,gorou_(genshin_impact),4,1152,"[""gorou_(genshin_impact)""]",False,False
1473353,arthur_pendragon_(fate),4,1052,"[""arthur_pendragon_(fate)"", ""saber_(fate/prototype)""]",False,False
1373495,airfield_princess_(kantai_collection),4,977,"[""airfield_princess_(kantai_collection)"", ""airfield_hime""]",False,False
610702,oktavia_von_seckendorff_(mahou_shoujo_madoka_magica),4,1010,"[""oktavia_von_seckendorff_(mahou_shoujo_madoka_magica)"", ""oktavia_von_seckendorff_(madoka_magica)""]",False,False
1704666,natsu_(blue_archive),4,2183,"[""natsu_(blue_archive)"", ""yutori_natsu""]",False,False
1754602,eunie_(xenoblade),4,1194,"[""eunie_(xenoblade)""]",False,False
87516,cure_white_(futari_wa_precure),4,1057,"[""cure_white_(futari_wa_precure)""]",False,False
11488,sol_badguy_(guilty_gear),4,1095,"[""sol_badguy_(guilty_gear)""]",False,False
508153,okabe_rintarou_(steins_gate),4,1112,"[""okabe_rintarou_(steins_gate)"", ""hououin_kyouma""]",False,False
877404,yokoyama_nao_(idolmaster_cinderella_girls),4,1036,"[""yokoyama_nao_(idolmaster_cinderella_girls)""]",False,False
399324,vash_the_stampede_(trigun),4,1174,"[""vash_the_stampede_(trigun)""]",False,False
376579,katsura_hinagiku_(hayate_no_gotoku!),4,961,"[""katsura_hinagiku_(hayate_no_gotoku!)""]",False,False
1594498,alice_zuberg_(sword_art_online),4,1021,"[""alice_zuberg_(sword_art_online)"", ""alice_schuberg""]",False,False
1630548,commandant_teste_(kancolle),4,985,"[""commandant_teste_(kancolle)"", ""commandant_teste_(kantai_collection)""]",False,False
1461094,shizuka_rin_(idolmaster),4,1055,"[""shizuka_rin_(idolmaster)""]",False,False
1478614,wakan_tanka_(touhou),4,998,"[""wakan_tanka_(touhou)""]",False,False
1476820,yozora_mel_(hololive),4,1041,"[""yozora_mel_(hololive)""]",False,False
536053,ghost_(modern_warfare_2),4,1190,"[""ghost_(modern_warfare_2)"", ""simon_riley""]",False,False
1345441,asahina_mirai_(mahou_tsukai_precure!),4,1112,"[""asahina_mirai_(mahou_tsukai_precure!)""]",False,False
1933128,tsunomaki_watame_(1st_costume),4,1039,"[""tsunomaki_watame_(1st_costume)""]",False,False
1572332,helltaker_(character),4,1070,"[""helltaker_(character)""]",False,False
712653,kondou_taeko_(idolmaster_cinderella_girls),4,991,"[""kondou_taeko_(idolmaster_cinderella_girls)""]",False,False
1407120,humboldt_penguin_(kemono_friends),4,1043,"[""humboldt_penguin_(kemono_friends)""]",False,False
1545097,cinderace_(pokemon),4,1104,"[""cinderace_(pokemon)""]",False,False
7587,toudou_shimako_(maria_sama_ga_miteru),4,956,"[""toudou_shimako_(maria_sama_ga_miteru)""]",False,False
456946,assassin_(fate/zero),4,1016,"[""assassin_(fate/zero)"", ""hassan_of_the_hundred_faces""]",False,False
465401,ten'ou_haruka_(sailor_moon),4,1019,"[""ten'ou_haruka_(sailor_moon)"", ""tennou_haruka"", ""tenou_haruka"", ""tenoh_haruka""]",False,False
16210,lenna_charlotte_tycoon_(final_fantasy),4,979,"[""lenna_charlotte_tycoon_(final_fantasy)"", ""reina_charlotte_tycoon""]",False,False
1672682,type_95_(girls'_frontline),4,1025,"[""type_95_(girls'_frontline)"", ""type95_(girls'_frontline)"", ""qbz-95_(girls'_frontline)"", ""qbz-95_(girls_frontline)""]",False,False
1544890,allister_(pokemon),4,1067,"[""allister_(pokemon)"", ""onion_(pokemon)""]",False,False
1626859,tsubaki_(blue_archive),4,1612,"[""tsubaki_(blue_archive)"", ""kasuga_tsubaki_(blue_archive)""]",False,False
616166,caitlyn_(league_of_legends),4,1288,"[""caitlyn_(league_of_legends)""]",False,False
1676518,thoma_(genshin_impact),4,1182,"[""thoma_(genshin_impact)""]",False,False
1600181,ness_(mother_2),4,1147,"[""ness_(mother_2)""]",False,False
416104,eva_02_(neon_genesis_evangelion),4,1025,"[""eva_02_(neon_genesis_evangelion)""]",False,False
850878,gwen_stacy_(marvel),4,1176,"[""gwen_stacy_(marvel)""]",False,False
425936,doujima_nanako_(persona),4,998,"[""doujima_nanako_(persona)"", ""dojima_nanako""]",False,False
1631110,kinu_(kancolle),4,971,"[""kinu_(kancolle)"", ""kinu_(kantai_collection)""]",False,False
1631290,sagiri_(kancolle),4,1003,"[""sagiri_(kancolle)"", ""sagiri_(kantai_collection)""]",False,False
1597904,shishio_chris_(virtual_youtuber),4,1001,"[""shishio_chris_(virtual_youtuber)"", ""shishiou_chris""]",False,False
396114,lei_lei_(darkstalkers),4,0,"[""lei_lei_(darkstalkers)"", ""hsien-ko"", ""leilei""]",False,False
1337528,aki_(girls_und_panzer),4,1008,"[""aki_(girls_und_panzer)""]",False,False
1408885,dhole_(kemono_friends),4,1185,"[""dhole_(kemono_friends)""]",False,False
1672711,suomi_(girls'_frontline),4,1133,"[""suomi_(girls'_frontline)"", ""suomi_kp31_(girls'_frontline)"", ""suomi_kp31_(girls_frontline)""]",False,False
1439979,graf_zeppelin_(azur_lane),4,958,"[""graf_zeppelin_(azur_lane)""]",False,False
1644979,air_shakur_(umamusume),4,1272,"[""air_shakur_(umamusume)""]",False,False
384609,tony_tony_chopper_(one_piece),4,1607,"[""tony_tony_chopper_(one_piece)""]",False,False
1272916,kageyama_shigeo_(mob_psycho_100),4,1408,"[""kageyama_shigeo_(mob_psycho_100)""]",False,False
1886278,corrin_(male)_(fire_emblem),4,1103,"[""corrin_(male)_(fire_emblem)"", ""corrin_(fire_emblem)_(male)"", ""male_my_unit_(fire_emblem_if)""]",False,False
1631288,sado_(kancolle),4,1044,"[""sado_(kancolle)"", ""sado_(kantai_collection)""]",False,False
1769566,moe_(blue_archive),4,1444,"[""moe_(blue_archive)"", ""kazekura_moe""]",False,False
16119,star_platinum_(jojo_no_kimyou_na_bouken),4,983,"[""star_platinum_(jojo_no_kimyou_na_bouken)""]",False,False
536735,yuuki_juudai_(yu-gi-oh!),4,0,"[""yuuki_juudai_(yu-gi-oh!)"", ""yuki_judai"", ""jaden_yuki""]",False,False
503373,furudo_erika_(umineko_no_naku_koro_ni),4,1016,"[""furudo_erika_(umineko_no_naku_koro_ni)""]",False,False
1444059,hammann_(azur_lane),4,969,"[""hammann_(azur_lane)""]",False,False
466281,phoenix_wright_(ace_attorney),4,1234,"[""phoenix_wright_(ace_attorney)"", ""naruhodou_ryuuichi""]",False,False
1240487,yusa_kozue_(idolmaster_cinderella_girls),4,1119,"[""yusa_kozue_(idolmaster_cinderella_girls)""]",False,False
1886303,alear_(female)_(fire_emblem),4,1480,"[""alear_(female)_(fire_emblem)"", ""alear_(fire_emblem)_(female)""]",False,False
471218,aragaki_ayase_(oreimo),4,949,"[""aragaki_ayase_(oreimo)""]",False,False
615130,anjou_naruko_(anohana),4,938,"[""anjou_naruko_(anohana)""]",False,False
672299,oshino_ougi_(bakemonogatari),4,1184,"[""oshino_ougi_(bakemonogatari)""]",False,False
1344498,vane_(granblue_fantasy),4,1092,"[""vane_(granblue_fantasy)""]",False,False
2061496,sakura_miko_(casual),4,1328,"[""sakura_miko_(casual)"", ""sakura_miko_(3rd_costume)""]",False,False
1815153,mitaka_asa_(chainsaw_man),4,1754,"[""mitaka_asa_(chainsaw_man)""]",False,False
1335159,sugimoto_saichi_(golden_kamuy),4,1207,"[""sugimoto_saichi_(golden_kamuy)""]",False,False
1367142,litten_(pokemon),4,1092,"[""litten_(pokemon)""]",False,False
1597903,ryugasaki_rene_(idolmaster),4,989,"[""ryugasaki_rene_(idolmaster)"", ""ryuugasaki_rene""]",False,False
1530334,yorumi_rena_(vocaloid),4,1137,"[""yorumi_rena_(vocaloid)""]",False,False
1592675,bianca_(dq5),4,1023,"[""bianca_(dq5)""]",False,False
254440,kirlia_(pokemon),4,1900,"[""kirlia_(pokemon)""]",False,False
471221,kousaka_kyousuke_(oreimo),4,967,"[""kousaka_kyousuke_(oreimo)""]",False,False
547417,sugiura_ayano_(idolmaster_cinderella_girls),4,986,"[""sugiura_ayano_(idolmaster_cinderella_girls)""]",False,False
1835548,reisa_(blue_archive),4,1548,"[""reisa_(blue_archive)"", ""uzawa_reisa""]",False,False
1955322,miyu_(swimsuit)_(blue_archive),4,1229,"[""miyu_(swimsuit)_(blue_archive)"", ""kasumizawa_miyu_(swimsuit)""]",False,False
487224,kanbaru_suruga_(bakemonogatari),4,1036,"[""kanbaru_suruga_(bakemonogatari)""]",False,False
1630493,aquila_(kancolle),4,950,"[""aquila_(kancolle)"", ""aquila_(kantai_collection)""]",False,False
1480638,nadia_la_arwall_(nadia),4,1048,"[""nadia_la_arwall_(nadia)"", ""nadia""]",False,False
388724,lala_satalin_deviluke_(to_love-ru),4,1010,"[""lala_satalin_deviluke_(to_love-ru)""]",False,False
434747,kira_yoshikage_(jojo_no_kimyou_na_bouken),4,1018,"[""kira_yoshikage_(jojo_no_kimyou_na_bouken)""]",False,False
1235294,kurokawa_eren_(idolmaster_cinderella_girls),4,945,"[""kurokawa_eren_(idolmaster_cinderella_girls)"", ""kurokawa_ellen""]",False,False
1443093,zundamon_(vocaloid),4,1803,"[""zundamon_(vocaloid)""]",False,False
1631590,basil_(omori),4,3516,"[""basil_(omori)""]",False,False
1670429,aegir_(azur_lane),4,1196,"[""aegir_(azur_lane)"", ""agir_(azur_lane)""]",False,False
473288,sister_claire_(idolmaster_cinderella_girls),4,1168,"[""sister_claire_(idolmaster_cinderella_girls)"", ""sister_cleaire""]",False,False
1439987,cleveland_(azur_lane),4,954,"[""cleveland_(azur_lane)""]",False,False
1587911,tomimi_(arknights),4,1054,"[""tomimi_(arknights)""]",False,False
16208,faris_scherwiz_(final_fantasy),4,940,"[""faris_scherwiz_(final_fantasy)""]",False,False
1688938,vira_(granblue_fantasy),4,996,"[""vira_(granblue_fantasy)"", ""vira_lilie""]",False,False
1369698,hau_(pokemon),4,1122,"[""hau_(pokemon)""]",False,False
1931557,ookami_mio_(3rd_costume),4,0,"[""ookami_mio_(3rd_costume)""]",False,False
1727047,crystalfly_(genshin_impact),4,1201,"[""crystalfly_(genshin_impact)""]",False,False
701389,sonia_nevermind_(danganronpa),4,1082,"[""sonia_nevermind_(danganronpa)""]",False,False
1275716,hatsuharu_(kancolle),4,958,"[""hatsuharu_(kancolle)"", ""hatsuharu_(kantai_collection)""]",False,False
4858,chocobo_(final_fantasy),4,1240,"[""chocobo_(final_fantasy)""]",False,False
606666,shindou_takuto_(cardfight!!_vanguard),4,936,"[""shindou_takuto_(cardfight!!_vanguard)""]",False,False
1631170,matsuwa_(kancolle),4,967,"[""matsuwa_(kancolle)"", ""matsuwa_(kantai_collection)""]",False,False
1578300,taihou_(enraptured_companion)_(azur_lane),4,968,"[""taihou_(enraptured_companion)_(azur_lane)""]",False,False
1505470,galo_thymos_(promare),4,1036,"[""galo_thymos_(promare)""]",False,False
717909,vi_(league_of_legends),4,1386,"[""vi_(league_of_legends)""]",False,False
14685,kazama_asuka_(senran_kagura),4,1021,"[""kazama_asuka_(senran_kagura)""]",False,False
620348,keith_goodman_(tiger_&_bunny),4,927,"[""keith_goodman_(tiger_&_bunny)""]",False,False
1875916,tiki_(adult)_(fire_emblem),4,1052,"[""tiki_(adult)_(fire_emblem)""]",False,False
1654873,himemushi_momoyo_(touhou),4,1037,"[""himemushi_momoyo_(touhou)""]",False,False
1263716,kiss-shot_acerola-orion_heart-under-blade_(bakemonogatari),4,1115,"[""kiss-shot_acerola-orion_heart-under-blade_(bakemonogatari)"", ""kissshot_acerolaorion_heartunderblade"", ""/kah""]",False,False
1257904,aino_megumi_(idolmaster),4,935,"[""aino_megumi_(idolmaster)""]",False,False
1538828,ingrid_brandl_galatea_(street_fighter),4,1127,"[""ingrid_brandl_galatea_(street_fighter)"", ""ingrid_brandol_galatea""]",False,False
654784,lord_el-melloi_ii_(fate),4,1005,"[""lord_el-melloi_ii_(fate)""]",False,False
1327418,maria_cadenzavna_eve_(senki_zesshou_symphogear),4,1189,"[""maria_cadenzavna_eve_(senki_zesshou_symphogear)"", ""maria_cadenzavuna_eve""]",False,False
1790618,froggy_nun_(diva),4,1033,"[""froggy_nun_(diva)"", ""hook-bang_nun_(diva)""]",False,False
1279056,revy_(black_lagoon),4,1007,"[""revy_(black_lagoon)""]",False,False
1304226,hotarumaru_(touken_ranbu),4,919,"[""hotarumaru_(touken_ranbu)""]",False,False
1823213,arven_(pokemon),4,1258,"[""arven_(pokemon)""]",False,False
1310847,hunter_(bloodborne),4,1049,"[""hunter_(bloodborne)""]",False,False
1386133,ogata_hyakunosuke_(golden_kamuy),4,1172,"[""ogata_hyakunosuke_(golden_kamuy)""]",False,False
1572164,luma_(mario),4,1100,"[""luma_(mario)"", ""chiko_(mario)"", ""luma""]",False,False
411757,roy_(fire_emblem),4,965,"[""roy_(fire_emblem)""]",False,False
664518,kobayakawa_sae_(idolmaster_cinderella_girls),4,975,"[""kobayakawa_sae_(idolmaster_cinderella_girls)""]",False,False
1270627,jouga_maya_(idolmaster),4,935,"[""jouga_maya_(idolmaster)"", ""joukawa_maya""]",False,False
1526525,jill_stingray_(idolmaster),4,1101,"[""jill_stingray_(idolmaster)"", ""julianne_stingray""]",False,False
890228,alisa_(girls_und_panzer),4,946,"[""alisa_(girls_und_panzer)""]",False,False
1412894,tsurumaki_kokoro_(bandori),4,1000,"[""tsurumaki_kokoro_(bandori)""]",False,False
1627523,bradamante_(fate),4,961,"[""bradamante_(fate)"", ""bradamante_(fate/grand_order)""]",False,False
1610738,island_fox_(kemono_friends),4,1067,"[""island_fox_(kemono_friends)""]",False,False
1478519,cu_chulainn_(caster)_(fate),4,959,"[""cu_chulainn_(caster)_(fate)"", ""cu_chulainn_(fate/grand_order)""]",False,False
1650598,mejiro_ardan_(umamusume),4,1334,"[""mejiro_ardan_(umamusume)""]",False,False
597426,eirika_(fire_emblem),4,1031,"[""eirika_(fire_emblem)""]",False,False
1933111,natsuiro_matsuri_(1st_costume),4,974,"[""natsuiro_matsuri_(1st_costume)""]",False,False
1763570,malenia_blade_of_miquella_(elden_ring),4,1353,"[""malenia_blade_of_miquella_(elden_ring)""]",False,False
1671353,tarnished_(elden_ring),4,1351,"[""tarnished_(elden_ring)""]",False,False
1678878,la_pluma_(arknights),4,1142,"[""la_pluma_(arknights)""]",False,False
1468152,roboco-san_(hololive),4,1113,"[""roboco-san_(hololive)""]",False,False
1637361,pyra_(pro_swimmer)_(xenoblade),4,1015,"[""pyra_(pro_swimmer)_(xenoblade)""]",False,False
1630540,chiyoda_(kancolle),4,915,"[""chiyoda_(kancolle)"", ""chiyoda_(kantai_collection)""]",False,False
1307315,konoe_kanata_(nijisanji),4,1484,"[""konoe_kanata_(nijisanji)""]",False,False
1929197,aris_(maid)_(blue_archive),4,1284,"[""aris_(maid)_(blue_archive)"", ""tendou_aris_(maid)""]",False,False
1631178,mikazuki_(kancolle),4,933,"[""mikazuki_(kancolle)"", ""mikazuki_(kantai_collection)""]",False,False
1386435,yumeno_himiko_(danganronpa),4,1471,"[""yumeno_himiko_(danganronpa)""]",False,False
1934875,amami_rantaro_(danganronpa),4,1456,"[""amami_rantaro_(danganronpa)"", ""amami_rantarou""]",False,False
1439994,akashi_(azur_lane),4,954,"[""akashi_(azur_lane)""]",False,False
1780229,iori_(swimsuit)_(blue_archive),4,1165,"[""iori_(swimsuit)_(blue_archive)"", ""shiromi_iori_(swimsuit)""]",False,False
414192,rx-78-2_(gundam),4,1099,"[""rx-78-2_(gundam)""]",False,False
1235700,seiren_(suite_precure),4,894,"[""seiren_(suite_precure)"", ""seiren_(precure)"", ""siren_(suite_precure)""]",False,False
666040,takamori_aiko_(idolmaster_cinderella_girls),4,982,"[""takamori_aiko_(idolmaster_cinderella_girls)""]",False,False
1394776,acerola_(pokemon),4,1088,"[""acerola_(pokemon)""]",False,False
1976777,mococo_abyssgard_(1st_costume),4,1679,"[""mococo_abyssgard_(1st_costume)""]",False,False
1504965,hagoromo_lala_(star_twinkle_precure),4,946,"[""hagoromo_lala_(star_twinkle_precure)""]",False,False
2026899,sinclair_(project_moon),4,1982,"[""sinclair_(project_moon)"", ""sinclair_(limbus_company)""]",False,False
457596,diego_brando_(jojo_no_kimyou_na_bouken),4,952,"[""diego_brando_(jojo_no_kimyou_na_bouken)""]",False,False
631826,sans_(undertale),4,0,"[""sans_(undertale)""]",False,False
1390755,cosmog_(pokemon),4,988,"[""cosmog_(pokemon)""]",False,False
1533411,neo_politan_(touhou),4,0,"[""neo_politan_(touhou)""]",False,False
1734145,ling_(arknights),4,1436,"[""ling_(arknights)""]",False,False
14172,rainbow_mika_(street_fighter),4,968,"[""rainbow_mika_(street_fighter)"", ""nanakawa_mika""]",False,False
2061500,shirogane_noel_(casual),4,977,"[""shirogane_noel_(casual)"", ""shirogane_noel_(3rd_costume)""]",False,False
2068458,nekomata_okayu_(oversized_shirt),4,1070,"[""nekomata_okayu_(oversized_shirt)"", ""nekomata_okayu_(loungewear)"", ""nekomata_okayu_(4th_costume)""]",False,False
1976776,fuwawa_abyssgard_(1st_costume),4,1617,"[""fuwawa_abyssgard_(1st_costume)""]",False,False
409295,zack_fair_(final_fantasy),4,1639,"[""zack_fair_(final_fantasy)""]",False,False
662499,nibutani_shinka_(chuunibyou),4,896,"[""nibutani_shinka_(chuunibyou)""]",False,False
1631235,nenohi_(kancolle),4,904,"[""nenohi_(kancolle)"", ""nenohi_(kantai_collection)""]",False,False
1789595,saijo_juri_(idolmaster),4,1052,"[""saijo_juri_(idolmaster)"", ""saijou_juri""]",False,False
1538147,sukoya_kana_(nijisanji),4,1386,"[""sukoya_kana_(nijisanji)""]",False,False
176585,yamagishi_fuuka_(persona),4,1056,"[""yamagishi_fuuka_(persona)""]",False,False
765367,chrom_(fire_emblem),4,1070,"[""chrom_(fire_emblem)"", ""krom"", ""chrom_(fire_emblem:_awakening)""]",False,False
2021808,kikyou_(blue_archive),4,1867,"[""kikyou_(blue_archive)"", ""kiryuu_kikyou""]",False,False
400139,kaiou_michiru_(sailor_moon),4,970,"[""kaiou_michiru_(sailor_moon)"", ""kaioh_michiru""]",False,False
621741,nyarlathotep_(nyaruko-san),4,926,"[""nyarlathotep_(nyaruko-san)"", ""nyaruko"", ""nyaruko_(nyaruko-san)""]",False,False
2004297,yang_guifei_(second_ascension)_(fate),4,906,"[""yang_guifei_(second_ascension)_(fate)""]",False,False
1258956,anna_(frozen),4,1017,"[""anna_(frozen)""]",False,False
1679660,ibuki_(blue_archive),4,2536,"[""ibuki_(blue_archive)"", ""tanga_ibuki""]",False,False
16001,iwakura_lain_(serial_experiments_lain),4,1125,"[""iwakura_lain_(serial_experiments_lain)""]",False,False
1311252,fighter_(granblue_fantasy),4,896,"[""fighter_(granblue_fantasy)""]",False,False
1378272,alolan_vulpix_(pokemon),4,1098,"[""alolan_vulpix_(pokemon)""]",False,False
726764,sakura_chiyo_(idolmaster_cinderella_girls),4,888,"[""sakura_chiyo_(idolmaster_cinderella_girls)""]",False,False
1522437,feater_(arknights),4,970,"[""feater_(arknights)""]",False,False
1586655,eunectes_(arknights),4,1013,"[""eunectes_(arknights)""]",False,False
657795,cure_sunny_(smile_precure!),4,899,"[""cure_sunny_(smile_precure!)""]",False,False
378592,usada_hikaru_(idolmaster_cinderella_girls),4,992,"[""usada_hikaru_(idolmaster_cinderella_girls)"", ""rabi_en_rose""]",False,False
552918,kaine_(nier),4,1041,"[""kaine_(nier)""]",False,False
1933146,ookami_mio_(1st_costume),4,1075,"[""ookami_mio_(1st_costume)""]",False,False
717114,kasumigaoka_utaha_(saekano),4,909,"[""kasumigaoka_utaha_(saekano)""]",False,False
2026828,don_quixote_(project_moon),4,2536,"[""don_quixote_(project_moon)"", ""don_quixote_(limbus_company)""]",False,False
693559,ingo_(pokemon),4,1266,"[""ingo_(pokemon)"", ""nobori_(pokemon)""]",False,False
708151,kido_tsubomi_(kagerou_project),4,905,"[""kido_tsubomi_(kagerou_project)""]",False,False
662005,mifune_miyu_(idolmaster_cinderella_girls),4,951,"[""mifune_miyu_(idolmaster_cinderella_girls)""]",False,False
1277846,isshiki_iroha_(oregairu),4,1066,"[""isshiki_iroha_(oregairu)""]",False,False
1386439,iruma_miu_(danganronpa),4,1470,"[""iruma_miu_(danganronpa)""]",False,False
14899,yamamura_sadako_(idolmaster_cinderella_girls),4,1202,"[""yamamura_sadako_(idolmaster_cinderella_girls)""]",False,False
1816469,izuna_(swimsuit)_(blue_archive),4,1189,"[""izuna_(swimsuit)_(blue_archive)"", ""kuda_izuna_(swimsuit)""]",False,False
1211856,kiki_(majo_no_takkyuubin),4,996,"[""kiki_(majo_no_takkyuubin)"", ""kiki""]",False,False
623899,shirabe_ako_(senki_zesshou_symphogear),4,886,"[""shirabe_ako_(senki_zesshou_symphogear)""]",False,False
1680296,nagisa_(blue_archive),4,1731,"[""nagisa_(blue_archive)"", ""kirifuji_nagisa""]",False,False
1822945,grusha_(pokemon),4,1327,"[""grusha_(pokemon)""]",False,False
398745,lambdadelta_(umineko_no_naku_koro_ni),4,928,"[""lambdadelta_(umineko_no_naku_koro_ni)""]",False,False
467599,takoluka_(vocaloid),4,928,"[""takoluka_(vocaloid)""]",False,False
1275714,arare_(kancolle),4,893,"[""arare_(kancolle)"", ""arare_(kantai_collection)""]",False,False
1630704,harukaze_(kancolle),4,903,"[""harukaze_(kancolle)"", ""harukaze_(kantai_collection)""]",False,False
1205702,kirishima_touka_(tokyo_ghoul),4,944,"[""kirishima_touka_(tokyo_ghoul)""]",False,False
1521268,yoshizawa_kasumi_(persona),4,1100,"[""yoshizawa_kasumi_(persona)""]",False,False
1630508,asakaze_(kancolle),4,927,"[""asakaze_(kancolle)"", ""asakaze_(kantai_collection)""]",False,False
524044,gekota_(toaru_kagaku_no_railgun),4,1022,"[""gekota_(toaru_kagaku_no_railgun)""]",False,False
1439976,kisaragi_(azur_lane),4,932,"[""kisaragi_(azur_lane)""]",False,False
1933167,mori_calliope_(1st_costume),4,2533,"[""mori_calliope_(1st_costume)""]",False,False
1728033,keqing_(opulent_splendor)_(genshin_impact),4,989,"[""keqing_(opulent_splendor)_(genshin_impact)""]",False,False
487247,araragi_tsukihi_(bakemonogatari),4,976,"[""araragi_tsukihi_(bakemonogatari)""]",False,False
1630999,hiyou_(kancolle),4,889,"[""hiyou_(kancolle)"", ""hiyou_(kantai_collection)""]",False,False
8711,prinny_(disgaea),4,954,"[""prinny_(disgaea)""]",False,False
1782427,bb_(swimsuit_mooncancer)_(second_ascension)_(fate),4,951,"[""bb_(swimsuit_mooncancer)_(second_ascension)_(fate)""]",False,False
1904758,katsuragi_ace_(umamusume),4,1544,"[""katsuragi_ace_(umamusume)""]",False,False
390798,eva_01_(neon_genesis_evangelion),4,961,"[""eva_01_(neon_genesis_evangelion)""]",False,False
1270628,natsu_megumi_(idolmaster),4,910,"[""natsu_megumi_(idolmaster)""]",False,False
422413,altaria_(pokemon),4,1088,"[""altaria_(pokemon)""]",False,False
455510,cure_peach_(fresh_precure!),4,916,"[""cure_peach_(fresh_precure!)""]",False,False
1667168,dinergate_(girls'_frontline),4,928,"[""dinergate_(girls'_frontline)"", ""dinergate_(girls_frontline)""]",False,False
1441570,natsuki_(doki_doki_literature_club),4,1251,"[""natsuki_(doki_doki_literature_club)""]",False,False
1791907,utsumi_erice_(fate),4,945,"[""utsumi_erice_(fate)"", ""utsumi_erise""]",False,False
1551985,sirius_(azure_horizons)_(azur_lane),4,889,"[""sirius_(azure_horizons)_(azur_lane)""]",False,False
668055,kohinata_miku_(idolmaster_cinderella_girls),4,943,"[""kohinata_miku_(idolmaster_cinderella_girls)""]",False,False
1667171,g36_(girls'_frontline),4,949,"[""g36_(girls'_frontline)"", ""g36_(girls_frontline)""]",False,False
1152270,ibuki_tsubasa_(idolmaster),4,1039,"[""ibuki_tsubasa_(idolmaster)""]",False,False
1379601,guzma_(pokemon),4,969,"[""guzma_(pokemon)"", ""guzuma_(pokemon)""]",False,False
1631405,tanikaze_(kancolle),4,890,"[""tanikaze_(kancolle)"", ""tanikaze_(kantai_collection)""]",False,False
1768617,scathach_(piercing_bunny)_(fate),4,930,"[""scathach_(piercing_bunny)_(fate)"", ""piercing_bunny""]",False,False
602083,laura_bodewig_(infinite_stratos),4,867,"[""laura_bodewig_(infinite_stratos)""]",False,False
588022,cecilia_alcott_(infinite_stratos),4,870,"[""cecilia_alcott_(infinite_stratos)""]",False,False
1304346,yagen_toushirou_(touken_ranbu),4,879,"[""yagen_toushirou_(touken_ranbu)""]",False,False
1536980,zara_(poolside_coincidence)_(azur_lane),4,900,"[""zara_(poolside_coincidence)_(azur_lane)""]",False,False
1786499,artoria_caster_(second_ascension)_(fate),4,994,"[""artoria_caster_(second_ascension)_(fate)"", ""artoria_pendragon_(caster)_(second_ascension)_(fate)""]",False,False
2063323,amane_kanata_(work),4,961,"[""amane_kanata_(work)"", ""amane_kanata_(work_outfit)"", ""amane_kanata_(3rd_costume)""]",False,False
606793,alastor_(shakugan_no_shana),4,881,"[""alastor_(shakugan_no_shana)""]",False,False
1267895,ayane_(doa),4,893,"[""ayane_(doa)""]",False,False
491993,chibi_miku_(vocaloid),4,834,"[""chibi_miku_(vocaloid)"", ""mini_miku""]",False,False
1408788,brown_bear_(kemono_friends),4,890,"[""brown_bear_(kemono_friends)""]",False,False
1579297,male_doctor_(arknights),4,1278,"[""male_doctor_(arknights)""]",False,False
1933145,takane_lui_(1st_costume),4,1082,"[""takane_lui_(1st_costume)""]",False,False
1667232,rpk-16_(girls'_frontline),4,1056,"[""rpk-16_(girls'_frontline)"", ""rpk-16_(girls_frontline)""]",False,False
16164,celes_chere_(final_fantasy),4,936,"[""celes_chere_(final_fantasy)""]",False,False
452145,miyanaga_saki_(saki),4,865,"[""miyanaga_saki_(saki)""]",False,False
1124739,angela_balzac_(expelled_from_paradise),4,874,"[""angela_balzac_(expelled_from_paradise)""]",False,False
382135,reinforce_zwei_(mahou_shoujo_lyrical_nanoha),4,871,"[""reinforce_zwei_(mahou_shoujo_lyrical_nanoha)"", ""reinforce_ii""]",False,False
542843,nina_(fire_emblem),4,1020,"[""nina_(fire_emblem)""]",False,False
1462595,andira_(granblue_fantasy),4,935,"[""andira_(granblue_fantasy)"", ""anchira_(granblue_fantasy)""]",False,False
1755026,fujimaru_ritsuka_(male)_(polar_chaldea_uniform),4,959,"[""fujimaru_ritsuka_(male)_(polar_chaldea_uniform)""]",False,False
1535101,azki_(hololive),4,1660,"[""azki_(hololive)""]",False,False
1569874,yuni_(princess_connect!),4,937,"[""yuni_(princess_connect!)"", ""shingyouji_yuni""]",False,False
1441207,soap_(modern_warfare_2),4,1048,"[""soap_(modern_warfare_2)"", ""john_mactavish""]",False,False
700633,ene_(kagerou_project),4,885,"[""ene_(kagerou_project)""]",False,False
1527238,kiran_(fire_emblem),4,1128,"[""kiran_(fire_emblem)"", ""summoner_(fire_emblem_heroes)""]",False,False
410025,cinnamoroll_(sanrio),4,1423,"[""cinnamoroll_(sanrio)""]",False,False
1227600,mochizuki_anna_(idolmaster),4,1018,"[""mochizuki_anna_(idolmaster)""]",False,False
1680386,senji_muramasa_(fate),4,1072,"[""senji_muramasa_(fate)"", ""sengo_muramasa_(fate)"", ""limited/zero_over""]",False,False
1578189,atago_(stunning_speedster)_(azur_lane),4,906,"[""atago_(stunning_speedster)_(azur_lane)""]",False,False
1522750,projekt_red_(arknights),4,925,"[""projekt_red_(arknights)""]",False,False
1261730,elesis_(elsword),4,917,"[""elesis_(elsword)""]",False,False
445930,lapras_(pokemon),4,1023,"[""lapras_(pokemon)""]",False,False
1631293,sakawa_(kancolle),4,891,"[""sakawa_(kancolle)"", ""sakawa_(kantai_collection)""]",False,False
439179,mohammed_avdol_(jojo_no_kimyou_na_bouken),4,877,"[""mohammed_avdol_(jojo_no_kimyou_na_bouken)""]",False,False
1527683,yamper_(pokemon),4,1000,"[""yamper_(pokemon)""]",False,False
1549856,frostnova_(arknights),4,1013,"[""frostnova_(arknights)""]",False,False
664406,natalia_(idolmaster),4,905,"[""natalia_(idolmaster)""]",False,False
1404427,tsuchinoko_(kemono_friends),4,908,"[""tsuchinoko_(kemono_friends)""]",False,False
1416553,maruyama_aya_(bandori),4,957,"[""maruyama_aya_(bandori)""]",False,False
1799498,akane_(bunny)_(blue_archive),4,1021,"[""akane_(bunny)_(blue_archive)"", ""murokasa_akane_(bunny)"", ""akane_(bunny_girl)_(blue_archive)""]",False,False
2069617,ako_(dress)_(blue_archive),4,1384,"[""ako_(dress)_(blue_archive)""]",False,False
409649,gon_freecss_(hunter_x_hunter),4,1077,"[""gon_freecss_(hunter_x_hunter)""]",False,False
652455,maou_(maoyuu),4,853,"[""maou_(maoyuu)""]",False,False
668312,senkawa_chihiro_(idolmaster_cinderella_girls),4,914,"[""senkawa_chihiro_(idolmaster_cinderella_girls)""]",False,False
1667202,kalina_(girls'_frontline),4,950,"[""kalina_(girls'_frontline)"", ""kalina_(girls_frontline)""]",False,False
1755030,fujimaru_ritsuka_(female)_(polar_chaldea_uniform),4,951,"[""fujimaru_ritsuka_(female)_(polar_chaldea_uniform)""]",False,False
1924186,kirara_(genshin_impact),4,1347,"[""kirara_(genshin_impact)""]",False,False
1505029,leonardo_da_vinci_(rider)_(fate),4,1253,"[""leonardo_da_vinci_(rider)_(fate)""]",False,False
1962907,navia_(genshin_impact),4,2093,"[""navia_(genshin_impact)""]",False,False
1665104,sayu_(genshin_impact),4,930,"[""sayu_(genshin_impact)""]",False,False
1663193,white_rabbit_(alice_in_wonderland),4,950,"[""white_rabbit_(alice_in_wonderland)"", ""white_rabbit_(wonderland)"", ""white_rabbit""]",False,False
1490217,homu_(honkai_impact),4,1115,"[""homu_(honkai_impact)""]",False,False
1533069,rhea_(fire_emblem),4,961,"[""rhea_(fire_emblem)""]",False,False
1643937,sunny_(omori),4,3266,"[""sunny_(omori)""]",False,False
1644967,el_condor_pasa_(umamusume),4,1052,"[""el_condor_pasa_(umamusume)""]",False,False
1716063,soraka_(league_of_legends),4,910,"[""soraka_(league_of_legends)"", ""soraka""]",False,False
1452675,achilles_(fate),4,889,"[""achilles_(fate)""]",False,False
1335210,chara_(undertale),4,1415,"[""chara_(undertale)""]",False,False
550369,lightning_farron_(final_fantasy),4,901,"[""lightning_farron_(final_fantasy)"", ""lightning_(ff13)"", ""lightning_(ffxiii)""]",False,False
1591026,pneuma_(xenoblade),4,972,"[""pneuma_(xenoblade)""]",False,False
1419237,tanned_cirno_(touhou),4,909,"[""tanned_cirno_(touhou)""]",False,False
555676,makoto_(street_fighter),4,899,"[""makoto_(street_fighter)""]",False,False
545377,pannacotta_fugo_(jojo_no_kimyou_na_bouken),4,890,"[""pannacotta_fugo_(jojo_no_kimyou_na_bouken)""]",False,False
445934,jolteon_(pokemon),4,1188,"[""jolteon_(pokemon)""]",False,False
1232143,titan_(shingeki_no_kyojin),4,902,"[""titan_(shingeki_no_kyojin)""]",False,False
1276392,otokura_yuuki_(idolmaster),4,955,"[""otokura_yuuki_(idolmaster)""]",False,False
1471118,roon_(azur_lane),4,921,"[""roon_(azur_lane)""]",False,False
1861329,cheval_grand_(umamusume),4,1866,"[""cheval_grand_(umamusume)"", ""hat_girl_(umamusume)""]",False,False
879608,toyokawa_fuka_(idolmaster_cinderella_girls),4,1004,"[""toyokawa_fuka_(idolmaster_cinderella_girls)"", ""toyokawa_fuuka""]",False,False
1370113,sylphiette_(mushoku_tensei),4,1205,"[""sylphiette_(mushoku_tensei)""]",False,False
956365,mew_(pokemon),4,1142,"[""mew_(pokemon)"", ""mew""]",False,False
422506,erika_(pokemon),4,1064,"[""erika_(pokemon)""]",False,False
1440255,yuudachi_(azur_lane),4,881,"[""yuudachi_(azur_lane)""]",False,False
1441519,bismarck_(azur_lane),4,982,"[""bismarck_(azur_lane)""]",False,False
1686891,friend_(nanashi_mumei),4,1019,"[""friend_(nanashi_mumei)""]",False,False
1875918,tiki_(young)_(fire_emblem),4,903,"[""tiki_(young)_(fire_emblem)""]",False,False
1423996,asaka_karin_(love_live!),4,1490,"[""asaka_karin_(love_live!)""]",False,False
1573721,st._louis_(luxurious_wheels)_(azur_lane),4,914,"[""st._louis_(luxurious_wheels)_(azur_lane)""]",False,False
14431,kurapika_(hunter_x_hunter),4,1147,"[""kurapika_(hunter_x_hunter)""]",False,False
708150,kano_shuuya_(kagerou_project),4,857,"[""kano_shuuya_(kagerou_project)""]",False,False
1764563,fiammetta_(arknights),4,1046,"[""fiammetta_(arknights)"", ""suffering_(arknights)""]",False,False
1992651,hoshimachi_suisei_(school_uniform),4,1127,"[""hoshimachi_suisei_(school_uniform)"", ""hoshimachi_suisei_(4th_costume)""]",False,False
1644972,maruzensky_(umamusume),4,1088,"[""maruzensky_(umamusume)""]",False,False
9881,meer_campbell_(gundam),4,902,"[""meer_campbell_(gundam)"", ""meer""]",False,False
1761331,fuecoco_(pokemon),4,1104,"[""fuecoco_(pokemon)""]",False,False
1862559,meowscarada_(pokemon),4,1373,"[""meowscarada_(pokemon)""]",False,False
1644966,biwa_hayahide_(umamusume),4,1412,"[""biwa_hayahide_(umamusume)""]",False,False
1239636,inumuta_houka_(kill_la_kill),4,839,"[""inumuta_houka_(kill_la_kill)""]",False,False
1933176,oozora_subaru_(1st_costume),4,983,"[""oozora_subaru_(1st_costume)""]",False,False
1933194,omaru_polka_(1st_costume),4,1008,"[""omaru_polka_(1st_costume)""]",False,False
1972681,koseki_bijou_(hololive),4,2072,"[""koseki_bijou_(hololive)""]",False,False
1405054,caracal_(kemono_friends),4,984,"[""caracal_(kemono_friends)""]",False,False
428827,trish_una_(jojo_no_kimyou_na_bouken),4,895,"[""trish_una_(jojo_no_kimyou_na_bouken)""]",False,False
1399945,tanya_degurechaff_(youjo_senki),4,1001,"[""tanya_degurechaff_(youjo_senki)""]",False,False
2018079,vert_(neptunia),4,850,"[""vert_(neptunia)"", ""vert_(neptune_series)"", ""vert""]",False,False
684942,garry_(ib),4,896,"[""garry_(ib)"", ""gary_(ib)""]",False,False
1631262,perth_(kancolle),4,890,"[""perth_(kancolle)"", ""perth_(kantai_collection)""]",False,False
1629426,mysterious_heroine_x_(fate),4,870,"[""mysterious_heroine_x_(fate)"", ""mysterious_heroine_x"", ""heroine_x""]",False,False
1251661,mega_gardevoir_(pokemon),4,1993,"[""mega_gardevoir_(pokemon)""]",False,False
1441569,yuri_(doki_doki_literature_club),4,1107,"[""yuri_(doki_doki_literature_club)""]",False,False
14169,ken_masters_(street_fighter),4,1073,"[""ken_masters_(street_fighter)""]",False,False
445931,ditto_(pokemon),4,1000,"[""ditto_(pokemon)""]",False,False
1229733,mogami_shizuka_(idolmaster_cinderella_girls),4,966,"[""mogami_shizuka_(idolmaster_cinderella_girls)""]",False,False
1565907,seele_(alter_ego),4,1034,"[""seele_(alter_ego)"", ""veliona""]",False,False
1631233,nelson_(kancolle),4,876,"[""nelson_(kancolle)"", ""nelson_(kantai_collection)""]",False,False
1784572,abigail_williams_(swimsuit_foreigner)_(third_ascension)_(fate),4,960,"[""abigail_williams_(swimsuit_foreigner)_(third_ascension)_(fate)""]",False,False
1630639,enemy_naval_mine_(kancolle),4,898,"[""enemy_naval_mine_(kancolle)"", ""enemy_naval_mine_(kantai_collection)""]",False,False
1456294,admiral_graf_spee_(azur_lane),4,847,"[""admiral_graf_spee_(azur_lane)""]",False,False
713599,koyama_yuzu_(citrus),4,868,"[""koyama_yuzu_(citrus)""]",False,False
1479269,tomioka_giyuu_(kimetsu_no_yaiba),4,958,"[""tomioka_giyuu_(kimetsu_no_yaiba)""]",False,False
1374967,agatsuma_zenitsu_(kimetsu_no_yaiba),4,956,"[""agatsuma_zenitsu_(kimetsu_no_yaiba)""]",False,False
722479,fennekin_(pokemon),4,1020,"[""fennekin_(pokemon)""]",False,False
1627556,edmond_dantes_(fate),4,1128,"[""edmond_dantes_(fate)"", ""edmond_dantes_(fate/grand_order)""]",False,False
1421068,miyashita_ai_(love_live!),4,1511,"[""miyashita_ai_(love_live!)""]",False,False
1668461,kaf_(kamitsubaki_studio),4,1315,"[""kaf_(kamitsubaki_studio)""]",False,False
11594,lina_inverse_(slayers),4,935,"[""lina_inverse_(slayers)""]",False,False
538729,cure_moonlight_(heartcatch_precure!),4,833,"[""cure_moonlight_(heartcatch_precure!)""]",False,False
611796,litwick_(pokemon),4,1132,"[""litwick_(pokemon)""]",False,False
1337529,mikko_(girls_und_panzer),4,885,"[""mikko_(girls_und_panzer)""]",False,False
1629302,gawain_(fate),4,911,"[""gawain_(fate)"", ""gawain_(fate/grand_order)"", ""gawain_(fate/extra)"", ""gawain_(fate/stay_night)""]",False,False
1766600,abigail_williams_(third_ascension)_(fate),4,878,"[""abigail_williams_(third_ascension)_(fate)""]",False,False
1765868,jeanne_d'arc_alter_(avenger)_(third_ascension)_(fate),4,861,"[""jeanne_d'arc_alter_(avenger)_(third_ascension)_(fate)""]",False,False
439342,taokaka_(blazblue),4,841,"[""taokaka_(blazblue)""]",False,False
462517,yamabuki_inori_(guilty_crown),4,843,"[""yamabuki_inori_(guilty_crown)""]",False,False
507427,anegasaki_nene_(idolmaster),4,850,"[""anegasaki_nene_(idolmaster)""]",False,False
1353706,mumei_(kabaneri),4,825,"[""mumei_(kabaneri)""]",False,False
1820726,hokko_tarumae_(umamusume),4,1266,"[""hokko_tarumae_(umamusume)""]",False,False
396395,naoe_riki_(little_busters!),4,857,"[""naoe_riki_(little_busters!)""]",False,False
1302247,sawamura_spencer_eriri_(saekano),4,846,"[""sawamura_spencer_eriri_(saekano)"", ""sawamura_eriri_spencer""]",False,False
622721,korra_(the_legend_of_korra),4,924,"[""korra_(the_legend_of_korra)""]",False,False
1305340,morgana_(persona_5),4,988,"[""morgana_(persona_5)""]",False,False
1405052,moose_(kemono_friends),4,853,"[""moose_(kemono_friends)""]",False,False
2026816,yi_sang_(project_moon),4,1960,"[""yi_sang_(project_moon)"", ""yi_sang_(limbus_company)"", ""yi-sang_(limbus_company)""]",False,False
16312,tenjou_utena_(shoujo_kakumei_utena),4,940,"[""tenjou_utena_(shoujo_kakumei_utena)""]",False,False
445911,magnemite_(pokemon),4,1139,"[""magnemite_(pokemon)""]",False,False
1293670,yamada_elf_(eromanga_sensei),4,816,"[""yamada_elf_(eromanga_sensei)""]",False,False
1979031,pekomon_(usada_pekora),4,1082,"[""pekomon_(usada_pekora)"", ""nousagi_(usada_pekora)""]",False,False
1730677,bronya_zaychik_(silverwing:_n-ex),4,1223,"[""bronya_zaychik_(silverwing:_n-ex)"", ""bronya_zaychik_(silver_wing)""]",False,False
1719451,crow_(la+_darknesss),4,894,"[""crow_(la+_darknesss)""]",False,False
506315,yumeko_(touhou),4,863,"[""yumeko_(touhou)"", ""yumeko""]",False,False
1229736,satake_minako_(idolmaster_cinderella_girls),4,944,"[""satake_minako_(idolmaster_cinderella_girls)""]",False,False
1522438,ushizaki_urumi_(idolmaster_cinderella_girls),4,922,"[""ushizaki_urumi_(idolmaster_cinderella_girls)""]",False,False
1630689,grecale_(kancolle),4,929,"[""grecale_(kancolle)"", ""grecale_(kantai_collection)""]",False,False
1626332,saga_(arknights),4,1000,"[""saga_(arknights)""]",False,False
426520,waddle_dee_(kirby),4,1115,"[""waddle_dee_(kirby)""]",False,False
1626978,reisen_(touhou_bougetsushou),4,869,"[""reisen_(touhou_bougetsushou)"", ""reisen""]",False,False
664499,hino_akane_(idolmaster),4,842,"[""hino_akane_(idolmaster)""]",False,False
1768610,saber_alter_(ver._shinjuku_1999)_(fate),4,0,"[""saber_alter_(ver._shinjuku_1999)_(fate)""]",False,False
1567156,aoyagi_touya_(project_sekai),4,1025,"[""aoyagi_touya_(project_sekai)""]",False,False
693236,ibuki_(street_fighter),4,865,"[""ibuki_(street_fighter)""]",False,False
390231,raichu_(pokemon),4,1009,"[""raichu_(pokemon)""]",False,False
1304942,female_saniwa_(touken_ranbu),4,860,"[""female_saniwa_(touken_ranbu)""]",False,False
1972284,ado_(utaite),4,2179,"[""ado_(utaite)"", ""ado_(singer)""]",False,False
410735,mewtwo_(pokemon),4,1017,"[""mewtwo_(pokemon)""]",False,False
790426,ara_haan_(elsword),4,842,"[""ara_haan_(elsword)"", ""ara_(elsword)"", ""ara_han""]",False,False
1398095,hinatsuru_ai_(idolmaster),4,817,"[""hinatsuru_ai_(idolmaster)""]",False,False
8330,hoshino_ruri_(nadesico),4,876,"[""hoshino_ruri_(nadesico)""]",False,False
516743,lance_(pokemon),4,1038,"[""lance_(pokemon)""]",False,False
1452666,brynhildr_(fate),4,0,"[""brynhildr_(fate)""]",False,False
382266,teana_lanster_(mahou_shoujo_lyrical_nanoha),4,824,"[""teana_lanster_(mahou_shoujo_lyrical_nanoha)"", ""tiana_lanster""]",False,False
1931458,jingliu_(honkai:_star_rail),4,1293,"[""jingliu_(honkai:_star_rail)""]",False,False
445938,snorlax_(pokemon),4,1019,"[""snorlax_(pokemon)""]",False,False
1631348,shinshuu_maru_(kancolle),4,876,"[""shinshuu_maru_(kancolle)"", ""shinshuu_maru_(kantai_collection)""]",False,False
1567155,shinonome_akito_(project_sekai),4,1071,"[""shinonome_akito_(project_sekai)""]",False,False
1599618,whislash_(arknights),4,933,"[""whislash_(arknights)""]",False,False
1693037,le_malin_(listless_lapin)_(azur_lane),4,873,"[""le_malin_(listless_lapin)_(azur_lane)""]",False,False
605494,filia_(skullgirls),4,857,"[""filia_(skullgirls)""]",False,False
712651,isobe_noriko_(girls_und_panzer),4,835,"[""isobe_noriko_(girls_und_panzer)""]",False,False
1933214,hakos_baelz_(1st_costume),4,1692,"[""hakos_baelz_(1st_costume)""]",False,False
1790199,copano_rickey_(umamusume),4,1106,"[""copano_rickey_(umamusume)""]",False,False
406554,latias_(pokemon),4,1154,"[""latias_(pokemon)""]",False,False
1240058,hange_zoe_(shingeki_no_kyojin),4,854,"[""hange_zoe_(shingeki_no_kyojin)"", ""hanji_zoe""]",False,False
1374971,female_protagonist_(pokemon_go),4,813,"[""female_protagonist_(pokemon_go)""]",False,False
1555021,sei_shounagon_(fate),4,914,"[""sei_shounagon_(fate)""]",False,False
680146,mary_(ib),4,903,"[""mary_(ib)""]",False,False
1782491,oberon_(third_ascension)_(fate),4,1196,"[""oberon_(third_ascension)_(fate)""]",False,False
1388311,elizabeth_bathory_(brave)_(fate),4,831,"[""elizabeth_bathory_(brave)_(fate)""]",False,False
1822926,penny_(pokemon),4,1204,"[""penny_(pokemon)""]",False,False
11683,optimus_prime_(transformers),4,1015,"[""optimus_prime_(transformers)""]",False,False
1720787,lyney_(genshin_impact),4,1514,"[""lyney_(genshin_impact)""]",False,False
1764432,jeanne_d'arc_(third_ascension)_(fate),4,823,"[""jeanne_d'arc_(third_ascension)_(fate)""]",False,False
1682885,atsuko_(blue_archive),4,1541,"[""atsuko_(blue_archive)"", ""hakari_atsuko""]",False,False
935917,hakurei_reimu_(pc-98),4,900,"[""hakurei_reimu_(pc-98)"", ""classic_hakurei_reimu"", ""hakurei_reimu_(classic)""]",False,False
1475191,aoba_moca_(bandori),4,965,"[""aoba_moca_(bandori)""]",False,False
1438842,emma_verde_(love_live!),4,1510,"[""emma_verde_(love_live!)""]",False,False
1534451,amamiya_kokoro_(idolmaster),4,1098,"[""amamiya_kokoro_(idolmaster)""]",False,False
381201,konpaku_youki_(touhou),4,802,"[""konpaku_youki_(touhou)""]",False,False
1644985,gold_city_(umamusume),4,1046,"[""gold_city_(umamusume)""]",False,False
1237385,akaboshi_koume_(idolmaster_cinderella_girls),4,910,"[""akaboshi_koume_(idolmaster_cinderella_girls)""]",False,False
1346609,beatrix_(granblue_fantasy),4,865,"[""beatrix_(granblue_fantasy)""]",False,False
1600299,blemishine_(arknights),4,912,"[""blemishine_(arknights)""]",False,False
1648576,mejiro_palmer_(umamusume),4,1289,"[""mejiro_palmer_(umamusume)""]",False,False
611797,chandelure_(pokemon),4,1050,"[""chandelure_(pokemon)""]",False,False
1627732,paul_bunyan_(fate),4,866,"[""paul_bunyan_(fate)"", ""berserker_(learning_with_manga!_fgo)"", ""paul_bunyan_(fate/grand_order)""]",False,False
410791,king_dedede_(kirby),4,998,"[""king_dedede_(kirby)""]",False,False
1259432,oomori_yuuko_(idolmaster),4,814,"[""oomori_yuuko_(idolmaster)""]",False,False
1643064,goutokuji_mike_(idolmaster_cinderella_girls),4,969,"[""goutokuji_mike_(idolmaster_cinderella_girls)""]",False,False
464859,sailor_saturn_(sailor_moon),4,849,"[""sailor_saturn_(sailor_moon)""]",False,False
445834,hypno_(pokemon),4,944,"[""hypno_(pokemon)""]",False,False
1782880,angela_(project_moon),4,1282,"[""angela_(project_moon)""]",False,False
1452662,suzuka_gozen_(fate),4,931,"[""suzuka_gozen_(fate)""]",False,False
387301,perona_(one_piece),4,1163,"[""perona_(one_piece)""]",False,False
1401541,izayoi_liko_(precure),4,913,"[""izayoi_liko_(precure)"", ""izayoi_riko""]",False,False
1398812,kobayashi_(maidragon),4,887,"[""kobayashi_(maidragon)""]",False,False
1509649,uzaki_tsuki_(uzaki-chan_wa_asobitai!),4,938,"[""uzaki_tsuki_(uzaki-chan_wa_asobitai!)""]",False,False
1818873,kasumi_(blue_archive),4,1115,"[""kasumi_(blue_archive)"", ""kinugawa_kasumi""]",False,False
1413408,small-clawed_otter_(kemono_friends),4,808,"[""small-clawed_otter_(kemono_friends)"", ""otter_(kemono_friends)""]",False,False
1584793,raiden_mei_(herrscher_of_thunder),4,1200,"[""raiden_mei_(herrscher_of_thunder)""]",False,False
1441359,shoukaku_(azur_lane),4,836,"[""shoukaku_(azur_lane)""]",False,False
14491,i-no_(guilty_gear),4,856,"[""i-no_(guilty_gear)""]",False,False
935914,kazami_yuuka_(pc-98),4,855,"[""kazami_yuuka_(pc-98)"", ""kazami_yuuka_(classic)""]",False,False
1306594,ichigo_hitofuri_(touken_ranbu),4,791,"[""ichigo_hitofuri_(touken_ranbu)""]",False,False
1605833,klein_moretti_(lord_of_the_mysteries),4,862,"[""klein_moretti_(lord_of_the_mysteries)""]",False,False
1631012,i-13_(kancolle),4,808,"[""i-13_(kancolle)"", ""i-13_(kantai_collection)""]",False,False
1560765,bagpipe_(arknights),4,922,"[""bagpipe_(arknights)""]",False,False
1951813,mudrock_(elite_ii)_(arknights),4,937,"[""mudrock_(elite_ii)_(arknights)""]",False,False
1785902,specter_the_unchained_(arknights),4,1014,"[""specter_the_unchained_(arknights)""]",False,False
1627531,carmilla_(fate),4,819,"[""carmilla_(fate)"", ""carmilla_(fate/grand_order)""]",False,False
1675745,petra_gurin_(nijisanji),4,927,"[""petra_gurin_(nijisanji)""]",False,False
702015,matoi_(pso2),4,788,"[""matoi_(pso2)""]",False,False
1631216,nagara_(kancolle),4,812,"[""nagara_(kancolle)"", ""nagara_(kantai_collection)""]",False,False
1645005,sakura_bakushin_o_(umamusume),4,1061,"[""sakura_bakushin_o_(umamusume)""]",False,False
15724,riza_hawkeye_(fullmetal_alchemist),4,861,"[""riza_hawkeye_(fullmetal_alchemist)""]",False,False
601752,milla_maxwell_(tales_of),4,797,"[""milla_maxwell_(tales_of)""]",False,False
437875,takei_hisa_(saki),4,780,"[""takei_hisa_(saki)""]",False,False
1462589,zooey_(granblue_fantasy),4,808,"[""zooey_(granblue_fantasy)"", ""the_order_grande""]",False,False
1398097,sora_ginko_(saki),4,796,"[""sora_ginko_(saki)""]",False,False
1615566,usa-chan_(idolmaster),4,791,"[""usa-chan_(idolmaster)"", ""usa-chan""]",False,False
1203675,melia_antiqua_(xenoblade),4,939,"[""melia_antiqua_(xenoblade)""]",False,False
1277652,yuuri_(shoujo_shuumatsu_ryokou),4,1008,"[""yuuri_(shoujo_shuumatsu_ryokou)""]",False,False
1299400,haruno_haruka_(idolmaster),4,838,"[""haruno_haruka_(idolmaster)""]",False,False
1420709,hadou_nejire_(boku_no_hero_academia),4,0,"[""hadou_nejire_(boku_no_hero_academia)""]",False,False
1605354,guoba_(genshin_impact),4,947,"[""guoba_(genshin_impact)""]",False,False
427882,bazett_fraga_mcremitz_(fate),4,820,"[""bazett_fraga_mcremitz_(fate)"", ""bazette_fraga_mcremitz""]",False,False
566218,platinum_the_trinity_(blazblue),4,781,"[""platinum_the_trinity_(blazblue)""]",False,False
1541801,magallan_(arknights),4,856,"[""magallan_(arknights)""]",False,False
1515003,rena_erindel_(elsword),4,793,"[""rena_erindel_(elsword)"", ""rena_(elsword)""]",False,False
1257345,harime_nui_(kill_la_kill),4,805,"[""harime_nui_(kill_la_kill)""]",False,False
1631249,okinami_(kancolle),4,813,"[""okinami_(kancolle)"", ""okinami_(kantai_collection)""]",False,False
1249877,iori_rinko_(idolmaster),4,799,"[""iori_rinko_(idolmaster)""]",False,False
2061468,oozora_subaru_(work),4,888,"[""oozora_subaru_(work)"", ""oozora_subaru_(2nd_costume)""]",False,False
1007211,hinata_hideki_(angel_beats!),4,780,"[""hinata_hideki_(angel_beats!)"", ""hinata_(angel_beats!)""]",False,False
633080,takakura_himari_(mawaru_penguindrum),4,781,"[""takakura_himari_(mawaru_penguindrum)""]",False,False
1441502,chito_(shoujo_shuumatsu_ryokou),4,1023,"[""chito_(shoujo_shuumatsu_ryokou)""]",False,False
1639099,naganami_kai_ni_(kancolle),4,911,"[""naganami_kai_ni_(kancolle)""]",False,False
1596254,razor_(genshin_impact),4,951,"[""razor_(genshin_impact)""]",False,False
1752650,narita_top_road_(umamusume),4,1258,"[""narita_top_road_(umamusume)""]",False,False
16204,agrias_oaks_(final_fantasy),4,802,"[""agrias_oaks_(final_fantasy)""]",False,False
1249308,greninja_(pokemon),4,938,"[""greninja_(pokemon)""]",False,False
2022005,manaka_laala_(pretty_rhythm),4,1342,"[""manaka_laala_(pretty_rhythm)"", ""manaka_lala""]",False,False
1783171,meltryllis_(swimsuit_lancer)_(second_ascension)_(fate),4,852,"[""meltryllis_(swimsuit_lancer)_(second_ascension)_(fate)""]",False,False
2061491,gawr_gura_(casual),4,1155,"[""gawr_gura_(casual)"", ""gawr_gura_(2nd_costume)""]",False,False
1657407,blue_poison_(shoal_beat)_(arknights),4,807,"[""blue_poison_(shoal_beat)_(arknights)"", ""blue_poison_(rhythm_on_the_beach)_(arknights)""]",False,False
1794300,shikanoin_heizou_(genshin_impact),4,1070,"[""shikanoin_heizou_(genshin_impact)""]",False,False
1674016,manya_(dq4),4,828,"[""manya_(dq4)"", ""manya""]",False,False
419659,rita_mordio_(tales_of),4,794,"[""rita_mordio_(tales_of)""]",False,False
444238,drifloon_(pokemon),4,965,"[""drifloon_(pokemon)""]",False,False
1245116,ri-class_heavy_cruiser_(kantai_collection),4,771,"[""ri-class_heavy_cruiser_(kantai_collection)""]",False,False
1480691,platelet_(hataraku_saibou),4,794,"[""platelet_(hataraku_saibou)""]",False,False
1571593,tang_keke_(love_live!),4,1299,"[""tang_keke_(love_live!)""]",False,False
1631231,natori_(kancolle),4,805,"[""natori_(kancolle)"", ""natori_(kantai_collection)""]",False,False
1631118,kishinami_(kancolle),4,844,"[""kishinami_(kancolle)"", ""kishinami_(kantai_collection)""]",False,False
1524978,silverash_(arknights),4,901,"[""silverash_(arknights)""]",False,False
16323,char_aznable_(gundam),4,1000,"[""char_aznable_(gundam)""]",False,False
1265247,sato_shin_(idolmaster),4,925,"[""sato_shin_(idolmaster)"", ""satou_shin""]",False,False
432818,hirose_koichi_(jojo_no_kimyou_na_bouken),4,782,"[""hirose_koichi_(jojo_no_kimyou_na_bouken)"", ""hirose_kouichi""]",False,False
688953,igarashi_kyoko_(idolmaster_cinderella_girls),4,966,"[""igarashi_kyoko_(idolmaster_cinderella_girls)"", ""igarashi_kyouko""]",False,False
1443050,zuikaku_(azur_lane),4,821,"[""zuikaku_(azur_lane)""]",False,False
466150,yuri_sakazaki_(fatal_fury),4,820,"[""yuri_sakazaki_(fatal_fury)"", ""sakazaki_yuri""]",False,False
523901,shinonome_nano_(nichijou),4,836,"[""shinonome_nano_(nichijou)""]",False,False
1449525,phosphophyllite_(ll),4,830,"[""phosphophyllite_(ll)""]",False,False
1678851,mizuki_(arknights),4,1024,"[""mizuki_(arknights)""]",False,False
1934879,k1-b0_(danganronpa),4,1091,"[""k1-b0_(danganronpa)"", ""keebo""]",False,False
1432300,yatadera_narumi_(touhou),4,845,"[""yatadera_narumi_(touhou)""]",False,False
1623487,crypto_(apex_legends),4,886,"[""crypto_(apex_legends)""]",False,False
1605817,stark_(sousou_no_frieren),4,1672,"[""stark_(sousou_no_frieren)""]",False,False
1790903,lisbeth_(sao),4,774,"[""lisbeth_(sao)"", ""lisbeth""]",False,False
1565905,bianka_durandal_ataegina_(honkai_impact),4,0,"[""bianka_durandal_ataegina_(honkai_impact)"", ""durandal_(honkai_impact)""]",False,False
1954908,dan_heng_(imbibitor_lunae)_(honkai:_star_rail),4,1152,"[""dan_heng_(imbibitor_lunae)_(honkai:_star_rail)""]",False,False
14141,saotome_ranma_(ranma_1/2),4,1077,"[""saotome_ranma_(ranma_1/2)""]",False,False
423092,dead_master_(black_rock_shooter),4,888,"[""dead_master_(black_rock_shooter)""]",False,False
1685846,rei_(pokemon),4,873,"[""rei_(pokemon)"", ""teru_(pokemon)"", ""rei_(pokemon_legends:_arceus)"", ""male_protagonist_(pokemon_legends:_arceus)""]",False,False
1631060,janus_(kancolle),4,855,"[""janus_(kancolle)"", ""janus_(kantai_collection)""]",False,False
445904,gastly_(pokemon),4,947,"[""gastly_(pokemon)""]",False,False
868605,todo_yurika_(aikatsu!),4,811,"[""todo_yurika_(aikatsu!)"", ""toudou_yurika""]",False,False
1572168,heanna_sumire_(love_live),4,1277,"[""heanna_sumire_(love_live)""]",False,False
1649138,heracles_(fate),4,816,"[""heracles_(fate)"", ""berserker""]",False,False
462002,flygon_(pokemon),4,991,"[""flygon_(pokemon)""]",False,False
1627797,wu_zetian_(fate),4,823,"[""wu_zetian_(fate)"", ""wu_zetian_(fate/grand_order)""]",False,False
1627167,stheno_(fate),4,856,"[""stheno_(fate)"", ""stheno""]",False,False
7660,enma_ai_(jigoku_shoujo),4,782,"[""enma_ai_(jigoku_shoujo)""]",False,False
1644974,taiki_shuttle_(umamusume),4,1028,"[""taiki_shuttle_(umamusume)""]",False,False
450993,milotic_(pokemon),4,957,"[""milotic_(pokemon)""]",False,False
13993,ky_kiske_(guilty_gear),4,883,"[""ky_kiske_(guilty_gear)""]",False,False
1781830,jeanne_d'arc_(swimsuit_archer)_(first_ascension)_(fate),4,785,"[""jeanne_d'arc_(swimsuit_archer)_(first_ascension)_(fate)""]",False,False
2026818,faust_(project_moon),4,2013,"[""faust_(project_moon)"", ""faust_(limbus_company)""]",False,False
1847558,layla_(genshin_impact),4,992,"[""layla_(genshin_impact)""]",False,False
695974,roxie_(pokemon),4,845,"[""roxie_(pokemon)"", ""homika_(pokemon)""]",False,False
410729,absol_(pokemon),4,1118,"[""absol_(pokemon)""]",False,False
462261,nikka_edvardine_katajainen_(strike_witches),4,794,"[""nikka_edvardine_katajainen_(strike_witches)""]",False,False
716715,cure_heart_(dokidoki_precure),4,778,"[""cure_heart_(dokidoki_precure)""]",False,False
1228013,regina_(dokidoki!_precure),4,760,"[""regina_(dokidoki!_precure)"", ""regina_(precure)""]",False,False
1631044,irako_(kancolle),4,794,"[""irako_(kancolle)"", ""irako_(kantai_collection)""]",False,False
2026869,hong_lu_(project_moon),4,1718,"[""hong_lu_(project_moon)"", ""hong_lu_(limbus_company)""]",False,False
400328,okita_sougo_(gintama),4,796,"[""okita_sougo_(gintama)""]",False,False
466277,maya_fey_(ace_attorney),4,932,"[""maya_fey_(ace_attorney)"", ""ayasato_mayoi""]",False,False
8108,piccolo_(dragon_ball),4,960,"[""piccolo_(dragon_ball)""]",False,False
1281005,naomi_(girls_und_panzer),4,784,"[""naomi_(girls_und_panzer)""]",False,False
1646429,fukuda_haru_(girls_und_panzer),4,806,"[""fukuda_haru_(girls_und_panzer)"", ""fukuda_(girls_und_panzer)""]",False,False
15646,usopp_(one_piece),4,1149,"[""usopp_(one_piece)""]",False,False
449290,dragonite_(pokemon),4,1022,"[""dragonite_(pokemon)""]",False,False
1304907,gokotai_(touken_ranbu),4,755,"[""gokotai_(touken_ranbu)""]",False,False
1416572,nanami_yachiyo_(magia_record),4,1013,"[""nanami_yachiyo_(magia_record)""]",False,False
1496591,nikaidou_saki_(zombie_land_saga),4,773,"[""nikaidou_saki_(zombie_land_saga)""]",False,False
1400058,satanichia_kurumizawa_mcdowell_(gabriel_dropout),4,762,"[""satanichia_kurumizawa_mcdowell_(gabriel_dropout)"", ""kurumizawa_satanichia_mcdowell"", ""satania_(gabriel_dropout)""]",False,False
1405059,sand_cat_(kemono_friends),4,784,"[""sand_cat_(kemono_friends)""]",False,False
1790615,spicy_nun_(diva),4,835,"[""spicy_nun_(diva)"", ""half-bang_nun_(diva)""]",False,False
2003721,mori_calliope_(streetwear),4,1161,"[""mori_calliope_(streetwear)"", ""mori_calliope_(casual)"", ""mori_calliope_(2nd_costume)""]",False,False
1885929,nijigaoka_mashiro_(love_live!),4,1185,"[""nijigaoka_mashiro_(love_live!)""]",False,False
466172,bartz_klauser_(final_fantasy),4,812,"[""bartz_klauser_(final_fantasy)"", ""butz_klauser""]",False,False
176591,aragaki_shinjirou_(persona),4,914,"[""aragaki_shinjirou_(persona)"", ""shinjirou_aragaki""]",False,False
1631108,kikuzuki_(kancolle),4,774,"[""kikuzuki_(kancolle)"", ""kikuzuki_(kantai_collection)""]",False,False
1316228,nakagawa_natsuki_(hibike!_euphonium),4,887,"[""nakagawa_natsuki_(hibike!_euphonium)"",974,[""""psyduck_(pokemon)""""]""",False,False
1431868,nitocris_(swimsuit_assassin)_(fate),4,785,"[""nitocris_(swimsuit_assassin)_(fate)""]",False,False
1639090,maya_kai_ni_(kancolle),4,1027,"[""maya_kai_ni_(kancolle)""]",False,False
445875,psyduck_(pokemon),4,974,"[""psyduck_(pokemon)""]",False,False
445864,clefairy_(pokemon),4,899,"[""clefairy_(pokemon)""]",False,False
609604,evelynn_(league_of_legends),4,858,"[""evelynn_(league_of_legends)""]",False,False
1085943,tokoro_megumi_(idolmaster_cinderella_girls),4,876,"[""tokoro_megumi_(idolmaster_cinderella_girls)""]",False,False
1305420,shokudaikiri_mitsutada_(touken_ranbu),4,763,"[""shokudaikiri_mitsutada_(touken_ranbu)""]",False,False
1476829,kanae_(nijisanji),4,991,"[""kanae_(nijisanji)""]",False,False
1658838,sakura_chiyono_o_(umamusume),4,1107,"[""sakura_chiyono_o_(umamusume)""]",False,False
1645753,roll_caskett_(mega_man),4,953,"[""roll_caskett_(mega_man)"", ""roll_caskett""]",False,False
1934685,fukawa_toko_(danganronpa),4,1049,"[""fukawa_toko_(danganronpa)"", ""fukawa_touko""]",False,False
1627625,lavinia_whateley_(fate),4,767,"[""lavinia_whateley_(fate)"", ""lavinia_whateley_(fate/grand_order)""]",False,False
1793076,himeko_(honkai:_star_rail),4,1339,"[""himeko_(honkai:_star_rail)""]",False,False
391387,akita_neru_(vocaloid),4,1069,"[""akita_neru_(vocaloid)""]",False,False
1333463,beatrice_(re:zero),4,1005,"[""beatrice_(re:zero)""]",False,False
1708017,sirius_(scorching-hot_seirios)_(azur_lane),4,750,"[""sirius_(scorching-hot_seirios)_(azur_lane)"", ""sirius_(midsummer_seirios)_(azur_lane)""]",False,False
1607368,van_gogh_(fate),4,868,"[""van_gogh_(fate)""]",False,False
11487,kuradoberi_jam_(guilty_gear),4,758,"[""kuradoberi_jam_(guilty_gear)""]",False,False
427478,fudou_yuusei_(yu-gi-oh!),4,0,"[""fudou_yuusei_(yu-gi-oh!)""]",False,False
420633,santa_claus_(christmas),4,857,"[""santa_claus_(christmas)"", ""father_christmas""]",False,False
386902,itou_kaiji_(kaiji),4,883,"[""itou_kaiji_(kaiji)""]",False,False
1550049,yamada_anna_(idolmaster_cinderella_girls),4,1292,"[""yamada_anna_(idolmaster_cinderella_girls)""]",False,False
664407,himekawa_yuki_(idolmaster_cinderella_girls),4,768,"[""himekawa_yuki_(idolmaster_cinderella_girls)""]",False,False
1442949,ptilopsis_(arknights),4,848,"[""ptilopsis_(arknights)""]",False,False
1859641,faruzan_(genshin_impact),4,1147,"[""faruzan_(genshin_impact)""]",False,False
421517,portgas_d._ace_(one_piece),4,1380,"[""portgas_d._ace_(one_piece)"", ""ace_(one_piece)"", ""portgas_d_ace""]",False,False
593801,cure_rhythm_(suite_precure),4,748,"[""cure_rhythm_(suite_precure)""]",False,False
1782428,bb_(swimsuit_mooncancer)_(third_ascension)_(fate),4,785,"[""bb_(swimsuit_mooncancer)_(third_ascension)_(fate)""]",False,False
1346345,takimoto_hifumi_(new_game!),4,761,"[""takimoto_hifumi_(new_game!)""]",False,False
1386286,yonaga_angie_(danganronpa),4,1098,"[""yonaga_angie_(danganronpa)""]",False,False
1693731,mash_kyrielight_(swimsuit_of_perpetual_summer),4,770,"[""mash_kyrielight_(swimsuit_of_perpetual_summer)"", ""swimsuit_of_perpetual_summer""]",False,False
1491428,takamiya_rion_(virtual_youtuber),4,861,"[""takamiya_rion_(virtual_youtuber)""]",False,False
1568796,quanxi_(chainsaw_man),4,881,"[""quanxi_(chainsaw_man)""]",False,False
1962856,wriothesley_(genshin_impact),4,1636,"[""wriothesley_(genshin_impact)""]",False,False
1856690,texas_the_omertosa_(arknights),4,1118,"[""texas_the_omertosa_(arknights)""]",False,False
520900,sf-a2_miki_(vocaloid),4,748,"[""sf-a2_miki_(vocaloid)"", ""miki"", ""miki_(vocaloid)""]",False,False
408937,young_link_(the_legend_of_zelda),4,1073,"[""young_link_(the_legend_of_zelda)""]",False,False
432820,nijimura_okuyasu_(jojo_no_kimyou_na_bouken),4,787,"[""nijimura_okuyasu_(jojo_no_kimyou_na_bouken)""]",False,False
628321,asuka_(senran_kagura),4,842,"[""asuka_(senran_kagura)""]",False,False
690136,touhoku_zunko_(vocaloid),4,906,"[""touhoku_zunko_(vocaloid)""]",False,False
1491126,tsuyuri_kanao_(kimetsu_no_yaiba),4,811,"[""tsuyuri_kanao_(kimetsu_no_yaiba)""]",False,False
404920,sage_(dq3),4,834,"[""sage_(dq3)""]",False,False
1305382,kogitsunemaru_(touken_ranbu),4,733,"[""kogitsunemaru_(touken_ranbu)""]",False,False
1508806,julia_(fire_emblem),4,993,"[""julia_(fire_emblem)"", ""yuria_(fire_emblem)""]",False,False
2018045,black_heart_(neptunia),4,744,"[""black_heart_(neptunia)"", ""black_heart_(neptune)"", ""black_heart""]",False,False
1485459,jean_bart_(azur_lane),4,789,"[""jean_bart_(azur_lane)""]",False,False
1731177,yun_jin_(genshin_impact),4,833,"[""yun_jin_(genshin_impact)"", ""yunjin_(genshin_impact)""]",False,False
1528912,takumi_(fire_emblem),4,875,"[""takumi_(fire_emblem)"", ""takumi_(fire_emblem_if)""]",False,False
1538827,mercedes_von_martritz_(fire_emblem),4,878,"[""mercedes_von_martritz_(fire_emblem)"", ""mercedes_von_marltritz""]",False,False
1563389,angel_devil_(chainsaw_man),4,810,"[""angel_devil_(chainsaw_man)""]",False,False
1787758,kaho_(blue_archive),4,846,"[""kaho_(blue_archive)"", ""kuwakami_kaho""]",False,False
2057377,shiori_novella_(1st_costume),4,1522,"[""shiori_novella_(1st_costume)""]",False,False
1631097,kasuga_maru_(kancolle),4,774,"[""kasuga_maru_(kancolle)"", ""kasuga_maru_(kantai_collection)""]",False,False
1646769,ikuno_dictus_(umamusume),4,955,"[""ikuno_dictus_(umamusume)"", ""ikuno_dictus""]",False,False
708153,seto_kousuke_(kagerou_project),4,748,"[""seto_kousuke_(kagerou_project)""]",False,False
1356607,chomusuke_(kono_subarashii_sekai_ni_shukufuku_wo!),4,851,"[""chomusuke_(kono_subarashii_sekai_ni_shukufuku_wo!)""]",False,False
1527178,elise_(fire_emblem),4,919,"[""elise_(fire_emblem)"", ""elise_(fire_emblem_if)""]",False,False
31266,roy_mustang_(fullmetal_alchemist),4,799,"[""roy_mustang_(fullmetal_alchemist)""]",False,False
1377218,otomachi_una_(vocaloid),4,1096,"[""otomachi_una_(vocaloid)""]",False,False
1343981,mikumo_guynemer_(macross),4,775,"[""mikumo_guynemer_(macross)""]",False,False
1653646,aubrey_(omori),4,2381,"[""aubrey_(omori)""]",False,False
713347,katagiri_sanae_(idolmaster_cinderella_girls),4,794,"[""katagiri_sanae_(idolmaster_cinderella_girls)""]",False,False
1906528,carmine_(pokemon),4,1992,"[""carmine_(pokemon)""]",False,False
384314,saigusa_haruka_(little_busters!),4,742,"[""saigusa_haruka_(little_busters!)""]",False,False
1387122,mordred_(swimsuit_rider)_(fate),4,784,"[""mordred_(swimsuit_rider)_(fate)""]",False,False
1654875,shigure_(blue_archive),4,1142,"[""shigure_(blue_archive)"", ""mayoi_shigure""]",False,False
1698183,koyuki_(blue_archive),4,1302,"[""koyuki_(blue_archive)"", ""kurosaki_koyuki""]",False,False
1408392,golden_snub-nosed_monkey_(kemono_friends),4,742,"[""golden_snub-nosed_monkey_(kemono_friends)""]",False,False
1627172,viy_(fate),4,920,"[""viy_(fate)"", ""viy""]",False,False
1765330,elizabeth_bathory_(first_ascension)_(fate),4,0,"[""elizabeth_bathory_(first_ascension)_(fate)""]",False,False
1529378,sakata_kintoki_(fate),4,961,"[""sakata_kintoki_(fate)"", ""sakata_kintoki_(fate/grand_order)""]",False,False
1461165,uchi_emiri_(WataMote),4,785,"[""uchi_emiri_(WataMote)""]",False,False
2041948,hoshimachi_suisei_(streetwear),4,0,"[""hoshimachi_suisei_(streetwear)""]",False,False
1351074,wiz_(konosuba),4,892,"[""wiz_(konosuba)""]",False,False
1440285,queen_elizabeth_(azur_lane),4,761,"[""queen_elizabeth_(azur_lane)""]",False,False
496529,touwa_erio_(denpa_onna_to_seishun_otoko),4,725,"[""touwa_erio_(denpa_onna_to_seishun_otoko)""]",False,False
1450276,cutlass_(girls_und_panzer),4,803,"[""cutlass_(girls_und_panzer)""]",False,False
1705076,rosa_(tears_of_themis),4,861,"[""rosa_(tears_of_themis)""]",False,False
1893558,shigure_kai_san_(kancolle),4,1156,"[""shigure_kai_san_(kancolle)""]",False,False
408664,pachirisu_(pokemon),4,971,"[""pachirisu_(pokemon)""]",False,False
1285963,alena_(dq4),4,782,"[""alena_(dq4)""]",False,False
1452677,semiramis_(fate),4,757,"[""semiramis_(fate)""]",False,False
701386,koizumi_mahiru_(danganronpa),4,885,"[""koizumi_mahiru_(danganronpa)""]",False,False
1667169,negev_(girls'_frontline),4,743,"[""negev_(girls'_frontline)"", ""negev_(girls_frontline)""]",False,False
1237658,error_musume_(kantai_collection),4,713,"[""error_musume_(kantai_collection)""]",False,False
1629339,gray_(fate),4,773,"[""gray_(fate)"", ""gray_(lord_el-melloi_ii)""]",False,False
1627758,scheherazade_(fate),4,786,"[""scheherazade_(fate)"", ""scheherazade_(fate/grand_order)""]",False,False
1588338,tomoe_gozen_(swimsuit_saber)_(fate),4,766,"[""tomoe_gozen_(swimsuit_saber)_(fate)""]",False,False
1350943,adventurer_(ff14),4,922,"[""adventurer_(ff14)"", ""meteor_(ff14)""]",False,False
713611,utsugi_yuuki_(idolmaster_cinderella_girls),4,743,"[""utsugi_yuuki_(idolmaster_cinderella_girls)""]",False,False
1067206,hayasaka_mirei_(idolmaster_cinderella_girls),4,783,"[""hayasaka_mirei_(idolmaster_cinderella_girls)""]",False,False
1694419,douki-chan_(douki-chan),4,716,"[""douki-chan_(douki-chan)"", ""douki-chan_(yomu_(sgt_epper))"", ""office_lady_(yomu_(sgt_epper))""]",False,False
1538082,myrtle_(arknights),4,868,"[""myrtle_(arknights)""]",False,False
405335,olimar_(pikmin),4,1180,"[""olimar_(pikmin)""]",False,False
644034,kariya_masaki_(fate),4,717,"[""kariya_masaki_(fate)""]",False,False
1337509,freyja_wion_(macross),4,750,"[""freyja_wion_(macross)""]",False,False
1445281,misono_karin_(Madoka Magica),4,761,"[""misono_karin_(Madoka Magica)""]",False,False
1461598,sheffield_(azur_lane),4,752,"[""sheffield_(azur_lane)""]",False,False
2061489,takanashi_kiara_(casual),4,866,"[""takanashi_kiara_(casual)"", ""takanashi_kiara_(2nd_costume)""]",False,False
1689852,hatsutori_hajime_(idolmaster),4,4283,"[""hatsutori_hajime_(idolmaster)""]",False,False
1722734,bronya_rand_(honkai_impact),4,999,"[""bronya_rand_(honkai_impact)""]",False,False
1837736,saren_(summer)_(princess_connect!),4,726,"[""saren_(summer)_(princess_connect!)""]",False,False
1272430,isolated_island_oni_(kantai_collection),4,708,"[""isolated_island_oni_(kantai_collection)""]",False,False
462515,aono_miki_(vocaloid),4,737,"[""aono_miki_(vocaloid)""]",False,False
1327917,yuel_(granblue_fantasy),4,736,"[""yuel_(granblue_fantasy)""]",False,False
1520873,murosaki_miyo_(kantai_collection),4,964,"[""murosaki_miyo_(kantai_collection)""]",False,False
544079,barry_(pokemon),4,819,"[""barry_(pokemon)"", ""pearl_(pokemon)"", ""jun_(pokemon)""]",False,False
480982,asbel_lhant_(tales_of),4,714,"[""asbel_lhant_(tales_of)""]",False,False
1233901,sophie_(tales),4,735,"[""sophie_(tales)"", ""sophie_(tales_of_graces)""]",False,False
1420829,matsubara_kanon_(idolmaster_cinderella_girls),4,849,"[""matsubara_kanon_(idolmaster_cinderella_girls)""]",False,False
1530109,alcremie_(pokemon),4,964,"[""alcremie_(pokemon)""]",False,False
4516,poring_(ragnarok_online),4,949,"[""poring_(ragnarok_online)""]",False,False
1641409,ingrid_(capcom),4,734,"[""ingrid_(capcom)"", ""ingrid""]",False,False
381037,minazuki_karen_(yes!_precure),4,743,"[""minazuki_karen_(yes!_precure)""]",False,False
731293,nakiri_erina_(shokugeki_no_souma),4,1016,"[""nakiri_erina_(shokugeki_no_souma)""]",False,False
1762593,kirisawa_juuzou_(character),4,702,"[""kirisawa_juuzou_(character)""]",False,False
1488450,sora_(arknights),4,778,"[""sora_(arknights)""]",False,False
1400388,olga_marie_animusphere_(fate),4,821,"[""olga_marie_animusphere_(fate)"", ""olga_marie""]",False,False
1631186,minegumo_(kancolle),4,771,"[""minegumo_(kancolle)"", ""minegumo_(kantai_collection)""]",False,False
575935,mishaguji_(touhou),4,849,"[""mishaguji_(touhou)""]",False,False
1667164,g41_(girls'_frontline),4,717,"[""g41_(girls'_frontline)"", ""g41_(girls_frontline)""]",False,False
1441568,sayori_(doki_doki_literature_club),4,975,"[""sayori_(doki_doki_literature_club)""]",False,False
1692320,nemo_(fate),4,819,"[""nemo_(fate)"", ""nemo_series_(fate)""]",False,False
497689,cheria_barnes_(tales_of),4,709,"[""cheria_barnes_(tales_of)""]",False,False
1500529,rindou_mikoto_(virtual_youtuber),4,823,"[""rindou_mikoto_(virtual_youtuber)""]",False,False
1530200,shining_(arknights),4,763,"[""shining_(arknights)""]",False,False
1836426,aranara_(genshin_impact),4,1385,"[""aranara_(genshin_impact)""]",False,False
717138,cure_sword_(dokidoki_precure),4,712,"[""cure_sword_(dokidoki_precure)""]",False,False
958112,hakozaki_serika_(idolmaster_cinderella_girls),4,896,"[""hakozaki_serika_(idolmaster_cinderella_girls)""]",False,False
1553038,gravel_(arknights),4,766,"[""gravel_(arknights)""]",False,False
1578643,mifune_shioriko_(love_live!),4,1382,"[""mifune_shioriko_(love_live!)""]",False,False
1652773,gladiia_(arknights),4,874,"[""gladiia_(arknights)""]",False,False
1296576,kirishima_eijirou_(boku_no_hero_academia),4,0,"[""kirishima_eijirou_(boku_no_hero_academia)""]",False,False
1825540,shiver_(splatoon),4,1690,"[""shiver_(splatoon)""]",False,False
1434774,uehara_himari_(bandori),4,735,"[""uehara_himari_(bandori)""]",False,False
1596529,bubba_(watson_amelia),4,799,"[""bubba_(watson_amelia)""]",False,False
1617254,fuuka_(blue_archive),4,1084,"[""fuuka_(blue_archive)"", ""aikiyo_fuuka""]",False,False
597140,katarina_(league_of_legends),4,735,"[""katarina_(league_of_legends)"", ""katarina_du_couteau""]",False,False
1387021,tanigaki_genjirou_(golden_kamuy),4,942,"[""tanigaki_genjirou_(golden_kamuy)""]",False,False
1545621,astolfo_(saber)_(fate),4,788,"[""astolfo_(saber)_(fate)""]",False,False
1697525,arezu_(pokemon),4,761,"[""arezu_(pokemon)"", ""arezu"", ""hinatsu_(pokemon)""]",False,False
433613,sailor_chibi_moon_(sailor_moon),4,750,"[""sailor_chibi_moon_(sailor_moon)""]",False,False
1677248,lain_paterson_(nijisanji),4,803,"[""lain_paterson_(nijisanji)""]",False,False
1331206,kawakami_mai_(musaigen_no_phantom_world),4,696,"[""kawakami_mai_(musaigen_no_phantom_world)""]",False,False
1564454,subaru_duck_(idolmaster),4,848,"[""subaru_duck_(idolmaster)""]",False,False
1913137,ho'olheyak_(arknights),4,1364,"[""ho'olheyak_(arknights)"", ""horheyer_(arknights)""]",False,False
1560546,chocola_(nekopara),4,739,"[""chocola_(nekopara)"", ""chocola_(sayori)"", ""chocolat_(sayori)""]",False,False
1667205,9a-91_(girls'_frontline),4,726,"[""9a-91_(girls'_frontline)"", ""9a-91_(girls_frontline)""]",False,False
1520862,hozuki_kaede_(idolmaster),4,973,"[""hozuki_kaede_(idolmaster)""]",False,False
1495284,honma_himawari_(idolmaster),4,844,"[""honma_himawari_(idolmaster)""]",False,False
1962930,clorinde_(genshin_impact),4,2289,"[""clorinde_(genshin_impact)""]",False,False
1507455,himesaka_noa_(idolmaster),4,814,"[""himesaka_noa_(idolmaster)""]",False,False
404919,soldier_(dq3),4,0,"[""soldier_(dq3)""]",False,False
548087,hasegawa_kobato_(boku_wa_tomodachi_ga_sukunai),4,702,"[""hasegawa_kobato_(boku_wa_tomodachi_ga_sukunai)""]",False,False
1525774,wooloo_(pokemon),4,791,"[""wooloo_(pokemon)""]",False,False
1724456,volo_(pokemon),4,945,"[""volo_(pokemon)""]",False,False
1577018,rosa_(arknights),4,752,"[""rosa_(arknights)""]",False,False
1782757,kama_(first_ascension)_(fate),4,770,"[""kama_(first_ascension)_(fate)""]",False,False
416301,asahina_aoi_(danganronpa),4,789,"[""asahina_aoi_(danganronpa)"", ""asahina_aoi_(dangan-ronpa)""]",False,False
2018078,uni_(neptunia),4,705,"[""uni_(neptunia)"", ""uni_(neptune_series)""]",False,False
1528887,grima_(fire_emblem),4,789,"[""grima_(fire_emblem)"", ""gimurei""]",False,False
971934,vampy_(idolmaster),4,706,"[""vampy_(idolmaster)"", ""vania""]",False,False
1768854,mysterious_heroine_x_alter_(first_ascension)_(fate),4,697,"[""mysterious_heroine_x_alter_(first_ascension)_(fate)""]",False,False
1411715,okusawa_misaki_(bandori),4,863,"[""okusawa_misaki_(bandori)""]",False,False
1420691,imai_lisa_(bandori),4,898,"[""imai_lisa_(bandori)""]",False,False
1524831,jessica_(arknights),4,957,"[""jessica_(arknights)""]",False,False
1552638,kagemori_michiru_(brand_new_animal),4,824,"[""kagemori_michiru_(brand_new_animal)""]",False,False
437350,ayatsuji_tsukasa_(idan_invaded),4,775,"[""ayatsuji_tsukasa_(idan_invaded)""]",False,False
1619673,puru-see_(hoshizuki_(seigetsu)),4,682,"[""puru-see_(hoshizuki_(seigetsu))"", ""puru-see""]",False,False
1454529,okada_izou_(fate),4,788,"[""okada_izou_(fate)""]",False,False
1622476,tsurugi_(blue_archive),4,1273,"[""tsurugi_(blue_archive)"", ""kenzaki_tsurugi""]",False,False
1281007,erwin_(girls_und_panzer),4,719,"[""erwin_(girls_und_panzer)"", ""matsumoto_riko""]",False,False
1625322,maki_(blue_archive),4,1081,"[""maki_(blue_archive)"", ""konuri_maki""]",False,False
658080,ikusaba_mukuro_(danganronpa),4,880,"[""ikusaba_mukuro_(danganronpa)""]",False,False
1445024,shirasagi_chisato_(bandori),4,725,"[""shirasagi_chisato_(bandori)""]",False,False
437351,morishima_haruka_(idolmaster_cinderella_girls),4,743,"[""morishima_haruka_(idolmaster_cinderella_girls)""]",False,False
1482284,oda_nobukatsu_(fate),4,1052,"[""oda_nobukatsu_(fate)"", ""oda_nobukatsu_(fate/grand_order)""]",False,False
1520878,oka_asahi_(idolmaster),4,1013,"[""oka_asahi_(idolmaster)""]",False,False
1530558,gavial_(arknights),4,849,"[""gavial_(arknights)""]",False,False
1459803,mitsumine_yuika_(idolmaster),4,891,"[""mitsumine_yuika_(idolmaster)""]",False,False
1460549,nekomiya_hinata_(vshojo),4,706,"[""nekomiya_hinata_(vshojo)""]",False,False
1639124,tenryuu_kai_ni_(kancolle),4,738,"[""tenryuu_kai_ni_(kancolle)""]",False,False
1903602,implacable_(azur_lane),4,845,"[""implacable_(azur_lane)""]",False,False
1343588,shimada_chiyo_(girls_und_panzer),4,747,"[""shimada_chiyo_(girls_und_panzer)""]",False,False
1505254,uesugi_fuutarou_(go-toubun_no_hanayome),4,1012,"[""uesugi_fuutarou_(go-toubun_no_hanayome)""]",False,False
1686868,mr._squeaks_(hakos_baelz),4,843,"[""mr._squeaks_(hakos_baelz)""]",False,False
1971286,ui_(swimsuit)_(blue_archive),4,941,"[""ui_(swimsuit)_(blue_archive)"", ""kozeki_ui_(swimsuit)""]",False,False
1443600,romani_archaman_(fate),4,852,"[""romani_archaman_(fate)""]",False,False
1836895,karyl_(summer)_(princess_connect!),4,697,"[""karyl_(summer)_(princess_connect!)""]",False,False
2042242,xianyun_(genshin_impact),4,1127,"[""xianyun_(genshin_impact)""]",False,False
842024,tanaka_kotoha_(idolmaster_cinderella_girls),4,833,"[""tanaka_kotoha_(idolmaster_cinderella_girls)""]",False,False
1315625,adult_neptune_(hyperdimension_neptunia),4,688,"[""adult_neptune_(hyperdimension_neptunia)""]",False,False
1734375,shiratsuyu_kai_ni_(kancolle),4,967,"[""shiratsuyu_kai_ni_(kancolle)""]",False,False
1695273,okita_j._souji_(fate),4,740,"[""okita_j._souji_(fate)"", ""okita_souji_(swimsuit_assassin)_(fate)""]",False,False
1695582,laura_la_mer_(tropical-rouge!_precure),4,760,"[""laura_la_mer_(tropical-rouge!_precure)"", ""laura_(precure)""]",False,False
1524990,zima_(arknights),4,717,"[""zima_(arknights)""]",False,False
1493140,red_pikmin_(pikmin),4,1215,"[""red_pikmin_(pikmin)""]",False,False
1257848,hoshimiya_kate_(idolmaster),4,681,"[""hoshimiya_kate_(idolmaster)""]",False,False
1933135,akai_haato_(1st_costume),4,714,"[""akai_haato_(1st_costume)""]",False,False
1376985,roger_(guilty_gear),4,734,"[""roger_(guilty_gear)""]",False,False
700408,saionji_hiyoko_(danganronpa),4,914,"[""saionji_hiyoko_(danganronpa)""]",False,False
1933187,kureiji_ollie_(1st_costume),4,749,"[""kureiji_ollie_(1st_costume)""]",False,False
1569873,chloe_(princess_connect!),4,759,"[""chloe_(princess_connect!)"", ""hanako_kuroe""]",False,False
1582407,perseus_(azur_lane),4,731,"[""perseus_(azur_lane)""]",False,False
422385,wingull_(pokemon),4,832,"[""wingull_(pokemon)""]",False,False
693558,emmet_(pokemon),4,994,"[""emmet_(pokemon)"", ""kudari_(pokemon)""]",False,False
1631014,i-14_(kancolle),4,702,"[""i-14_(kancolle)"", ""i-14_(kantai_collection)""]",False,False
1409004,african_wild_dog_(kemono_friends),4,698,"[""african_wild_dog_(kemono_friends)""]",False,False
1530808,frostleaf_(arknights),4,787,"[""frostleaf_(arknights)""]",False,False
1930563,nekomata_okayu_(3rd_costume),4,0,"[""nekomata_okayu_(3rd_costume)""]",False,False
1793084,seele_(honkai:_star_rail),4,943,"[""seele_(honkai:_star_rail)""]",False,False
1284579,bertolt_hoover_(shingeki_no_kyojin),4,741,"[""bertolt_hoover_(shingeki_no_kyojin)"", ""bertholt_fubar""]",False,False
1396665,medusa_(lancer)_(fate),4,724,"[""medusa_(lancer)_(fate)""]",False,False
1286003,alice_cartelet_(kin-iro_mosaic),4,704,"[""alice_cartelet_(kin-iro_mosaic)"", ""alice_carteret"", ""alice_cartalet""]",False,False
1368529,vyrn_(granblue_fantasy),4,728,"[""vyrn_(granblue_fantasy)"", ""vee_(granblue_fantasy)"", ""bii_(granblue_fantasy)""]",False,False
1733501,vertin_(reverse:1999),4,1737,"[""vertin_(reverse:1999)""]",False,False
1440310,eldridge_(azur_lane),4,699,"[""eldridge_(azur_lane)""]",False,False
1465798,morinaka_kazaki_(nijisanji),4,701,"[""morinaka_kazaki_(nijisanji)""]",False,False
1627881,skadi_(waverider)_(arknights),4,708,"[""skadi_(waverider)_(arknights)"", ""skadi_(riding_waves)_(arknights)""]",False,False
1885788,kamisato_ayaka_(springbloom_missive),4,834,"[""kamisato_ayaka_(springbloom_missive)""]",False,False
1480768,siro_(dennou_shoujo_youtuber_siro),4,0,"[""siro_(dennou_shoujo_youtuber_siro)""]",False,False
1606123,kon_kanaho_(idolmaster_cinderella_girls),4,866,"[""kon_kanaho_(idolmaster_cinderella_girls)""]",False,False
1532745,sothis_(fire_emblem),4,740,"[""sothis_(fire_emblem)"", ""sothis""]",False,False
1528696,nui_sociere_(bandori),4,868,"[""nui_sociere_(bandori)""]",False,False
1955335,saki_(swimsuit)_(blue_archive),4,939,"[""saki_(swimsuit)_(blue_archive)"", ""sorai_saki_(swimsuit)""]",False,False
1644971,hishi_amazon_(umamusume),4,866,"[""hishi_amazon_(umamusume)""]",False,False
1724570,adaman_(pokemon),4,832,"[""adaman_(pokemon)"", ""seki_(pokemon)""]",False,False
1326283,jeanne_d'arc_(granblue_fantasy),4,669,"[""jeanne_d'arc_(granblue_fantasy)""]",False,False
1396666,gilgamesh_(caster)_(fate),4,794,"[""gilgamesh_(caster)_(fate)""]",False,False
1419936,minato_yukina_(bandori),4,799,"[""minato_yukina_(bandori)""]",False,False
1631369,south_dakota_(kancolle),4,738,"[""south_dakota_(kancolle)"", ""south_dakota_(kantai_collection)""]",False,False
1645003,nishino_flower_(umamusume),4,840,"[""nishino_flower_(umamusume)""]",False,False
1325649,hacka_doll_3_(hacka_doll),4,696,"[""hacka_doll_3_(hacka_doll)""]",False,False
1535934,falin_thorden_(dungeon_meshi),4,0,"[""falin_thorden_(dungeon_meshi)""]",False,False
1643067,hinata_(blue_archive),4,1038,"[""hinata_(blue_archive)"", ""wakaba_hinata_(blue_archive)""]",False,False
1276394,yorita_yoshino_(idolmaster_cinderella_girls),4,744,"[""yorita_yoshino_(idolmaster_cinderella_girls)""]",False,False
664507,aiba_yumi_(idolmaster_cinderella_girls),4,702,"[""aiba_yumi_(idolmaster_cinderella_girls)""]",False,False
1631470,wakaba_(kancolle),4,670,"[""wakaba_(kancolle)"", ""wakaba_(kantai_collection)""]",False,False
1644969,fuji_kiseki_(umamusume),4,1132,"[""fuji_kiseki_(umamusume)""]",False,False
1645013,winning_ticket_(umamusume),4,1187,"[""winning_ticket_(umamusume)""]",False,False
1482584,xenovia_quarta_(high_school_dxd),4,660,"[""xenovia_quarta_(high_school_dxd)"", ""xenovia_(high_school_dxd)"", ""zenovia_(high_school_dxd)""]",False,False
1387119,kiyohime_(swimsuit_lancer)_(fate),4,671,"[""kiyohime_(swimsuit_lancer)_(fate)""]",False,False
1645012,tosen_jordan_(umamusume),4,961,"[""tosen_jordan_(umamusume)""]",False,False
1723652,aurora_(arknights),4,769,"[""aurora_(arknights)""]",False,False
1977084,baobhan_sith_(first_ascension)_(fate),4,1295,"[""baobhan_sith_(first_ascension)_(fate)""]",False,False
1284942,midway_princess_(kantai_collection),4,652,"[""midway_princess_(kantai_collection)"", ""midway_hime""]",False,False
722673,yukimura_aoi_(sengoku_basara),4,757,"[""yukimura_aoi_(sengoku_basara)""]",False,False
1386296,chabashira_tenko_(danganronpa),4,1008,"[""chabashira_tenko_(danganronpa)""]",False,False
466270,apollo_justice_(ace_attorney),4,768,"[""apollo_justice_(ace_attorney)"", ""odoroki_housuke""]",False,False
1504963,hoshina_hikaru_(star_twinkle_precure),4,693,"[""hoshina_hikaru_(star_twinkle_precure)""]",False,False
1322176,silva_(granblue_fantasy),4,663,"[""silva_(granblue_fantasy)""]",False,False
1538826,annette_fantine_dominic_(fire_emblem),4,761,"[""annette_fantine_dominic_(fire_emblem)"", ""annette_fantine_dominique""]",False,False
1692684,sakurako_(blue_archive),4,1242,"[""sakurako_(blue_archive)"", ""utazumi_sakurako""]",False,False
2069619,hina_(dress)_(blue_archive),4,1341,"[""hina_(dress)_(blue_archive)""]",False,False
1781831,jeanne_d'arc_(swimsuit_archer)_(second_ascension)_(fate),4,675,"[""jeanne_d'arc_(swimsuit_archer)_(second_ascension)_(fate)""]",False,False
2039803,murasaki_shion_(gothic_lolita),4,714,"[""murasaki_shion_(gothic_lolita)"", ""murasaki_shion_(5th_costume)""]",False,False
1622083,serina_(blue_archive),4,1003,"[""serina_(blue_archive)"", ""sumi_serina""]",False,False
1535933,laios_thorden_(dungeon_meshi),4,0,"[""laios_thorden_(dungeon_meshi)""]",False,False
1627784,valkyrie_(fate),4,707,"[""valkyrie_(fate)"", ""valkyrie_(fate/grand_order)""]",False,False
1567602,muelsyse_(arknights),4,1135,"[""muelsyse_(arknights)""]",False,False
1639075,jintsuu_kai_ni_(kancolle),4,1121,"[""jintsuu_kai_ni_(kancolle)""]",False,False
1523150,bokukawauso_(touhou),4,667,"[""bokukawauso_(touhou)""]",False,False
1255892,cure_lovely_(happinessCharge_precure!),4,653,"[""cure_lovely_(happinessCharge_precure!)""]",False,False
1600200,wuxian_(the_legend_of_luoxiaohei),4,658,"[""wuxian_(the_legend_of_luoxiaohei)""]",False,False
1686625,conte_di_cavour_(kancolle),4,781,"[""conte_di_cavour_(kancolle)""]",False,False
710628,asuna_(sao-alo),4,655,"[""asuna_(sao-alo)""]",False,False
1312417,muppo_(idolmaster),4,632,"[""muppo_(idolmaster)""]",False,False
1513963,shirayuki_chiyo_(idolmaster_cinderella_girls),4,750,"[""shirayuki_chiyo_(idolmaster_cinderella_girls)""]",False,False
1904760,hishi_miracle_(umamusume),4,1192,"[""hishi_miracle_(umamusume)""]",False,False
1630702,hamanami_(kancolle),4,678,"[""hamanami_(kancolle)"", ""hamanami_(kantai_collection)""]",False,False
1931154,uruha_rushia_(3rd_costume),4,645,"[""uruha_rushia_(3rd_costume)""]",False,False
1763341,fuyutsuki_(kancolle),4,799,"[""fuyutsuki_(kancolle)""]",False,False
1420746,udagawa_tomoe_(bandori),4,658,"[""udagawa_tomoe_(bandori)""]",False,False
1608817,junko_(blue_archive),4,825,"[""junko_(blue_archive)"", ""akashi_junko""]",False,False
1886371,cure_sky_(hirogaru_sky_precure!),4,1061,"[""cure_sky_(hirogaru_sky_precure!)""]",False,False
2034651,eimi_(swimsuit)_(blue_archive),4,800,"[""eimi_(swimsuit)_(blue_archive)""]",False,False
1251357,diamond_(houseki_no_kuni),4,677,"[""diamond_(houseki_no_kuni)""]",False,False
1598263,neko_(minato_aqua),4,811,"[""neko_(minato_aqua)""]",False,False
788671,bottle_miku_(vocaloid),4,680,"[""bottle_miku_(vocaloid)""]",False,False
1639085,kinugasa_kai_ni_(kancolle),4,787,"[""kinugasa_kai_ni_(kancolle)""]",False,False
1423117,sakuramori_kaori_(idolmaster),4,733,"[""sakuramori_kaori_(idolmaster)""]",False,False
1645000,nakayama_festa_(umamusume),4,993,"[""nakayama_festa_(umamusume)""]",False,False
1319286,yoshikawa_yuuko_(idolmaster_cinderella_girls),4,761,"[""yoshikawa_yuuko_(idolmaster_cinderella_girls)""]",False,False
1630664,fujinami_(kancolle),4,701,"[""fujinami_(kancolle)"", ""fujinami_(kantai_collection)""]",False,False
1340823,asirpa_(golden_kamuy),4,843,"[""asirpa_(golden_kamuy)""]",False,False
2024289,shuro_(blue_archive),4,870,"[""shuro_(blue_archive)"", ""yabuki_shuro""]",False,False
1759963,aston_machan_(umamusume),4,1034,"[""aston_machan_(umamusume)""]",False,False
1504669,tsujino_akari_(idolmaster_cinderella_girls),4,737,"[""tsujino_akari_(idolmaster_cinderella_girls)""]",False,False
1533772,uzuki_sayaka_(idolmaster_cinderella_girls),4,607,"[""uzuki_sayaka_(idolmaster_cinderella_girls)""]",False,False
1533771,kumada_masaru_(idolmaster_cinderella_girls),4,600,"[""kumada_masaru_(idolmaster_cinderella_girls)""]",False,False
